PERCENT_COMMENTS,PARAMETER_COUNT,LOC_COMMENTS,LOC_CODE_AND_COMMENT,NUM_UNIQUE_OPERANDS,NUM_UNIQUE_OPERATORS,BRANCH_COUNT,LOC_EXECUTABLE,HALSTEAD_CONTENT,LOC_TOTAL,DESIGN_DENSITY,CALL_PAIRS,NODE_COUNT,NUMBER_OF_LINES,HALSTEAD_LENGTH,MAINTENANCE_SEVERITY,HALSTEAD_DIFFICULTY,NUM_OPERATORS,DECISION_COUNT,CONDITION_COUNT,Defective
82.4,4,0,14,9,14,7,3,14.3,17,0.3,1,12,20,91,0.3,28.8,54,6,12,N
82.4,5,0,14,10,14,7,3,16,17,0.5,2,13,20,95,0.3,27.3,56,6,12,N
80,3,0,4,3,7,7,1,8.1,5,0.3,0,10,8,17,0.3,7,11,6,12,N
50,3,0,1,2,5,3,1,7.9,2,0.5,0,5,4,7,0.5,2.5,5,2,4,N
93.8,3,14,1,2,5,3,1,7.9,2,0.5,0,5,18,7,0.5,2.5,5,2,4,N
71.4,3,0,5,4,9,3,2,7.1,7,1,1,7,10,26,0.5,13.5,14,2,4,N
71.4,4,0,5,5,9,3,2,9.1,7,1,1,7,11,30,0.5,12.6,16,2,4,N
0,4,0,0,3,5,3,2,10.8,2,0.5,0,6,5,12,0.5,3.3,8,2,4,N
0,4,0,0,3,5,3,2,10.8,2,0.5,0,6,5,12,0.5,3.3,8,2,4,N
0,4,0,0,3,5,3,2,10.8,2,0.5,0,6,5,12,0.5,3.3,8,2,4,N
87.1,5,1,26,19,13,7,4,31.4,30,1,6,19,34,116,1,18.5,62,6,12,N
87.1,4,1,26,18,14,7,4,27.8,30,0.8,5,17,34,108,1,19.4,58,6,12,N
84.6,5,1,21,15,14,7,4,22.2,25,1,3,15,30,94,1,20.5,50,6,12,N
84.6,4,1,21,14,15,7,4,19.5,25,0.5,2,13,29,86,1,21.4,46,6,12,N
75,2,0,6,5,8,3,2,9.9,8,1,2,7,11,30,0.5,11.2,16,2,4,N
75,3,0,6,6,8,3,2,12.1,8,1,2,7,11,36,0.5,11.3,19,2,4,N
75,2,0,6,4,7,3,2,8.8,8,0.5,0,6,10,20,0.5,7.9,11,2,4,N
83.3,7,0,10,15,10,3,2,32.7,12,1,6,10,17,75,0.5,10.7,43,2,4,N
83.3,8,0,10,16,10,3,2,35,12,1,6,10,18,79,0.5,10.6,45,2,4,N
92.3,4,0,12,16,11,5,1,27.7,13,0.7,6,16,18,80,0.3,13.8,40,4,8,N
81.8,2,0,9,8,10,3,2,13.9,11,1,3,9,14,50,0.5,15,26,2,4,N
81.8,3,0,9,9,10,3,2,15.8,11,1,3,9,14,58,0.5,15.6,30,2,4,N
75,2,0,3,6,11,5,1,9.3,4,0.7,2,11,6,25,0.3,11,13,4,8,N
75,3,0,3,7,11,5,1,11,4,0.7,2,11,7,27,0.3,10.2,14,4,8,N
77.8,3,0,7,6,9,3,2,12,9,1,2,6,12,30,0.5,9.8,17,2,4,N
77.8,4,0,7,7,8,3,2,15.5,9,1,3,7,12,34,0.5,8.6,19,2,4,N
86.4,5,1,18,14,13,5,3,22.5,21,0.7,4,13,26,68,0.3,14.4,37,4,8,N
86.4,4,1,18,13,14,5,3,19.4,21,0.7,3,12,26,66,0.3,16.1,36,4,8,N
83.3,5,1,14,10,13,5,3,15.1,17,0.7,1,10,23,50,0.3,15,27,4,8,N
83.3,4,1,14,9,12,5,3,14.4,17,0.3,0,9,22,48,0.3,14.7,26,4,8,N
80,5,0,8,10,14,5,2,15.4,10,0.7,1,9,13,40,1,11.9,23,4,8,N
77.8,4,0,7,9,14,5,2,13.8,9,0.7,1,9,12,38,1,12.4,22,4,8,N
92.9,3,0,13,3,5,11,1,8.8,14,0.2,0,16,16,39,0.2,13.3,23,10,20,N
92.9,4,0,13,4,6,11,1,10.3,14,0.7,1,21,16,49,0.2,15.8,28,10,20,N
85.4,8,0,35,26,13,9,6,43.4,41,0.8,10,27,46,199,0.6,24.3,102,6,14,N
85.4,9,0,35,27,13,9,6,45.3,41,0.8,10,27,46,211,0.6,24.8,108,6,14,N
80,5,0,16,7,14,13,4,11.6,20,0.7,1,20,26,92,1,35,57,12,24,N
80,6,0,16,8,13,13,4,14.1,20,1,2,21,27,94,1,29.3,58,12,24,N
83.3,4,2,8,9,11,3,2,14.4,10,1,2,8,16,63,0.5,18.9,32,2,4,N
83.3,5,2,8,10,11,3,2,16.2,10,1,2,8,17,67,0.5,18.2,34,2,4,N
85.7,5,2,10,10,9,3,2,18.5,12,1,2,8,18,49,0.5,11.3,24,2,4,N
85.7,6,2,10,11,9,3,2,20.8,12,1,2,8,18,55,0.5,11.5,27,2,4,N
87.9,5,0,29,21,16,11,4,29,33,0.7,8,27,38,161,0.5,29,85,8,18,N
87.9,6,0,29,22,15,11,4,32.3,33,0.8,9,28,38,171,0.5,27.6,90,8,18,N
83.3,4,0,10,11,14,5,2,16.7,12,0.7,3,11,15,55,0.3,15.3,31,4,8,N
83.3,5,0,10,12,14,5,2,18.2,12,0.7,3,11,15,61,0.3,15.8,34,4,8,N
83.3,4,0,5,9,8,5,1,19.3,6,0.7,4,12,9,42,0.3,8.9,22,4,8,N
83.3,5,0,5,10,8,5,1,21.7,6,1,5,13,9,50,0.3,9.6,26,4,8,N
87.5,7,0,14,12,14,11,2,18.7,16,0.7,4,18,22,81,0.7,20.4,46,8,18,N
87.5,6,0,14,11,15,11,2,16.2,16,0.5,3,17,22,73,0.7,21.1,42,8,18,N
77.8,4,0,7,7,12,5,2,12.5,9,0.3,0,7,12,53,1,18,32,2,6,N
77.8,5,0,7,8,13,5,2,13.5,9,0.7,1,8,12,55,1,17.9,33,2,6,N
76.5,3,0,13,10,14,5,4,15.1,17,1,3,10,20,67,0.3,20.3,38,4,8,N
76.5,4,0,13,11,14,5,4,16.6,17,1,3,10,20,75,0.3,21,42,4,8,N
75,3,0,3,7,12,5,1,10.6,4,0.7,2,11,7,32,0.3,12.9,17,4,8,N
83.3,2,0,5,4,11,7,1,7.5,6,0.5,1,9,9,21,1,11,13,4,10,N
50,2,0,1,3,8,3,1,6.8,2,1,1,6,5,13,0.5,6.7,8,2,4,N
75,4,0,9,5,10,7,3,9.5,12,0.5,1,15,15,34,0.8,14,20,6,12,N
80,4,0,4,7,8,3,1,14.1,5,1,3,8,9,31,0.5,8.6,16,2,4,N
80,7,0,16,12,10,7,4,23.3,20,0.8,4,14,27,87,0.8,16.7,47,4,10,N
85.7,5,0,12,7,12,5,2,11,14,0.3,0,9,17,49,0.3,18.9,27,4,8,N
88,7,3,19,14,18,11,3,17.9,22,0.3,3,21,29,85,0.8,23.8,48,10,20,N
88,6,3,19,13,17,11,3,17.1,22,0.2,2,20,29,82,0.8,23.5,46,10,20,N
88.9,5,4,20,13,19,13,3,15,23,0.1,2,18,30,79,1,26.3,43,10,22,N
88.9,6,4,20,14,20,13,3,15.8,23,0.3,3,19,31,82,1,26.4,45,10,22,N
90.9,5,0,10,13,9,3,1,29.4,11,1,5,9,16,57,0.5,8.7,32,2,4,N
84.4,8,0,38,22,19,15,7,28.7,45,0.5,7,31,52,183,0.5,34.1,104,12,26,N
87.5,4,1,6,11,7,3,1,26.9,7,1,5,10,13,41,0.5,6.4,21,2,4,N
81.8,4,0,9,12,10,3,2,25.4,11,1,6,10,15,64,0.5,11.3,37,2,4,N
81.8,5,0,9,13,10,3,2,27.6,11,1,6,10,15,68,0.5,11.2,39,2,4,N
80,5,0,12,13,11,3,3,23.8,15,1,3,9,19,99,0.5,19,54,2,4,N
82.4,6,0,14,14,11,3,3,25.8,17,1,3,9,21,109,0.5,19.6,59,2,4,N
66.7,3,0,2,5,7,3,1,10.2,3,1,1,8,6,16,0.5,5.6,8,2,4,N
66.7,4,0,2,6,7,3,1,12.7,3,1,1,8,7,18,0.5,5.3,9,2,4,N
77.8,2,0,7,3,7,3,2,7.7,9,0.5,0,6,11,27,0.5,11.7,17,2,4,N
77.8,3,0,7,4,8,3,2,9.5,9,1,1,7,11,29,0.5,11,18,2,4,N
80,3,0,8,5,13,9,2,8.8,10,0.4,1,15,14,41,0.6,19.5,26,8,16,N
80,4,0,8,6,13,9,2,10.4,10,1,2,17,14,45,0.6,18.4,28,8,16,N
80,3,0,4,3,9,5,1,7.7,5,0.3,0,7,8,29,0.3,13.5,20,4,8,N
80,4,0,4,4,12,5,1,8.5,5,0.7,1,8,10,32,0.3,15,22,4,8,N
75,5,0,9,5,12,5,3,10,12,0.7,1,8,16,38,0.3,15.6,25,4,8,N
75,4,0,9,4,9,5,3,9.6,12,0.3,0,7,15,35,0.3,13.5,23,4,8,N
85.7,5,1,17,14,13,5,3,22.5,20,0.7,4,13,25,68,0.3,14.4,37,4,8,N
86.4,4,1,18,13,14,5,3,19.4,21,0.7,3,12,26,66,0.3,16.1,36,4,8,N
82.4,5,1,13,10,13,5,3,15.1,16,0.7,1,10,22,50,0.3,15,27,4,8,N
83.3,4,1,14,9,12,5,3,14.4,17,0.3,0,9,22,48,0.3,14.7,26,4,8,N
50,1,0,1,2,6,3,1,5,2,0.5,0,6,4,10,0.5,6,6,2,4,N
75,1,0,3,7,9,5,1,14.4,4,1,4,12,6,30,0.3,8.4,17,4,8,N
77.8,2,0,7,3,10,7,2,5.7,9,0.3,0,11,11,31,1,20,19,6,12,N
77.8,3,0,7,4,12,7,2,6.8,9,0.5,1,12,12,33,1,19.5,20,6,12,N
83.3,2,4,6,9,11,3,2,19.8,8,1,2,7,14,28,0.5,6.1,18,2,4,N
83.3,2,4,6,9,11,3,2,19.8,8,1,2,7,14,28,0.5,6.1,18,2,4,N
91.7,3,6,5,13,14,5,1,24.1,6,1,7,16,17,60,0.3,11.9,38,4,8,N
66.7,1,0,2,6,6,3,1,16.7,3,1,4,9,5,21,0.5,4.5,12,2,4,N
75,3,0,3,10,11,3,1,19.7,4,1,5,10,9,37,0.5,8.3,22,2,4,N
66.7,1,0,2,6,9,3,1,13.4,3,1,2,6,5,18,0.5,5.3,11,2,4,N
66.7,1,0,2,6,9,3,1,13.4,3,1,2,6,5,18,0.5,5.3,11,2,4,N
66.7,1,0,2,5,9,3,1,10.2,3,1,2,8,5,24,0.5,9,14,2,4,N
88.9,4,2,6,16,15,5,1,23.9,7,0.7,7,15,15,61,0.3,12.7,34,4,8,N
87.5,2,2,5,11,10,3,1,20.9,6,1,5,9,12,39,0.5,8.2,21,2,4,N
80,3,0,4,8,10,3,1,19.4,5,1,4,10,9,29,0.5,6.3,19,2,4,N
85.7,3,2,4,10,10,3,1,19.5,5,1,4,8,12,36,0.5,8,20,2,4,N
85.7,3,2,4,11,13,5,1,17.8,5,1,4,11,12,39,0.3,10.1,22,4,8,N
83.3,0,2,3,3,6,3,1,11.1,4,1,6,11,8,14,0.5,4,10,2,4,N
83.3,1,2,3,5,8,5,1,13.2,4,1,7,13,8,20,1,5.6,13,2,6,N
50,3,0,1,3,8,7,1,7.1,2,0.3,0,7,4,22,0.8,10.7,14,2,10,N
50,2,0,1,3,6,1,1,9.5,2,1,1,3,5,9,1,3,6,2,4,N
66.7,3,0,2,5,11,3,1,9.1,3,0.5,1,6,6,20,0.5,8.8,12,2,6,N
66.7,4,0,2,6,9,3,1,12,3,1,2,6,6,23,0.5,7.5,13,2,6,N
75,1,0,6,8,12,5,2,16.5,8,1,6,13,10,43,1,11.3,28,2,6,N
92.3,3,4,8,15,17,7,1,19.6,9,0.5,5,17,18,60,0.3,15.3,33,6,12,N
85,3,0,34,15,15,17,6,24.8,40,0.3,2,29,44,116,0.3,23,70,16,32,N
80,3,0,4,11,11,3,1,20.2,5,1,4,9,9,34,0.5,7.5,19,2,4,N
66.7,3,0,2,3,8,3,1,8.3,3,0.5,0,5,6,16,0.5,6.7,11,2,4,N
66.7,3,0,2,3,8,3,1,8.3,3,0.5,0,5,7,16,0.5,6.7,11,2,4,N
66.7,4,0,2,4,8,5,1,10,3,0.3,0,7,5,14,0.3,5,9,4,8,N
66.7,4,0,2,4,8,5,1,10,3,0.7,1,8,6,14,0.3,5,9,4,8,N
50,0,0,1,3,7,3,1,7.8,2,0.5,1,7,4,11,0.5,4.7,7,2,4,N
66.7,2,0,4,3,6,3,2,8.2,6,1,1,6,8,13,0.5,5,8,2,4,N
75,1,0,3,2,12,3,1,7.2,4,0.5,0,5,6,17,0.5,9,14,2,4,N
50,0,0,1,3,7,3,1,9.3,2,1,2,7,4,13,0.5,4.7,9,2,4,N
80,1,0,4,9,11,7,1,18,5,0.5,2,11,7,33,0.3,7.9,20,6,12,N
50,3,0,1,3,7,3,1,7.8,2,0.5,0,5,4,11,0.5,4.7,7,2,4,N
66.7,3,0,2,4,9,3,1,9.9,3,0.5,0,5,5,15,0.5,5.6,10,2,4,N
80,2,4,12,12,16,9,4,18.2,16,1,3,21,24,53,1,14,32,8,16,N
85.3,2,1,28,13,22,13,5,16.7,33,0.7,4,32,37,99,1,30.5,63,6,18,N
75,3,0,3,3,8,5,1,6.9,4,0.3,0,6,6,16,1,8,10,2,6,N
77.8,4,0,7,7,9,3,2,13.2,9,1,1,8,14,36,0.5,10.9,19,2,4,N
77.8,5,0,7,8,9,3,2,15.3,9,1,1,8,15,40,0.5,10.7,21,2,4,N
76.5,2,1,12,12,13,9,4,20.8,16,1,3,20,21,46,1,10.3,27,8,16,N
77.8,2,1,6,9,10,7,2,17.3,8,1,3,16,13,34,1,8.3,19,6,12,N
77.8,4,0,7,6,10,5,2,11.8,9,0.7,1,9,12,27,1,9.2,16,4,8,N
77.8,5,0,7,8,10,5,2,15.9,9,0.7,2,10,13,31,1,8.1,18,4,8,N
66.7,3,0,2,3,10,5,1,6.3,3,0.7,1,7,5,17,1,10,11,2,6,N
79,2,2,13,15,17,11,4,20.1,17,0.7,4,25,23,57,0.8,14.2,32,10,20,N
81.8,2,2,7,12,14,9,2,17.3,9,1,4,21,15,45,0.8,12.3,24,8,16,N
81.8,2,0,9,10,14,7,2,14.4,11,1,4,20,14,46,1,14.7,25,6,12,N
80,2,0,12,12,18,7,3,14.8,15,0.5,5,25,18,70,0.8,23.3,39,6,12,N
81.8,2,0,9,10,16,7,2,12.5,11,1,4,20,14,49,1,18.4,26,6,12,N
75,1,0,3,6,8,3,1,12.1,4,0.5,2,8,6,17,0.5,5.3,9,2,4,N
66.7,3,0,2,3,8,3,1,7.3,3,1,1,6,5,14,0.5,6.7,9,2,4,N
50,3,0,1,3,8,3,1,7.8,2,1,1,6,4,12,0.5,5.3,8,2,4,N
66.7,3,0,2,4,10,3,1,9.8,3,1,1,6,5,16,0.5,6.3,11,2,4,N
80,2,0,4,6,13,3,1,11.8,5,0.5,1,6,7,30,0.5,10.8,20,2,4,N
87,3,2,18,9,12,9,3,18.1,21,0.8,5,19,25,63,0.8,15.3,40,8,16,N
92,3,8,15,10,20,5,2,14.3,17,0.7,7,18,29,73,0.3,25,48,4,8,N
81.8,4,0,9,5,12,9,2,9.5,11,0.2,0,12,14,39,0.8,16.8,25,6,14,N
81.8,5,0,9,6,12,9,2,11.2,11,0.6,1,14,14,43,0.8,16,27,6,14,N
75,3,0,3,6,9,5,1,11.7,4,0.7,3,8,8,27,0.3,9,15,2,6,N
75,4,0,3,7,9,5,1,13.9,4,0.7,3,8,8,29,0.3,8.4,16,2,6,N
85.7,4,2,4,14,13,7,1,24.5,5,1,6,15,13,55,0.8,10.7,32,4,10,N
89.5,3,0,17,13,14,8,2,24.2,19,0.3,1,12,22,52,0.2,10.2,33,2,4,N
50,1,0,1,4,5,5,1,11.8,2,1,3,8,4,14,0.3,3.8,8,2,8,N
50,1,0,1,3,5,3,1,9,2,1,2,6,4,10,0.5,3.3,6,2,6,N
50,1,0,1,3,5,3,1,9,2,0.5,0,5,4,10,0.5,3.3,6,2,6,N
50,2,0,1,3,8,1,1,11.2,2,1,1,3,4,13,1,4,10,2,4,N
75,0,0,3,5,8,7,1,10.9,4,0.3,0,13,6,26,0.3,8.8,15,6,12,N
80,1,0,4,8,11,7,1,16.5,5,0.3,1,12,7,32,0.3,8.3,20,6,12,N
80,1,0,4,9,12,7,1,17.7,5,0.3,1,12,7,35,0.3,8.7,22,6,12,N
50,1,0,1,3,6,3,1,7.9,2,0.5,0,5,4,10,0.5,4,6,2,6,N
83.3,1,0,5,7,7,9,1,19.3,6,0.2,1,15,8,33,0.2,6.5,20,8,16,N
85.7,1,0,6,8,7,11,1,22.3,7,0.2,1,18,9,40,0.2,7,24,10,20,N
75,1,0,3,7,10,5,1,15.9,4,0.3,1,9,6,25,0.3,6.4,16,4,8,N
83.3,1,0,5,7,7,9,1,19.3,6,0.2,1,15,8,33,0.2,6.5,20,8,16,N
66.7,1,0,2,10,11,3,1,21.8,3,0.5,1,6,5,30,0.5,6.1,19,2,4,N
71.4,4,0,5,6,11,11,2,12.4,7,0.2,0,14,10,39,0.8,12.8,25,8,20,N
71.4,5,0,5,7,12,11,2,13.3,7,0.5,1,16,11,43,0.8,13.7,27,8,20,N
0,2,0,0,2,4,3,0,7.8,0,0.5,0,5,1,6,0.5,2,4,2,6,N
0,1,0,0,1,4,1,0,5.8,0,1,0,2,1,5,1,2,4,2,4,N
0,2,0,0,2,4,3,0,7.8,0,0.5,0,5,1,6,0.5,2,4,2,6,N
75,2,0,3,6,9,3,1,12,4,1,3,7,6,23,0.5,7.5,13,2,4,N
75,3,0,3,7,9,3,1,14.1,4,1,3,7,7,25,0.5,7.1,14,2,4,N
80,2,0,4,2,5,3,1,6.2,5,0.5,0,6,7,11,0.5,5,7,2,4,N
50,3,0,1,3,6,3,1,7,2,0.5,1,7,4,11,0.5,5,6,2,4,N
83.3,2,0,5,3,11,7,1,5.1,6,0.3,0,10,8,27,0.3,20.2,16,6,12,N
83.3,3,0,5,4,12,7,1,6.4,6,0.5,1,11,9,29,0.3,18,17,6,12,N
50,2,0,1,2,5,3,1,5.1,2,0.5,0,6,4,9,0.5,5,5,2,4,N
50,2,0,1,2,5,3,1,5.1,2,0.5,0,6,4,9,0.5,5,5,2,4,N
77.8,5,0,7,6,13,7,2,10.8,9,0.3,1,11,13,47,0.8,18.4,30,4,10,N
77.8,6,0,7,7,12,7,2,13.5,9,0.5,2,12,13,49,0.8,15.4,31,4,10,N
80,2,0,4,2,5,3,1,6.2,5,0.5,0,6,7,11,0.5,5,7,2,4,N
50,3,0,1,3,6,3,1,7,2,0.5,1,7,4,11,0.5,5,6,2,4,N
83.3,2,0,5,3,11,7,1,5.1,6,0.3,0,10,8,27,0.3,20.2,16,6,12,N
83.3,3,0,5,4,12,7,1,6.4,6,0.5,1,11,9,29,0.3,18,17,6,12,N
50,2,0,1,2,5,3,1,5.1,2,0.5,0,6,4,9,0.5,5,5,2,4,N
50,2,0,1,2,5,3,1,5.1,2,0.5,0,6,4,9,0.5,5,5,2,4,N
75,3,0,6,4,10,5,2,8.1,8,0.3,0,7,12,24,1,11.3,15,2,6,N
75,4,0,6,5,10,5,2,10.2,8,0.7,1,8,13,26,1,10,16,2,6,N
84.6,2,1,21,9,15,11,4,13.9,25,0.5,2,23,29,76,0.8,25,46,10,20,N
84.6,3,1,21,10,13,11,4,17.2,25,0.8,3,25,29,79,0.8,20.8,47,10,20,N
66.7,3,0,2,5,8,3,1,11,3,1,2,6,6,19,0.5,6.4,11,2,4,N
66.7,4,0,2,6,8,3,1,13.3,3,1,2,6,6,21,0.5,6,12,2,4,N
50,2,0,1,2,6,1,1,8,2,1,0,2,4,8,1,3,6,2,4,N
50,2,0,1,6,7,3,1,14.8,2,0.5,2,8,6,14,0.5,3.5,8,2,4,N
50,2,0,1,6,7,3,1,14.8,2,0.5,2,8,6,14,0.5,3.5,8,2,4,N
50,2,0,1,2,6,1,1,8,2,1,0,2,4,8,1,3,6,2,4,N
50,2,0,1,2,6,1,1,8,2,1,0,2,4,8,1,3,6,2,4,N
75,1,0,3,7,9,3,1,16.3,4,1,3,7,6,21,0.5,5.1,13,2,4,N
66.7,1,0,2,7,10,5,1,14.3,3,1,3,11,5,25,0.3,7.1,15,4,8,N
87.5,2,0,14,11,13,3,2,20.4,16,0.5,6,16,19,92,0.5,20.7,57,2,4,N
50,2,0,1,5,7,3,1,12.3,2,0.5,1,7,6,12,0.5,3.5,7,2,4,N
50,2,0,1,6,7,3,1,14.8,2,0.5,2,8,6,14,0.5,3.5,8,2,4,N
50,2,0,1,6,7,3,1,14.8,2,0.5,2,8,6,14,0.5,3.5,8,2,4,N
50,2,0,1,2,9,5,1,5.9,2,0.3,0,6,4,23,0.3,13.5,17,2,8,N
90.9,2,0,10,8,15,11,1,12,11,1,5,31,14,82,0.2,30.9,49,10,20,N
50,2,0,1,6,7,3,1,14.8,2,0.5,2,8,6,14,0.5,3.5,8,2,4,N
50,2,0,1,6,7,3,1,14.8,2,0.5,2,8,6,14,0.5,3.5,8,2,4,N
50,2,0,1,2,6,1,1,8,2,1,0,2,4,8,1,3,6,2,4,N
50,2,0,1,2,6,1,1,8,2,1,0,2,4,8,1,3,6,2,4,N
80,1,2,14,14,16,7,4,25.8,18,1,13,25,22,81,0.3,15.4,54,6,12,N
83.3,2,4,1,3,8,1,1,11.2,2,1,1,3,8,13,1,4,10,2,4,N
50,2,0,1,5,7,3,1,12.3,2,0.5,1,7,6,12,0.5,3.5,7,2,4,N
50,2,0,1,6,7,3,1,14.8,2,0.5,2,8,6,14,0.5,3.5,8,2,4,N
50,2,0,1,6,7,3,1,14.8,2,0.5,2,8,6,14,0.5,3.5,8,2,4,N
66.7,2,0,2,3,7,7,1,8.5,3,0.3,0,7,6,24,0.8,9.3,16,2,10,N
50,2,0,1,2,6,3,1,7,2,0.5,0,5,4,14,0.5,6,10,2,6,N
50,2,0,1,6,7,3,1,14.8,2,0.5,2,8,6,14,0.5,3.5,8,2,4,N
50,2,0,1,6,7,3,1,14.8,2,0.5,2,8,6,14,0.5,3.5,8,2,4,N
50,2,0,1,6,7,3,1,14.8,2,0.5,2,8,6,14,0.5,3.5,8,2,4,N
50,2,0,1,6,7,3,1,14.8,2,0.5,2,8,6,14,0.5,3.5,8,2,4,N
50,2,0,1,2,6,1,1,8,2,1,0,2,4,8,1,3,6,2,4,N
50,2,0,1,2,6,1,1,8,2,1,0,2,4,8,1,3,6,2,4,N
88.2,2,3,12,8,11,11,2,15.5,14,0.8,5,20,20,60,1,16.5,36,4,14,N
75,1,0,3,3,7,3,1,9.7,4,0.5,0,5,6,17,0.5,5.8,12,2,4,N
66.7,3,0,2,5,8,3,1,11,3,1,2,6,7,19,0.5,6.4,11,2,4,N
66.7,4,0,2,6,8,3,1,13.3,3,1,2,6,7,21,0.5,6,12,2,4,N
80,4,0,4,7,7,3,1,15.9,5,1,3,8,9,25,0.5,6,13,2,4,N
80,5,0,4,8,7,3,1,18.6,5,1,3,8,9,27,0.5,5.7,14,2,4,N
84,3,0,21,5,13,15,4,9.1,25,0.6,2,26,28,57,1,26,37,14,28,N
66.7,2,0,2,4,8,3,1,8.7,3,1,2,6,5,17,0.5,7,10,2,4,N
66.7,3,0,2,5,8,3,1,11,3,1,2,6,6,19,0.5,6.4,11,2,4,N
77.8,2,0,7,8,10,5,2,12.9,9,0.3,1,11,11,27,0.3,8.8,13,4,8,N
80,2,0,8,9,11,7,2,14.1,10,0.5,2,15,12,34,0.3,10.4,17,6,12,N
84.6,2,1,21,9,15,11,4,13.9,25,0.5,2,23,29,76,0.8,25,46,10,20,N
84.6,3,1,21,10,13,11,4,17.2,25,0.8,3,25,29,79,0.8,20.8,47,10,20,N
75,2,0,3,5,8,3,1,10.8,4,1,3,7,6,21,0.5,7.2,12,2,4,N
75,3,0,3,6,8,3,1,13.1,4,1,3,7,7,23,0.5,6.7,13,2,4,N
0,1,0,0,3,8,3,0,7.8,0,1,1,6,2,12,0.5,5.3,8,2,4,N
75,3,0,3,6,12,5,1,8.9,4,0.7,2,11,7,30,0.3,14,16,4,8,N
80,1,0,4,4,9,5,1,8,5,0.7,1,7,7,17,1,7.9,10,2,6,N
85.7,1,0,6,4,10,9,1,7.9,7,0.8,2,13,9,31,1,15,19,4,12,N
80,1,0,4,4,9,5,1,8,5,0.7,1,7,7,17,1,7.9,10,2,6,N
85.7,1,0,6,4,10,9,1,7.9,7,0.8,2,13,9,31,1,15,19,4,12,N
90,2,0,9,10,11,5,1,17.1,10,0.3,0,9,12,30,1,7.7,16,4,8,N
75,3,0,3,6,9,3,1,10.8,4,1,2,7,7,29,0.5,10.5,15,2,4,N
80,2,0,4,9,11,3,1,17.2,5,1,5,10,7,34,0.5,8.6,20,2,4,N
71.4,4,0,5,4,9,5,2,9.9,7,0.3,0,8,10,24,0.3,9,16,4,8,N
71.4,4,0,5,4,11,5,2,8.9,7,0.7,1,9,10,25,0.3,11,17,4,8,N
75,3,0,3,6,9,3,1,10.8,4,1,2,7,7,29,0.5,10.5,15,2,4,N
73.3,4,0,11,9,11,9,4,17.5,15,0.8,4,13,18,42,0.8,10.4,25,6,14,N
66.7,4,0,4,4,9,5,2,8.9,6,0.3,0,8,9,19,0.3,7.9,12,4,8,N
91.4,6,22,31,30,21,29,5,39.5,36,0.9,20,64,66,234,0.7,33.6,138,18,46,N
71.4,5,0,5,5,10,5,2,10.9,7,0.3,0,9,11,25,0.3,9,16,4,8,N
80,5,0,8,5,10,5,2,11.7,10,0.7,1,10,14,30,0.3,10,20,4,8,N
66.7,4,0,4,4,9,5,2,8.9,6,0.7,1,9,9,19,0.3,7.9,12,4,8,N
50,1,0,1,3,5,3,1,9,2,1,2,6,4,10,0.5,3.3,6,2,4,N
85.7,2,1,5,9,13,7,1,14.4,6,1,4,14,9,35,0.3,10.8,20,6,12,N
66.7,3,0,2,3,9,3,1,7.7,3,0.5,0,5,7,16,0.5,7.5,11,2,4,N
81,2,2,15,14,18,11,4,18.7,19,0.7,4,27,25,65,0.8,17.4,38,10,20,N
80,3,4,4,6,9,5,2,12.2,6,0.7,3,8,13,28,0.3,9,16,2,6,N
78.6,5,0,11,6,13,9,3,11.3,14,0.2,1,13,18,49,0.6,18.4,32,6,14,N
78.6,6,0,11,7,12,9,3,13.8,14,0.6,2,15,18,53,0.6,16.3,34,6,14,N
78.6,5,0,11,5,11,9,3,11.2,14,0.2,0,12,18,43,0.6,15.4,29,6,14,N
78.6,6,0,11,6,12,9,3,12.3,14,0.6,1,14,18,47,0.6,16,31,6,14,N
78.6,5,0,11,6,13,9,3,11.2,14,0.2,1,14,20,60,0.6,22.8,39,6,14,N
78.6,6,0,11,7,12,9,3,13.8,14,0.6,2,16,20,64,0.6,19.7,41,6,14,N
78.6,5,0,11,6,13,9,3,11.6,14,0.2,1,14,18,65,0.6,23.8,43,6,14,N
78.6,6,0,11,7,12,9,3,14.3,14,0.6,2,16,18,69,0.6,20.6,45,6,14,N
50,1,0,1,3,6,3,1,7.9,2,0.5,0,6,5,10,0.5,4,6,2,4,N
50,1,0,1,3,6,3,1,7,2,1,1,6,5,11,0.5,5,6,2,4,N
66.7,2,0,4,4,8,3,2,9,6,1,2,6,8,20,0.5,8,12,2,4,N
66.7,3,0,4,5,8,3,2,11.1,6,1,2,6,8,24,0.5,8,14,2,4,N
50,2,0,1,4,8,3,1,8.4,2,1,1,6,4,14,0.5,6,8,2,4,N
50,3,0,1,5,8,3,1,10.6,2,1,1,6,5,16,0.5,5.6,9,2,4,N
66.7,2,0,4,5,8,3,2,11.3,6,1,3,7,9,22,0.5,7.2,13,2,4,N
66.7,3,0,4,6,8,3,2,13.7,6,1,3,7,9,24,0.5,6.7,14,2,4,N
90.9,1,0,10,8,15,11,1,12,11,1,5,31,13,82,0.2,30.9,49,10,20,N
88.2,1,3,12,8,11,11,2,15.5,14,0.8,5,20,19,60,1,16.5,36,4,14,N
93.1,4,10,57,37,31,35,5,31.6,62,0.4,15,67,75,222,0.4,42.7,120,24,54,N
66.7,1,0,2,3,4,3,1,12.6,3,0.5,0,6,5,9,0.5,2,6,2,4,N
90,3,0,18,19,15,17,2,27.9,20,0.9,15,38,23,93,0.1,17,50,16,32,N
90,3,0,18,20,15,17,2,29.5,20,0.9,15,38,23,97,0.1,16.9,52,16,32,N
83.3,3,0,5,9,14,9,1,13.2,6,0.6,2,15,8,43,0.6,14.8,24,6,14,N
75,3,0,3,7,8,3,1,16,4,1,1,8,6,21,0.5,5.1,12,2,4,N
75,1,0,3,5,8,3,1,13.1,4,1,2,7,6,17,0.5,4.8,11,2,4,N
81.8,3,0,9,8,13,7,2,11.8,11,0.8,2,14,13,46,0.3,17.1,25,6,12,N
0,2,0,0,2,6,1,0,8,0,1,0,2,1,8,1,3,6,2,4,N
75,2,0,3,10,11,3,1,18.4,4,1,4,9,7,30,0.5,7.2,17,2,4,N
66.7,3,0,2,4,8,3,1,9.6,3,1,1,6,6,16,0.5,6,10,2,4,N
66.7,4,0,2,4,9,3,1,9.9,3,1,1,6,6,18,0.5,6.8,12,2,4,N
66.7,5,0,2,5,10,3,1,12.3,3,1,1,6,7,22,0.5,7,15,2,4,N
0,1,0,0,2,5,1,0,7.9,0,1,1,3,1,7,1,2.5,5,2,4,N
66.7,3,0,2,4,10,3,1,9.7,3,1,1,6,6,19,0.5,7.5,13,2,4,N
50,3,0,1,4,9,3,1,9.2,2,1,1,6,5,14,0.5,5.6,9,2,4,N
66.7,3,0,2,4,10,3,1,9.8,3,1,1,6,5,16,0.5,6.3,11,2,4,N
85.7,3,4,2,5,7,3,1,10.8,3,1,2,7,10,19,0.5,6.3,10,2,4,N
87.5,4,4,3,6,7,3,1,13.3,4,1,2,7,12,21,0.5,5.8,11,2,4,N
66.7,1,0,2,3,8,3,1,10.4,3,1,2,6,5,12,0.5,4,9,2,4,N
85.7,1,0,6,10,8,3,1,25.8,7,0.5,7,14,9,42,0.5,6.8,25,2,4,N
66.7,1,0,2,3,8,3,1,10.4,3,1,2,6,5,12,0.5,4,9,2,4,N
91.3,2,0,21,19,13,15,2,32.7,23,0.9,7,40,25,105,0.1,16.1,58,14,28,N
92.3,2,0,12,8,7,9,1,18.7,13,0.4,4,21,15,46,0.2,9.6,24,8,16,N
90.3,3,0,28,20,19,17,3,27.7,31,0.5,13,42,34,107,0.6,20.4,64,10,22,N
90.3,3,0,28,20,19,17,3,27.7,31,0.5,13,42,34,107,0.6,20.4,64,10,22,N
75,2,0,3,5,10,3,1,8.6,4,0.5,1,6,6,22,0.5,10,12,2,4,N
87.5,0,0,7,11,8,5,1,25.4,8,1,2,11,10,50,0.3,8.4,27,4,8,N
79.3,1,0,23,16,16,9,6,21.6,29,1,11,31,31,106,0.2,24.5,57,8,16,N
71.4,0,0,5,6,7,3,2,14.8,7,0.5,0,5,9,21,0.5,5.3,12,2,4,N
85.7,0,0,6,7,13,5,1,10.4,7,0.7,3,12,9,29,0.3,12.1,16,4,8,N
83.3,0,0,5,10,13,5,1,15.1,6,0.3,4,13,8,39,0.3,11.7,21,4,8,N
83.3,2,0,5,8,13,3,1,14.9,6,1,5,12,8,33,0.5,9.8,21,2,4,N
83.3,0,0,5,9,13,5,1,13.1,6,0.3,3,12,8,34,0.3,11.6,18,4,8,N
84.6,2,0,22,15,17,13,4,21.3,26,0.3,4,22,28,111,0.1,26.1,65,10,22,N
85,1,0,17,13,12,7,3,24,20,0.5,4,16,22,74,0.3,14.3,43,6,12,N
85,1,0,17,13,14,7,3,21.1,20,0.5,4,16,22,79,0.3,17.8,46,6,12,N
80,2,0,4,6,11,5,1,10.8,5,0.3,2,12,7,29,0.3,11,17,4,8,N
80,2,0,16,11,15,11,4,14.5,20,0.3,3,23,22,63,0.2,20.5,33,10,20,N
75,2,0,6,6,10,3,2,10.3,8,1,2,8,10,30,0.5,11.7,16,2,4,N
84.8,2,0,67,22,22,53,12,27.4,79,0.6,8,85,82,314,0.7,62.5,189,34,86,N
93.3,2,0,14,12,15,9,1,15.9,15,0.2,4,20,17,69,0.2,20.6,36,8,16,N
77.8,1,0,7,7,8,3,2,16,9,0.5,0,6,11,21,0.5,5.1,12,2,4,N
77.8,1,0,7,7,8,3,2,16,9,0.5,0,6,11,21,0.5,5.1,12,2,4,N
84.9,1,1,27,12,18,9,5,16.2,32,0.6,1,17,35,119,0.2,36,71,8,16,N
80,1,0,12,11,15,9,3,17.2,15,1,6,21,17,60,1,16.4,36,6,14,N
81.3,3,0,13,6,13,19,3,10,16,0.4,3,24,18,64,1,27.1,39,6,20,N
94.7,1,12,6,9,12,3,1,14,7,0.5,4,10,21,34,0.5,10.7,18,2,4,N
83.3,1,0,5,5,13,5,1,8.8,6,0.7,5,12,8,30,1,14.3,19,2,6,N
80,1,0,4,4,5,3,1,11,5,0.5,0,6,7,13,0.5,3.8,7,2,4,N
77.8,3,0,7,7,7,5,2,19.5,9,0.7,1,9,12,23,0.3,4.5,14,4,8,N
71.4,0,0,5,5,11,5,2,7.8,7,1,2,11,9,28,0.3,14.3,15,4,8,N
71.4,0,0,5,5,11,5,2,7.8,7,1,2,11,9,28,0.3,14.3,15,4,8,N
81.8,1,0,18,14,11,5,4,25.3,22,0.7,3,14,24,75,0.3,13.8,40,4,8,N
84.6,2,0,11,13,10,3,2,25,13,0.5,2,8,15,51,0.5,9.2,27,2,4,N
83.3,1,0,10,10,10,3,2,19.8,12,0.5,1,7,14,48,0.5,10.5,27,2,4,N
80,2,0,12,8,15,7,3,10.5,15,0.8,2,13,17,63,0.3,27.2,34,6,12,N
80,2,0,12,10,16,7,3,13.1,15,0.8,3,14,17,69,0.3,24.8,38,6,12,N
75,2,0,9,9,10,3,3,18.7,12,1,4,11,14,49,0.5,11.1,29,2,4,N
50,0,0,1,2,5,3,1,6,2,0.5,0,5,4,8,0.5,3.8,5,2,4,N
80,1,0,4,6,16,5,1,10,5,1,3,14,7,39,0.3,17.3,26,4,8,N
75,1,0,6,6,7,3,2,16.7,8,1,3,7,10,21,0.5,4.7,13,2,4,N
77.8,1,0,7,7,7,3,2,20,9,1,3,8,11,21,0.5,4,13,2,4,N
87.5,1,1,13,9,19,7,2,11.8,15,0.8,3,18,18,65,0.3,26.4,40,6,12,N
86.2,1,5,20,15,17,11,4,20.1,24,0.8,8,30,31,89,0.2,22.1,50,10,20,N
70,2,1,6,7,12,3,3,11.1,9,0.5,2,7,12,29,0.5,11.1,16,2,4,N
75,3,1,8,10,18,5,3,13.2,11,1,4,13,15,47,0.3,17.1,28,4,8,N
75,3,1,8,11,18,5,3,14.4,11,1,5,14,15,51,0.3,17.2,30,4,8,N
76.9,1,1,9,9,17,5,3,13.4,12,1,4,15,15,51,0.3,17.9,32,4,8,N
0,0,0,0,2,5,3,0,6,0,0.5,0,5,2,8,0.5,3.8,5,2,4,N
80,2,0,4,7,9,5,1,15.9,5,1,2,9,8,23,1,5.8,14,2,6,N
71.4,2,0,5,7,9,5,2,16.6,7,1,2,9,10,24,1,5.8,15,2,6,N
89.5,1,1,16,11,21,9,2,14,18,0.8,4,26,21,96,0.2,34.4,60,8,16,N
76.9,4,1,9,13,17,7,3,18.5,12,1,4,18,16,64,0.3,17,38,6,12,N
88.9,6,1,15,16,20,13,2,20.1,17,1,4,32,22,124,0.1,31.9,73,12,24,N
76.9,5,1,9,13,17,7,3,18.2,12,1,4,18,17,63,0.3,17,37,6,12,N
78.6,1,1,10,9,17,7,3,14.4,13,1,5,23,16,75,0.3,24.6,49,6,12,N
66.7,1,0,2,4,7,3,1,14.8,3,1,1,6,5,15,0.5,3.5,11,2,4,N
66.7,1,0,2,4,5,3,1,14,3,0.5,0,6,5,11,0.5,2.5,7,2,4,N
66.7,1,0,2,4,7,3,1,14.8,3,1,1,6,5,15,0.5,3.5,11,2,4,N
50,0,0,1,2,5,3,1,6,2,0.5,0,5,4,8,0.5,3.8,5,2,4,N
85.7,1,0,6,9,15,7,1,12.4,7,1,4,20,9,54,0.3,20,30,6,12,N
80,0,0,8,9,13,7,2,14.1,10,1,4,16,12,48,0.3,15.2,27,6,12,N
75,1,0,3,5,12,5,1,9.8,4,0.7,2,10,6,23,1,9.6,15,4,8,N
80,1,0,4,5,7,3,1,13.7,5,1,2,7,7,16,0.5,4.2,10,2,4,N
80,1,0,4,5,7,3,1,13.7,5,1,2,7,7,16,0.5,4.2,10,2,4,N
88.2,1,1,14,9,19,7,2,11.9,16,0.8,3,19,19,68,0.3,27.4,42,6,12,N
85.7,1,0,6,8,16,5,1,13.8,7,1,3,14,9,48,0.3,16,32,4,8,N
71.4,0,0,5,6,9,3,2,13,7,1,2,7,9,25,0.5,7.5,15,2,4,N
86.2,1,5,20,13,17,11,4,17.2,24,0.8,7,29,31,85,0.2,24.2,48,10,20,N
75,2,1,8,7,18,5,3,8.8,11,1,3,12,14,44,0.3,23.1,26,4,8,N
76.9,1,1,9,7,17,5,3,10.2,12,1,3,14,15,46,0.3,20.6,29,4,8,N
50,1,0,1,3,7,3,1,8.5,2,0.5,0,5,4,12,0.5,4.7,8,2,6,N
50,1,0,1,3,8,3,1,9.1,2,0.5,0,5,4,14,0.5,5.3,10,2,6,N
50,1,0,1,3,7,3,1,8.5,2,0.5,0,5,4,12,0.5,4.7,8,2,6,N
50,1,0,1,3,8,3,1,9.1,2,0.5,0,5,4,14,0.5,5.3,10,2,6,N
50,1,0,1,3,7,3,1,10,2,0.5,0,5,4,14,0.5,4.7,10,2,6,N
0,2,0,0,4,8,3,0,8.2,0,0.5,1,7,1,16,0.5,7,9,2,4,N
0,2,0,0,5,11,3,0,9.9,0,0.5,1,7,1,19,0.5,7.7,12,2,4,N
84.6,2,8,3,5,9,3,2,9.7,5,1,1,7,16,23,0.5,9,13,2,4,N
50,2,0,1,3,8,1,1,11.2,2,1,1,3,4,13,1,4,10,2,4,N
80,2,0,4,2,5,3,1,6.2,5,0.5,0,6,7,11,0.5,5,7,2,4,N
50,2,0,1,2,5,3,1,5.1,2,0.5,0,6,4,9,0.5,5,5,2,4,N
50,3,0,1,3,6,7,1,6.7,2,0.3,0,10,4,21,0.3,10,11,6,12,N
50,2,0,1,2,5,3,1,5.1,2,0.5,0,6,4,9,0.5,5,5,2,4,N
80,2,0,4,2,5,3,1,6.2,5,0.5,0,6,7,11,0.5,5,7,2,4,N
50,3,0,1,3,6,7,1,6.7,2,0.3,0,10,4,21,0.3,10,11,6,12,N
50,2,0,1,2,9,3,1,4,2,0.5,0,6,4,18,0.5,15.8,11,2,4,N
50,2,0,1,2,6,1,1,8,2,1,0,2,4,8,1,3,6,2,4,N
50,2,0,1,2,6,1,1,8,2,1,0,2,4,8,1,3,6,2,4,N
50,2,0,1,2,6,1,1,8,2,1,0,2,4,8,1,3,6,2,4,N
50,2,0,1,2,6,1,1,8,2,1,0,2,5,8,1,3,6,2,4,N
50,2,0,1,2,6,1,1,8,2,1,0,2,4,8,1,3,6,2,4,N
50,2,0,1,2,9,5,1,5.9,2,0.3,0,6,4,23,0.3,13.5,17,2,8,N
50,2,0,1,2,6,1,1,8,2,1,0,2,4,8,1,3,6,2,4,N
83.3,2,4,1,3,8,1,1,11.2,2,1,1,3,8,13,1,4,10,2,4,N
50,2,0,1,2,6,3,1,7,2,0.5,0,5,4,14,0.5,6,10,2,6,N
50,2,0,1,2,6,1,1,8,2,1,0,2,4,8,1,3,6,2,4,N
0,1,0,0,3,8,3,0,7.8,0,1,1,6,2,12,0.5,5.3,8,2,4,N
80,2,0,12,8,15,7,3,10.5,15,0.8,2,13,17,63,0.3,27.2,34,6,12,N
80,2,0,12,10,16,7,3,13.1,15,0.8,3,14,17,69,0.3,24.8,38,6,12,N
80,1,0,4,5,8,3,1,12.3,5,1,2,7,7,16,0.5,4.8,10,2,4,N
80,2,0,4,6,8,3,1,13.9,5,1,2,7,7,17,0.5,4.7,10,2,4,N
66.7,0,0,2,3,8,3,1,6.2,3,1,2,8,5,19,0.5,10.7,11,2,4,N
80,1,0,4,5,8,3,1,12.3,5,1,2,7,7,16,0.5,4.8,10,2,4,N
80,2,0,4,6,8,3,1,13.9,5,1,2,7,7,17,0.5,4.7,10,2,4,N
66.7,0,0,2,3,8,3,1,6.2,3,1,2,8,5,19,0.5,10.7,11,2,4,N
80,2,0,4,7,9,5,1,15.9,5,1,3,9,7,23,1,5.8,14,2,6,N
80,3,0,4,8,9,5,1,17.4,5,1,3,9,8,24,1,5.6,14,2,6,N
75,0,0,3,6,8,5,1,13.5,4,1,4,15,6,33,0.3,9.3,19,4,8,N
80,1,0,4,5,8,3,1,12.3,5,1,2,7,7,16,0.5,4.8,10,2,4,N
80,2,0,4,6,8,3,1,13.9,5,1,2,7,7,17,0.5,4.7,10,2,4,N
66.7,0,0,2,3,8,3,1,6.2,3,1,2,8,5,19,0.5,10.7,11,2,4,N
80,1,0,4,5,8,3,1,12.3,5,1,2,7,7,16,0.5,4.8,10,2,4,N
80,2,0,4,6,8,3,1,13.9,5,1,2,7,7,17,0.5,4.7,10,2,4,N
66.7,0,0,2,3,8,3,1,6.2,3,1,2,8,5,19,0.5,10.7,11,2,4,N
80,1,0,4,5,8,3,1,12.3,5,1,2,7,7,16,0.5,4.8,10,2,4,N
80,2,0,4,6,8,3,1,13.9,5,1,2,7,7,17,0.5,4.7,10,2,4,N
66.7,0,0,2,3,8,3,1,6.2,3,1,2,8,5,19,0.5,10.7,11,2,4,N
50,0,0,1,1,6,1,1,6.6,2,1,1,3,4,7,1,3,6,2,4,N
90.9,1,2,18,15,17,12,2,27.8,20,0.9,9,22,24,63,0.6,11.3,43,6,12,N
50,0,0,1,2,5,3,1,6,2,0.5,0,5,4,8,0.5,3.8,5,2,4,N
80,1,0,4,6,16,5,1,10,5,1,3,14,7,39,0.3,17.3,26,4,8,N
75,1,0,6,6,7,3,2,16.7,8,1,3,7,10,21,0.5,4.7,13,2,4,N
77.8,1,0,7,7,7,3,2,20,9,1,3,8,11,21,0.5,4,13,2,4,N
87.5,1,1,13,9,19,7,2,11.8,15,0.8,3,18,18,65,0.3,26.4,40,6,12,N
86.2,1,5,20,15,17,11,4,20.1,24,0.8,8,30,31,89,0.2,22.1,50,10,20,N
70,2,1,6,7,12,3,3,11.1,9,0.5,2,7,12,29,0.5,11.1,16,2,4,N
75,3,1,8,10,18,5,3,13.2,11,1,4,13,15,47,0.3,17.1,28,4,8,N
75,3,1,8,11,18,5,3,14.4,11,1,5,14,15,51,0.3,17.2,30,4,8,N
76.9,1,1,9,9,17,5,3,13.4,12,1,4,15,15,51,0.3,17.9,32,4,8,N
0,0,0,0,2,5,3,0,6,0,0.5,0,5,2,8,0.5,3.8,5,2,4,N
80,2,0,4,7,9,5,1,15.9,5,1,2,9,8,23,1,5.8,14,2,6,N
71.4,2,0,5,7,9,5,2,16.6,7,1,2,9,10,24,1,5.8,15,2,6,N
89.5,1,1,16,11,21,9,2,14,18,0.8,4,26,21,96,0.2,34.4,60,8,16,N
76.9,4,1,9,13,17,7,3,18.5,12,1,4,18,16,64,0.3,17,38,6,12,N
88.9,6,1,15,16,20,13,2,20.1,17,1,4,32,22,124,0.1,31.9,73,12,24,N
76.9,5,1,9,13,17,7,3,18.2,12,1,4,18,17,63,0.3,17,37,6,12,N
78.6,1,1,10,9,17,7,3,14.4,13,1,5,23,16,75,0.3,24.6,49,6,12,N
50,0,0,1,2,5,3,1,6,2,0.5,0,5,4,8,0.5,3.8,5,2,4,N
85.7,1,0,6,9,15,7,1,12.4,7,1,4,20,9,54,0.3,20,30,6,12,N
80,0,0,8,9,13,7,2,14.1,10,1,4,16,12,48,0.3,15.2,27,6,12,N
75,1,0,3,5,12,5,1,9.8,4,0.7,2,10,6,23,1,9.6,15,4,8,N
80,1,0,4,5,7,3,1,13.7,5,1,2,7,7,16,0.5,4.2,10,2,4,N
80,1,0,4,5,7,3,1,13.7,5,1,2,7,7,16,0.5,4.2,10,2,4,N
88.2,1,1,14,9,19,7,2,11.9,16,0.8,3,19,19,68,0.3,27.4,42,6,12,N
85.7,1,0,6,8,16,5,1,13.8,7,1,3,14,9,48,0.3,16,32,4,8,N
71.4,0,0,5,6,9,3,2,13,7,1,2,7,9,25,0.5,7.5,15,2,4,N
86.2,1,5,20,13,17,11,4,17.2,24,0.8,7,29,31,85,0.2,24.2,48,10,20,N
75,2,1,8,7,18,5,3,8.8,11,1,3,12,14,44,0.3,23.1,26,4,8,N
76.9,1,1,9,7,17,5,3,10.2,12,1,3,14,15,46,0.3,20.6,29,4,8,N
90,1,5,4,4,7,3,1,11.9,5,0.5,1,7,12,15,0.5,4.4,10,2,4,N
95.8,0,48,21,14,14,7,3,26.2,24,1,4,13,74,68,0.2,12.5,43,2,4,N
89.7,1,16,36,17,22,17,6,28.4,42,0.9,5,25,60,160,0.1,29.8,114,10,20,N
97.8,1,65,155,58,46,78,5,56.5,160,0.9,24,107,227,699,0,82.9,490,52,104,N
92.1,1,44,26,15,18,11,6,25.2,32,0.9,5,21,78,87,0.1,17.4,58,6,12,N
81.8,0,4,5,5,12,3,2,8.5,7,0.5,0,6,13,25,0.5,12,15,2,4,N
85.7,0,2,4,4,8,3,1,13.4,5,0.5,1,7,9,15,0.5,4,11,2,4,N
94.1,0,31,17,17,10,3,3,64.2,20,1,8,17,53,131,0.5,9.7,98,2,4,N
90.9,0,7,3,5,8,3,1,13.1,4,1,2,6,13,17,0.5,4.8,11,2,4,N
94.3,0,26,7,14,13,3,2,22.5,9,0.5,1,7,37,77,0.5,16.3,42,2,4,N
92.3,0,19,5,8,8,3,2,19.6,7,1,3,7,28,27,0.5,5.5,16,2,4,N
83.3,0,6,4,4,6,3,2,12.4,6,1,1,5,14,14,0.5,3.8,9,2,4,N
83.3,0,6,4,4,6,3,2,12.4,6,1,1,5,14,14,0.5,3.8,9,2,4,N
88.9,1,25,7,7,9,5,4,16,11,0.3,0,9,38,36,0.3,9,22,4,8,N
94.4,1,55,13,15,8,7,4,42,17,1,9,18,74,52,0.3,5.6,31,6,12,N
94.1,1,56,23,17,13,5,5,29.8,28,1,3,14,86,116,0.3,19.1,66,4,8,N
92.6,2,16,9,15,13,3,2,24,11,0.5,2,8,29,52,0.5,10.4,28,2,4,N
81.8,0,6,3,5,9,3,2,10,5,0.5,0,6,13,26,0.5,9.9,15,2,4,N
98.3,0,40,16,12,9,3,1,26.2,17,0.5,4,10,59,132,0.5,22.1,73,2,4,N
84.6,0,7,4,4,6,3,2,12.4,6,1,1,5,15,14,0.5,3.8,9,2,4,N
92,1,18,5,7,7,3,2,16.8,7,0.5,0,7,27,33,0.5,7.5,18,2,4,N
88.7,3,38,17,12,14,9,7,17.3,24,0.6,2,18,64,75,0.2,20.4,40,8,16,N
94.4,2,12,5,5,10,7,1,10.7,6,0.3,1,12,20,41,0.3,15,26,6,12,N
92.9,1,4,9,4,8,5,1,8.2,10,0.3,0,9,16,25,0.3,11,14,4,8,N
90.9,0,4,6,5,8,5,1,13.2,7,0.7,2,9,13,20,1,5.6,13,2,6,N
92.1,0,27,8,6,14,5,3,9,11,0.3,0,8,40,39,0.3,18.7,23,4,8,N
81.3,1,6,7,7,11,5,3,12.4,10,0.3,0,8,18,28,1,9.4,16,4,8,N
95.7,0,91,44,25,22,20,6,35.3,50,0.8,8,34,143,151,0.1,23.8,97,12,24,N
77.8,1,7,7,8,13,7,4,14.3,11,0.3,1,11,20,45,0.3,13.8,28,6,12,N
96.2,1,40,10,14,11,3,2,33.1,12,1,3,8,54,56,0.5,7.9,36,2,4,N
95.1,0,40,18,13,14,7,3,24.2,21,1,3,12,63,63,0.2,12.4,40,2,4,N
90.1,0,57,16,13,8,11,8,36.6,24,0.8,5,19,83,59,0.2,7.1,36,10,20,N
89.4,1,26,16,15,20,11,5,20.5,21,0.3,1,19,49,72,1,18,45,10,20,N
92.6,0,21,4,8,10,3,2,14.2,6,0.5,1,7,29,32,0.5,9.4,17,2,4,N
84.6,0,8,3,6,11,3,2,11,5,0.5,0,6,15,32,0.5,11.9,19,2,4,N
89.5,1,20,14,13,11,5,4,23.6,18,1,5,13,40,50,0.3,9.7,27,4,8,N
91.3,2,29,13,9,13,7,4,15.6,17,0.3,0,13,48,91,0.3,26,55,6,12,N
83.3,0,8,7,6,6,5,3,19.1,10,1,2,8,20,24,0.3,4.5,15,4,8,N
84.6,0,7,4,4,6,3,2,12.4,6,1,1,5,15,14,0.5,3.8,9,2,4,N
91.7,1,7,4,5,7,3,1,12.8,5,1,2,6,14,15,0.5,4.2,9,2,4,N
90.5,1,21,17,12,16,9,4,16.8,21,0.4,2,17,44,72,0.2,20.7,41,8,16,N
86.7,0,9,4,7,8,3,2,14.2,6,1,2,8,17,25,0.5,6.9,13,2,4,N
94.1,1,19,13,9,16,13,2,14.8,15,0.3,1,10,36,71,0.1,22.2,46,2,14,N
89.2,1,25,8,8,9,5,4,18.2,12,0.3,0,9,39,40,0.3,9,24,4,8,N
91.9,1,23,11,8,11,5,3,16.6,14,0.7,2,11,39,35,0.3,8.9,22,4,8,N
95.1,0,40,18,13,14,7,3,24.2,21,1,3,12,63,63,0.2,12.4,40,2,4,N
96,1,19,29,20,18,12,2,35.8,31,0.9,3,16,53,92,0.1,13.5,62,2,4,N
91.7,2,26,7,9,11,5,3,20,10,0.3,1,8,39,34,1,7.3,22,2,6,N
91.7,1,36,19,17,21,13,5,22.5,24,0.3,1,22,63,82,1,19.2,51,12,24,N
88.9,0,12,4,7,8,3,2,14.3,6,0.5,1,7,20,23,0.5,6.3,12,2,4,N
93.3,0,10,4,7,8,3,1,13.1,5,0.5,1,7,17,23,0.5,6.9,11,2,4,N
93.8,0,24,6,11,11,3,2,18.7,8,1,1,8,34,63,0.5,15,33,2,4,N
90.7,0,26,13,13,15,7,4,19.6,17,0.8,4,14,45,66,0.3,16.1,38,6,12,N
95.6,0,17,26,11,11,3,2,23.3,28,0.5,0,7,47,266,0.5,51,164,2,4,N
95.9,0,35,12,10,13,3,2,16,14,1,1,8,51,108,0.5,30.6,61,2,4,N
85.7,0,8,4,7,9,3,2,13,6,0.5,1,7,16,25,0.5,7.7,13,2,4,N
88.9,0,4,4,3,4,3,1,14,5,1,3,7,11,10,0.5,2,7,2,4,N
90.2,0,30,16,12,14,11,5,16.8,21,0.3,1,19,53,75,0.2,21,39,10,20,N
81.8,0,4,5,5,7,3,2,11.3,7,0.5,0,7,13,31,0.5,9.8,17,2,4,N
94.6,0,43,9,6,10,7,3,16.8,12,0.5,3,13,57,35,0.3,8.3,25,6,12,N
90.2,0,32,14,13,15,11,5,23.8,19,0.7,4,18,53,60,0.7,12.1,39,8,18,N
96.2,0,14,11,5,9,9,1,12.7,12,0.2,0,15,28,48,0.2,14.4,32,8,16,N
92.9,0,17,9,8,10,7,2,15.9,11,0.3,0,12,30,38,0.3,10,22,6,12,N
88.5,1,17,6,6,13,9,3,10.9,9,0.2,0,11,28,50,0.2,19.5,32,6,14,N
90,1,3,6,6,7,3,1,14.3,7,0.5,0,6,12,18,0.5,4.7,10,2,4,N
92.3,0,34,14,14,9,7,4,37.5,18,1,5,16,54,48,0.3,5.8,30,6,12,N
81.8,1,4,5,4,6,3,2,14.8,7,1,1,6,13,20,0.5,4.5,14,2,4,N
81.8,1,4,5,5,6,3,2,18.3,7,1,2,7,13,19,0.5,3.6,13,2,4,N
94.7,0,45,26,20,20,10,4,31.6,30,1,5,18,77,86,0.4,14.5,57,2,6,N
97.7,0,100,26,29,7,5,3,119.9,29,1,21,28,131,84,0.3,3.6,54,4,8,N
96,0,47,25,17,17,5,3,33.6,28,0.7,8,17,77,119,0.3,18,83,4,8,N
97.1,0,67,35,26,18,5,3,54.1,38,0.7,14,25,107,192,0.3,19.4,136,4,8,N
97.6,0,73,47,34,19,5,3,75.2,50,0.7,17,28,125,297,0.3,22.6,216,4,8,N
98.1,0,100,54,35,17,5,3,85.4,57,0.7,20,34,159,280,0.3,18.7,203,4,8,N
97,0,67,61,49,19,7,4,95,65,0.5,29,41,134,348,0.3,22.3,233,6,12,N
94.2,0,66,31,21,23,12,6,24.8,37,0.1,1,20,105,159,0.1,35.1,95,6,12,N
95.1,0,67,11,12,11,5,4,27.6,15,1,3,11,84,42,0.3,6.9,27,4,8,N
80,1,0,8,8,9,3,2,16.2,10,0.5,0,8,14,38,0.5,9.6,21,2,4,N
80,1,0,4,9,15,3,1,15.3,5,1,1,8,9,39,0.5,11.7,25,2,4,N
95,1,2,17,9,15,15,1,12.3,18,1,1,45,24,176,0.1,65.8,97,14,28,N
86.1,0,4,33,27,25,10,6,33.1,39,1,9,20,45,102,0.7,17.6,64,4,8,N
71.4,0,0,5,4,7,3,2,9.6,7,0.5,1,6,9,17,0.5,6.1,10,2,4,N
95,1,6,32,32,12,7,2,84.1,34,0.3,0,18,42,283,0.3,18.4,185,6,12,N
93.8,0,4,11,9,7,5,1,26,12,0.3,3,14,18,53,0.3,8.2,32,4,8,N
91.7,0,32,68,76,23,35,9,107.7,77,0.7,25,69,111,327,0.1,20.1,194,28,60,N
89.7,0,12,40,24,20,18,6,36.2,46,0.9,10,34,60,141,0.1,21.3,90,14,28,N
71.4,0,0,10,5,6,5,4,18.1,14,1,3,11,16,22,0.3,4.2,15,4,8,N
85.3,0,5,24,19,13,9,5,36.7,29,1,9,21,36,93,0.2,12.7,56,8,16,N
95.3,1,16,85,64,30,23,5,72.9,90,0.9,18,61,108,422,0.3,38,260,8,18,N
66.7,2,0,2,7,7,3,1,18.5,3,1,3,7,6,17,0.5,3.5,10,2,4,N
50,2,0,1,2,6,1,1,8,2,1,0,2,4,8,1,3,6,2,4,N
50,2,0,1,2,9,5,1,5.9,2,0.3,0,6,4,23,0.3,13.5,17,2,8,N
50,2,0,1,2,6,1,1,8,2,1,0,2,4,8,1,3,6,2,4,N
50,2,0,1,2,6,3,1,7,2,0.5,0,5,4,14,0.5,6,10,2,6,N
50,2,0,1,2,6,1,1,8,2,1,0,2,4,8,1,3,6,2,4,N
0,2,0,0,4,8,3,0,8.2,0,0.5,1,7,1,16,0.5,7,9,2,4,N
0,2,0,0,5,11,3,0,9.9,0,0.5,1,7,1,19,0.5,7.7,12,2,4,N
75,2,0,6,8,7,7,2,21.7,8,0.8,3,14,11,34,0.3,6.1,20,6,12,N
50,2,0,1,3,8,1,1,11.2,2,1,1,3,4,13,1,4,10,2,4,N
50,2,0,1,2,5,3,1,5.1,2,0.5,0,6,4,9,0.5,5,5,2,4,N
80,2,0,4,2,5,3,1,6.2,5,0.5,0,6,7,11,0.5,5,7,2,4,N
50,3,0,1,3,6,7,1,6.7,2,0.3,0,10,4,21,0.3,10,11,6,12,N
50,2,0,1,2,5,3,1,5.1,2,0.5,0,6,4,9,0.5,5,5,2,4,N
80,2,0,4,2,5,3,1,6.2,5,0.5,0,6,7,11,0.5,5,7,2,4,N
50,3,0,1,3,6,7,1,6.7,2,0.3,0,10,4,21,0.3,10,11,6,12,N
50,2,0,1,2,9,3,1,4,2,0.5,0,6,4,18,0.5,15.8,11,2,4,N
50,2,0,1,2,6,1,1,8,2,1,0,2,4,8,1,3,6,2,4,N
50,2,0,1,2,6,1,1,8,2,1,0,2,4,8,1,3,6,2,4,N
50,2,0,1,2,6,1,1,8,2,1,0,2,4,8,1,3,6,2,4,N
50,2,0,1,2,6,1,1,8,2,1,0,2,5,8,1,3,6,2,4,N
83.3,2,4,1,3,8,1,1,11.2,2,1,1,3,8,13,1,4,10,2,4,N
0,1,0,0,3,8,3,0,7.8,0,1,1,6,2,12,0.5,5.3,8,2,4,N
80,2,0,12,8,15,7,3,10.5,15,0.8,2,13,17,63,0.3,27.2,34,6,12,N
80,2,0,12,10,16,7,3,13.1,15,0.8,3,14,17,69,0.3,24.8,38,6,12,N
80,1,0,4,5,8,3,1,12.3,5,1,2,7,7,16,0.5,4.8,10,2,4,N
80,2,0,4,6,8,3,1,13.9,5,1,2,7,7,17,0.5,4.7,10,2,4,N
66.7,0,0,2,3,8,3,1,6.2,3,1,2,8,5,19,0.5,10.7,11,2,4,N
80,2,0,4,7,9,5,1,15.9,5,1,3,9,7,23,1,5.8,14,2,6,N
80,3,0,4,8,9,5,1,17.4,5,1,3,9,8,24,1,5.6,14,2,6,N
75,0,0,3,6,8,5,1,13.5,4,1,4,15,6,33,0.3,9.3,19,4,8,N
80,1,0,4,5,8,3,1,12.3,5,1,2,7,7,16,0.5,4.8,10,2,4,N
80,2,0,4,6,8,3,1,13.9,5,1,2,7,7,17,0.5,4.7,10,2,4,N
66.7,0,0,2,3,8,3,1,6.2,3,1,2,8,5,19,0.5,10.7,11,2,4,N
80,1,0,4,5,8,3,1,12.3,5,1,2,7,7,16,0.5,4.8,10,2,4,N
80,2,0,4,6,8,3,1,13.9,5,1,2,7,7,17,0.5,4.7,10,2,4,N
66.7,0,0,2,3,8,3,1,6.2,3,1,2,8,5,19,0.5,10.7,11,2,4,N
80,1,0,4,5,8,3,1,12.3,5,1,2,7,7,16,0.5,4.8,10,2,4,N
80,2,0,4,6,8,3,1,13.9,5,1,2,7,7,17,0.5,4.7,10,2,4,N
66.7,0,0,2,3,8,3,1,6.2,3,1,2,8,5,19,0.5,10.7,11,2,4,N
80,1,0,4,5,8,3,1,12.3,5,1,2,7,7,16,0.5,4.8,10,2,4,N
80,2,0,4,6,8,3,1,13.9,5,1,2,7,7,17,0.5,4.7,10,2,4,N
66.7,0,0,2,3,8,3,1,6.2,3,1,2,8,5,19,0.5,10.7,11,2,4,N
50,0,0,1,1,6,1,1,6.6,2,1,1,3,4,7,1,3,6,2,4,N
90.9,1,2,18,15,17,12,2,27.8,20,0.9,9,22,24,63,0.6,11.3,43,6,12,N
50,0,0,1,2,5,3,1,6,2,0.5,0,5,4,8,0.5,3.8,5,2,4,N
80,1,0,4,6,16,5,1,10,5,1,3,14,7,39,0.3,17.3,26,4,8,N
75,1,0,6,6,7,3,2,16.7,8,1,3,7,10,21,0.5,4.7,13,2,4,N
77.8,1,0,7,7,7,3,2,20,9,1,3,8,11,21,0.5,4,13,2,4,N
87.5,1,1,13,9,19,7,2,11.8,15,0.8,3,18,18,65,0.3,26.4,40,6,12,N
86.2,1,5,20,15,17,11,4,20.1,24,0.8,8,30,31,89,0.2,22.1,50,10,20,N
70,2,1,6,7,12,3,3,11.1,9,0.5,2,7,12,29,0.5,11.1,16,2,4,N
75,3,1,8,10,18,5,3,13.2,11,1,4,13,15,47,0.3,17.1,28,4,8,N
75,3,1,8,11,18,5,3,14.4,11,1,5,14,15,51,0.3,17.2,30,4,8,N
76.9,1,1,9,9,17,5,3,13.4,12,1,4,15,15,51,0.3,17.9,32,4,8,N
0,0,0,0,2,5,3,0,6,0,0.5,0,5,2,8,0.5,3.8,5,2,4,N
80,2,0,4,7,9,5,1,15.9,5,1,2,9,8,23,1,5.8,14,2,6,N
71.4,2,0,5,7,9,5,2,16.6,7,1,2,9,10,24,1,5.8,15,2,6,N
89.5,1,1,16,11,21,9,2,14,18,0.8,4,26,21,96,0.2,34.4,60,8,16,N
76.9,4,1,9,13,17,7,3,18.5,12,1,4,18,16,64,0.3,17,38,6,12,N
88.9,6,1,15,16,20,13,2,20.1,17,1,4,32,22,124,0.1,31.9,73,12,24,N
76.9,5,1,9,13,17,7,3,18.2,12,1,4,18,17,63,0.3,17,37,6,12,N
78.6,1,1,10,9,17,7,3,14.4,13,1,5,23,16,75,0.3,24.6,49,6,12,N
50,0,0,1,2,5,3,1,6,2,0.5,0,5,4,8,0.5,3.8,5,2,4,N
85.7,1,0,6,9,15,7,1,12.4,7,1,4,20,9,54,0.3,20,30,6,12,N
80,0,0,8,9,13,7,2,14.1,10,1,4,16,12,48,0.3,15.2,27,6,12,N
75,1,0,3,5,12,5,1,9.8,4,0.7,2,10,6,23,1,9.6,15,4,8,N
80,1,0,4,5,7,3,1,13.7,5,1,2,7,7,16,0.5,4.2,10,2,4,N
80,1,0,4,5,7,3,1,13.7,5,1,2,7,7,16,0.5,4.2,10,2,4,N
88.2,1,1,14,9,19,7,2,11.9,16,0.8,3,19,19,68,0.3,27.4,42,6,12,N
85.7,1,0,6,8,16,5,1,13.8,7,1,3,14,9,48,0.3,16,32,4,8,N
71.4,0,0,5,6,9,3,2,13,7,1,2,7,9,25,0.5,7.5,15,2,4,N
86.2,1,5,20,13,17,11,4,17.2,24,0.8,7,29,31,85,0.2,24.2,48,10,20,N
75,2,1,8,7,18,5,3,8.8,11,1,3,12,14,44,0.3,23.1,26,4,8,N
76.9,1,1,9,7,17,5,3,10.2,12,1,3,14,15,46,0.3,20.6,29,4,8,N
50,2,0,1,3,8,1,1,11.2,2,1,1,3,4,13,1,4,10,2,4,N
80,2,0,4,2,5,3,1,6.2,5,0.5,0,6,7,11,0.5,5,7,2,4,N
80,2,0,4,2,5,3,1,6.2,5,0.5,0,6,7,11,0.5,5,7,2,4,N
50,2,0,1,2,6,1,1,8,2,1,0,2,4,8,1,3,6,2,4,N
50,2,0,1,2,6,1,1,8,2,1,0,2,4,8,1,3,6,2,4,N
50,2,0,1,2,9,5,1,5.9,2,0.3,0,6,4,23,0.3,13.5,17,2,8,N
50,2,0,1,2,6,1,1,8,2,1,0,2,4,8,1,3,6,2,4,N
83.3,2,4,1,3,8,1,1,11.2,2,1,1,3,8,13,1,4,10,2,4,N
50,2,0,1,2,6,3,1,7,2,0.5,0,5,4,14,0.5,6,10,2,6,N
50,2,0,1,2,6,1,1,8,2,1,0,2,4,8,1,3,6,2,4,N
0,1,0,0,3,8,3,0,7.8,0,1,1,6,2,12,0.5,5.3,8,2,4,N
80,2,0,12,8,15,7,3,10.5,15,0.8,2,13,17,63,0.3,27.2,34,6,12,N
80,2,0,12,10,16,7,3,13.1,15,0.8,3,14,17,69,0.3,24.8,38,6,12,N
92.2,0,17,42,47,17,23,5,77.1,47,0.3,10,51,66,272,0.1,21.2,155,16,38,N
96,0,16,32,35,15,7,2,68.2,34,0.8,4,21,52,207,0.3,17.1,127,6,12,N
80,1,0,4,5,8,3,1,12.3,5,1,2,7,7,16,0.5,4.8,10,2,4,N
80,2,0,4,6,8,3,1,13.9,5,1,2,7,7,17,0.5,4.7,10,2,4,N
66.7,0,0,2,3,8,3,1,6.2,3,1,2,8,5,19,0.5,10.7,11,2,4,N
80,1,0,4,5,8,3,1,12.3,5,1,2,7,7,16,0.5,4.8,10,2,4,N
80,2,0,4,6,8,3,1,13.9,5,1,2,7,7,17,0.5,4.7,10,2,4,N
66.7,0,0,2,3,8,3,1,6.2,3,1,2,8,5,19,0.5,10.7,11,2,4,N
80,2,0,4,7,9,5,1,15.9,5,1,3,9,7,23,1,5.8,14,2,6,N
80,3,0,4,8,9,5,1,17.4,5,1,3,9,8,24,1,5.6,14,2,6,N
75,0,0,3,6,8,5,1,13.5,4,1,4,15,6,33,0.3,9.3,19,4,8,N
80,1,0,4,5,8,3,1,12.3,5,1,2,7,7,16,0.5,4.8,10,2,4,N
80,2,0,4,6,8,3,1,13.9,5,1,2,7,7,17,0.5,4.7,10,2,4,N
66.7,0,0,2,3,8,3,1,6.2,3,1,2,8,5,19,0.5,10.7,11,2,4,N
80,1,0,4,5,8,3,1,12.3,5,1,2,7,7,16,0.5,4.8,10,2,4,N
80,2,0,4,6,8,3,1,13.9,5,1,2,7,7,17,0.5,4.7,10,2,4,N
66.7,0,0,2,3,8,3,1,6.2,3,1,2,8,5,19,0.5,10.7,11,2,4,N
80,1,0,4,5,8,3,1,12.3,5,1,2,7,7,16,0.5,4.8,10,2,4,N
80,2,0,4,6,8,3,1,13.9,5,1,2,7,7,17,0.5,4.7,10,2,4,N
66.7,0,0,2,3,8,3,1,6.2,3,1,2,8,5,19,0.5,10.7,11,2,4,N
50,0,0,1,2,5,3,1,6,2,0.5,0,5,4,8,0.5,3.8,5,2,4,N
80,1,0,4,6,16,5,1,10,5,1,3,14,7,39,0.3,17.3,26,4,8,N
75,1,0,6,6,7,3,2,16.7,8,1,3,7,10,21,0.5,4.7,13,2,4,N
77.8,1,0,7,7,7,3,2,20,9,1,3,8,11,21,0.5,4,13,2,4,N
87.5,1,1,13,9,19,7,2,11.8,15,0.8,3,18,18,65,0.3,26.4,40,6,12,N
86.2,1,5,20,15,17,11,4,20.1,24,0.8,8,30,31,89,0.2,22.1,50,10,20,N
70,2,1,6,7,12,3,3,11.1,9,0.5,2,7,12,29,0.5,11.1,16,2,4,N
75,3,1,8,10,18,5,3,13.2,11,1,4,13,15,47,0.3,17.1,28,4,8,N
75,3,1,8,11,18,5,3,14.4,11,1,5,14,15,51,0.3,17.2,30,4,8,N
76.9,1,1,9,9,17,5,3,13.4,12,1,4,15,15,51,0.3,17.9,32,4,8,N
0,0,0,0,2,5,3,0,6,0,0.5,0,5,2,8,0.5,3.8,5,2,4,N
80,2,0,4,7,9,5,1,15.9,5,1,2,9,8,23,1,5.8,14,2,6,N
71.4,2,0,5,7,9,5,2,16.6,7,1,2,9,10,24,1,5.8,15,2,6,N
89.5,1,1,16,11,21,9,2,14,18,0.8,4,26,21,96,0.2,34.4,60,8,16,N
76.9,4,1,9,13,17,7,3,18.5,12,1,4,18,16,64,0.3,17,38,6,12,N
88.9,6,1,15,16,20,13,2,20.1,17,1,4,32,22,124,0.1,31.9,73,12,24,N
76.9,5,1,9,13,17,7,3,18.2,12,1,4,18,17,63,0.3,17,37,6,12,N
78.6,1,1,10,9,17,7,3,14.4,13,1,5,23,16,75,0.3,24.6,49,6,12,N
50,0,0,1,2,5,3,1,6,2,0.5,0,5,4,8,0.5,3.8,5,2,4,N
85.7,1,0,6,9,15,7,1,12.4,7,1,4,20,9,54,0.3,20,30,6,12,N
80,0,0,8,9,13,7,2,14.1,10,1,4,16,12,48,0.3,15.2,27,6,12,N
75,1,0,3,5,12,5,1,9.8,4,0.7,2,10,6,23,1,9.6,15,4,8,N
80,1,0,4,5,7,3,1,13.7,5,1,2,7,7,16,0.5,4.2,10,2,4,N
80,1,0,4,5,7,3,1,13.7,5,1,2,7,7,16,0.5,4.2,10,2,4,N
88.2,1,1,14,9,19,7,2,11.9,16,0.8,3,19,19,68,0.3,27.4,42,6,12,N
85.7,1,0,6,8,16,5,1,13.8,7,1,3,14,9,48,0.3,16,32,4,8,N
71.4,0,0,5,6,9,3,2,13,7,1,2,7,9,25,0.5,7.5,15,2,4,N
86.2,1,5,20,13,17,11,4,17.2,24,0.8,7,29,31,85,0.2,24.2,48,10,20,N
75,2,1,8,7,18,5,3,8.8,11,1,3,12,14,44,0.3,23.1,26,4,8,N
76.9,1,1,9,7,17,5,3,10.2,12,1,3,14,15,46,0.3,20.6,29,4,8,N
0,2,0,0,4,8,3,0,8.2,0,0.5,1,7,1,16,0.5,7,9,2,4,N
0,2,0,0,5,11,3,0,9.9,0,0.5,1,7,1,19,0.5,7.7,12,2,4,N
50,2,0,1,2,5,3,1,5.1,2,0.5,0,6,4,9,0.5,5,5,2,4,N
50,3,0,1,3,6,7,1,6.7,2,0.3,0,10,4,21,0.3,10,11,6,12,N
50,2,0,1,2,5,3,1,5.1,2,0.5,0,6,4,9,0.5,5,5,2,4,N
50,3,0,1,3,6,7,1,6.7,2,0.3,0,10,4,21,0.3,10,11,6,12,N
50,2,0,1,2,9,3,1,4,2,0.5,0,6,4,18,0.5,15.8,11,2,4,N
50,2,0,1,2,6,1,1,8,2,1,0,2,4,8,1,3,6,2,4,N
50,2,0,1,2,6,1,1,8,2,1,0,2,4,8,1,3,6,2,4,N
50,2,0,1,2,6,1,1,8,2,1,0,2,5,8,1,3,6,2,4,N
91.5,0,26,93,78,17,27,11,149.8,104,0.6,17,76,132,589,0.1,25.8,352,26,52,N
89.7,1,12,49,40,13,11,7,82.5,56,1,17,50,70,227,1,15.8,130,10,20,N
97.6,4,26,134,195,16,6,4,515.4,138,1,16,128,169,1298,0.3,19.5,824,2,4,N
95.3,0,9,52,52,14,15,3,115.8,55,0.4,4,41,66,392,0.1,20.5,240,14,28,N
50,0,0,1,1,6,1,1,6.6,2,1,1,3,4,7,1,3,6,2,4,N
90.9,1,2,18,15,17,12,2,27.8,20,0.9,9,22,24,63,0.6,11.3,43,6,12,N
0,2,0,0,4,8,3,0,8.2,0,0.5,1,7,1,16,0.5,7,9,2,4,N
0,2,0,0,5,11,3,0,9.9,0,0.5,1,7,1,19,0.5,7.7,12,2,4,N
75,3,0,12,11,14,5,4,17.4,16,0.7,2,12,20,43,0.3,11.5,25,4,8,N
75,3,0,12,11,14,5,4,17.4,16,0.7,2,12,20,43,0.3,11.5,25,4,8,N
75,3,0,12,11,14,5,4,17.4,16,0.7,2,12,20,43,0.3,11.5,25,4,8,N
70,3,0,7,6,9,3,3,15.1,10,1,2,7,14,26,0.5,6.8,17,4,8,N
70,3,0,7,6,9,3,3,15.1,10,1,2,7,14,26,0.5,6.8,17,4,8,N
70,3,0,7,6,9,3,3,15.1,10,1,2,7,14,26,0.5,6.8,17,4,8,N
50,2,0,1,3,8,1,1,11.2,2,1,1,3,4,13,1,4,10,2,4,N
50,2,0,1,2,5,3,1,5.1,2,0.5,0,6,4,9,0.5,5,5,2,4,N
80,2,0,4,2,5,3,1,6.2,5,0.5,0,6,7,11,0.5,5,7,2,4,N
50,3,0,1,3,6,7,1,6.7,2,0.3,0,10,4,21,0.3,10,11,6,12,N
80,2,0,4,2,5,3,1,6.2,5,0.5,0,6,7,11,0.5,5,7,2,4,N
50,2,0,1,2,5,3,1,5.1,2,0.5,0,6,4,9,0.5,5,5,2,4,N
50,3,0,1,3,6,7,1,6.7,2,0.3,0,10,4,21,0.3,10,11,6,12,N
50,2,0,1,2,9,3,1,4,2,0.5,0,6,4,18,0.5,15.8,11,2,4,N
50,2,0,1,2,6,1,1,8,2,1,0,2,4,8,1,3,6,2,4,N
50,2,0,1,2,6,1,1,8,2,1,0,2,4,8,1,3,6,2,4,N
50,2,0,1,2,6,1,1,8,2,1,0,2,4,8,1,3,6,2,4,N
50,2,0,1,2,6,1,1,8,2,1,0,2,5,8,1,3,6,2,4,N
50,2,0,1,2,6,1,1,8,2,1,0,2,4,8,1,3,6,2,4,N
50,2,0,1,2,9,5,1,5.9,2,0.3,0,6,4,23,0.3,13.5,17,2,8,N
50,2,0,1,2,6,1,1,8,2,1,0,2,4,8,1,3,6,2,4,N
83.3,2,4,1,3,8,1,1,11.2,2,1,1,3,8,13,1,4,10,2,4,N
50,2,0,1,2,6,3,1,7,2,0.5,0,5,4,14,0.5,6,10,2,6,N
50,2,0,1,2,6,1,1,8,2,1,0,2,4,8,1,3,6,2,4,N
0,1,0,0,3,8,3,0,7.8,0,1,1,6,2,12,0.5,5.3,8,2,4,N
80,2,0,12,8,15,7,3,10.5,15,0.8,2,13,17,63,0.3,27.2,34,6,12,N
80,2,0,12,10,16,7,3,13.1,15,0.8,3,14,17,69,0.3,24.8,38,6,12,N
80,1,0,4,5,8,3,1,12.3,5,1,2,7,7,16,0.5,4.8,10,2,4,N
80,2,0,4,6,8,3,1,13.9,5,1,2,7,7,17,0.5,4.7,10,2,4,N
66.7,0,0,2,3,8,3,1,6.2,3,1,2,8,5,19,0.5,10.7,11,2,4,N
80,1,0,4,5,8,3,1,12.3,5,1,2,7,7,16,0.5,4.8,10,2,4,N
80,2,0,4,6,8,3,1,13.9,5,1,2,7,7,17,0.5,4.7,10,2,4,N
66.7,0,0,2,3,8,3,1,6.2,3,1,2,8,5,19,0.5,10.7,11,2,4,N
80,2,0,4,7,9,5,1,15.9,5,1,3,9,7,23,1,5.8,14,2,6,N
80,3,0,4,8,9,5,1,17.4,5,1,3,9,8,24,1,5.6,14,2,6,N
75,0,0,3,6,8,5,1,13.5,4,1,4,15,6,33,0.3,9.3,19,4,8,N
80,1,0,4,5,8,3,1,12.3,5,1,2,7,7,16,0.5,4.8,10,2,4,N
80,2,0,4,6,8,3,1,13.9,5,1,2,7,7,17,0.5,4.7,10,2,4,N
66.7,0,0,2,3,8,3,1,6.2,3,1,2,8,5,19,0.5,10.7,11,2,4,N
80,1,0,4,5,8,3,1,12.3,5,1,2,7,7,16,0.5,4.8,10,2,4,N
80,2,0,4,6,8,3,1,13.9,5,1,2,7,7,17,0.5,4.7,10,2,4,N
66.7,0,0,2,3,8,3,1,6.2,3,1,2,8,5,19,0.5,10.7,11,2,4,N
80,1,0,4,5,8,3,1,12.3,5,1,2,7,7,16,0.5,4.8,10,2,4,N
80,2,0,4,6,8,3,1,13.9,5,1,2,7,7,17,0.5,4.7,10,2,4,N
66.7,0,0,2,3,8,3,1,6.2,3,1,2,8,5,19,0.5,10.7,11,2,4,N
50,0,0,1,1,6,1,1,6.6,2,1,1,3,4,7,1,3,6,2,4,N
90.9,1,2,18,15,17,12,2,27.8,20,0.9,9,22,24,63,0.6,11.3,43,6,12,N
50,0,0,1,2,5,3,1,6,2,0.5,0,5,4,8,0.5,3.8,5,2,4,N
80,1,0,4,6,16,5,1,10,5,1,3,14,7,39,0.3,17.3,26,4,8,N
75,1,0,6,6,7,3,2,16.7,8,1,3,7,10,21,0.5,4.7,13,2,4,N
77.8,1,0,7,7,7,3,2,20,9,1,3,8,11,21,0.5,4,13,2,4,N
87.5,1,1,13,9,19,7,2,11.8,15,0.8,3,18,18,65,0.3,26.4,40,6,12,N
86.2,1,5,20,15,17,11,4,20.1,24,0.8,8,30,31,89,0.2,22.1,50,10,20,N
70,2,1,6,7,12,3,3,11.1,9,0.5,2,7,12,29,0.5,11.1,16,2,4,N
75,3,1,8,10,18,5,3,13.2,11,1,4,13,15,47,0.3,17.1,28,4,8,N
75,3,1,8,11,18,5,3,14.4,11,1,5,14,15,51,0.3,17.2,30,4,8,N
76.9,1,1,9,9,17,5,3,13.4,12,1,4,15,15,51,0.3,17.9,32,4,8,N
0,0,0,0,2,5,3,0,6,0,0.5,0,5,2,8,0.5,3.8,5,2,4,N
80,2,0,4,7,9,5,1,15.9,5,1,2,9,8,23,1,5.8,14,2,6,N
71.4,2,0,5,7,9,5,2,16.6,7,1,2,9,10,24,1,5.8,15,2,6,N
89.5,1,1,16,11,21,9,2,14,18,0.8,4,26,21,96,0.2,34.4,60,8,16,N
76.9,4,1,9,13,17,7,3,18.5,12,1,4,18,16,64,0.3,17,38,6,12,N
88.9,6,1,15,16,20,13,2,20.1,17,1,4,32,22,124,0.1,31.9,73,12,24,N
76.9,5,1,9,13,17,7,3,18.2,12,1,4,18,17,63,0.3,17,37,6,12,N
78.6,1,1,10,9,17,7,3,14.4,13,1,5,23,16,75,0.3,24.6,49,6,12,N
50,0,0,1,2,5,3,1,6,2,0.5,0,5,4,8,0.5,3.8,5,2,4,N
85.7,1,0,6,9,15,7,1,12.4,7,1,4,20,9,54,0.3,20,30,6,12,N
80,0,0,8,9,13,7,2,14.1,10,1,4,16,12,48,0.3,15.2,27,6,12,N
75,1,0,3,5,12,5,1,9.8,4,0.7,2,10,6,23,1,9.6,15,4,8,N
80,1,0,4,5,7,3,1,13.7,5,1,2,7,7,16,0.5,4.2,10,2,4,N
80,1,0,4,5,7,3,1,13.7,5,1,2,7,7,16,0.5,4.2,10,2,4,N
88.2,1,1,14,9,19,7,2,11.9,16,0.8,3,19,19,68,0.3,27.4,42,6,12,N
85.7,1,0,6,8,16,5,1,13.8,7,1,3,14,9,48,0.3,16,32,4,8,N
71.4,0,0,5,6,9,3,2,13,7,1,2,7,9,25,0.5,7.5,15,2,4,N
86.2,1,5,20,13,17,11,4,17.2,24,0.8,7,29,31,85,0.2,24.2,48,10,20,N
75,2,1,8,7,18,5,3,8.8,11,1,3,12,14,44,0.3,23.1,26,4,8,N
76.9,1,1,9,7,17,5,3,10.2,12,1,3,14,15,46,0.3,20.6,29,4,8,N
81.8,2,0,9,7,13,7,2,9.5,11,0.8,1,13,13,49,0.3,22.3,25,6,12,N
50,3,0,1,6,8,3,1,11.4,2,0.5,0,7,4,20,0.5,6.7,10,2,4,N
83.3,1,2,3,11,7,3,1,26.2,4,0.5,1,6,8,34,0.5,5.4,17,2,4,N
77.8,2,0,7,8,16,7,2,13.8,9,0.3,0,10,11,36,0.3,12,24,6,12,N
78.6,1,0,11,10,13,5,3,21.3,14,1,2,9,16,49,0.3,10.4,33,4,8,N
92.3,5,5,19,19,15,3,2,39.6,21,1,2,10,29,129,0.5,16.6,87,2,4,N
87,4,3,17,27,20,9,3,35.3,20,0.6,4,20,25,113,0.2,17.8,65,8,16,N
85.7,2,3,21,26,16,9,4,39.1,25,0.8,6,18,30,127,0.8,17.5,70,6,14,N
90,3,1,17,24,16,5,2,40.4,19,0.7,2,9,22,139,1,18.3,84,2,6,N
85.2,2,3,20,25,17,9,4,36.5,24,0.8,6,17,29,122,1,18,69,6,14,N
89.5,4,4,13,14,13,3,2,29.6,15,1,2,8,23,81,0.5,13,53,2,4,N
85.7,3,3,9,21,14,7,2,33.8,11,0.5,4,14,18,68,0.3,10.3,37,6,12,N
86.7,1,2,11,17,15,5,2,28.5,13,0.7,5,11,18,73,1,12.8,44,2,6,N
90,4,1,17,24,16,7,2,40.2,19,0.5,2,10,23,141,1,18.7,85,2,8,N
75,2,0,3,8,7,5,1,17.9,4,0.3,1,10,6,24,0.3,5.3,12,4,8,N
90.9,2,1,9,12,13,13,1,17.4,10,0.1,2,20,13,69,1,18.4,35,8,20,N
86.7,3,18,106,78,35,67,19,72.4,125,0.7,12,110,146,610,0.7,57.4,354,38,100,N
80,2,0,4,2,5,3,1,6.2,5,0.5,0,6,7,11,0.5,5,7,2,4,N
80,2,0,4,2,5,3,1,6.2,5,0.5,0,6,7,11,0.5,5,7,2,4,N
0,1,0,0,3,8,3,0,7.8,0,1,1,6,2,12,0.5,5.3,8,2,4,N
0,2,0,0,4,8,3,0,8.2,0,0.5,1,7,1,16,0.5,7,9,2,4,N
0,2,0,0,5,11,3,0,9.9,0,0.5,1,7,1,19,0.5,7.7,12,2,4,N
50,2,0,1,2,5,3,1,5.1,2,0.5,0,6,4,9,0.5,5,5,2,4,N
50,3,0,1,3,6,7,1,6.7,2,0.3,0,10,4,21,0.3,10,11,6,12,N
50,2,0,1,2,5,3,1,5.1,2,0.5,0,6,4,9,0.5,5,5,2,4,N
50,3,0,1,3,6,7,1,6.7,2,0.3,0,10,4,21,0.3,10,11,6,12,N
50,2,0,1,2,9,3,1,4,2,0.5,0,6,4,18,0.5,15.8,11,2,4,N
50,2,0,1,2,6,1,1,8,2,1,0,2,4,8,1,3,6,2,4,N
50,2,0,1,2,6,1,1,8,2,1,0,2,4,8,1,3,6,2,4,N
50,2,0,1,2,6,1,1,8,2,1,0,2,5,8,1,3,6,2,4,N
80,2,0,4,5,8,3,1,10.8,5,0.5,3,8,7,21,0.5,7.2,12,2,4,N
81,2,1,16,8,13,6,4,15.5,20,0.8,5,13,23,46,0.3,13,30,2,4,N
87.5,0,5,2,2,6,3,1,9,3,1,2,6,10,9,0.5,3,7,2,4,N
75,0,4,2,2,5,3,2,9,4,1,2,6,10,8,0.5,2.5,6,2,4,N
83.3,0,4,1,3,6,3,1,7,2,0.5,0,6,8,11,0.5,5,6,2,4,N
83.3,4,3,7,11,13,3,2,19.6,9,0.5,1,8,17,43,0.5,10.1,26,2,4,N
86.4,0,111,558,245,31,287,105,310.3,663,0.8,74,568,776,2041,0.9,53.3,1198,284,570,N
87.5,0,1,6,4,11,5,1,7.7,7,1,3,11,10,27,1,13.8,17,4,8,N
80,2,1,3,7,9,3,1,14.5,4,1,2,6,7,21,0.5,5.8,12,2,4,N
85.4,3,1,34,25,20,31,6,31.2,40,0.8,6,47,43,175,0.9,30.8,98,20,50,N
85.4,3,1,34,24,17,29,6,33.3,40,0.7,6,46,43,165,0.9,26.6,90,20,48,N
85.4,3,1,34,25,20,31,6,31.2,40,0.8,6,47,43,175,0.9,30.8,98,20,50,N
90.7,4,5,34,26,13,13,4,44.1,38,0.6,13,44,48,119,0.1,14.3,62,12,24,N
89.5,0,3,31,23,18,21,4,35.4,35,0.7,15,44,40,124,0.5,18.8,76,16,34,N
80,1,0,4,5,8,3,1,12.3,5,1,2,7,7,16,0.5,4.8,10,2,4,N
80,2,0,4,6,8,3,1,13.9,5,1,2,7,7,17,0.5,4.7,10,2,4,N
66.7,0,0,2,3,8,3,1,6.2,3,1,2,8,5,19,0.5,10.7,11,2,4,N
80,1,0,4,5,8,3,1,12.3,5,1,2,7,7,16,0.5,4.8,10,2,4,N
80,2,0,4,6,8,3,1,13.9,5,1,2,7,7,17,0.5,4.7,10,2,4,N
66.7,0,0,2,3,8,3,1,6.2,3,1,2,8,5,19,0.5,10.7,11,2,4,N
80,2,0,4,7,9,5,1,15.9,5,1,3,9,7,23,1,5.8,14,2,6,N
80,3,0,4,8,9,5,1,17.4,5,1,3,9,8,24,1,5.6,14,2,6,N
75,0,0,3,6,8,5,1,13.5,4,1,4,15,6,33,0.3,9.3,19,4,8,N
80,1,0,4,5,8,3,1,12.3,5,1,2,7,7,16,0.5,4.8,10,2,4,N
80,2,0,4,6,8,3,1,13.9,5,1,2,7,7,17,0.5,4.7,10,2,4,N
66.7,0,0,2,3,8,3,1,6.2,3,1,2,8,5,19,0.5,10.7,11,2,4,N
80,1,0,4,5,8,3,1,12.3,5,1,2,7,7,16,0.5,4.8,10,2,4,N
80,2,0,4,6,8,3,1,13.9,5,1,2,7,7,17,0.5,4.7,10,2,4,N
66.7,0,0,2,3,8,3,1,6.2,3,1,2,8,5,19,0.5,10.7,11,2,4,N
80,1,0,4,5,8,3,1,12.3,5,1,2,7,7,16,0.5,4.8,10,2,4,N
80,2,0,4,6,8,3,1,13.9,5,1,2,7,7,17,0.5,4.7,10,2,4,N
66.7,0,0,2,3,8,3,1,6.2,3,1,2,8,5,19,0.5,10.7,11,2,4,N
60,0,0,6,3,11,5,4,8.3,10,0.3,1,9,12,20,0.3,9.2,15,2,4,N
0,0,0,0,2,8,3,0,8.3,0,1,1,5,1,10,0.5,4,8,2,4,N
66.7,1,0,4,3,7,5,2,8.5,6,0.7,1,8,8,15,0.3,5.8,10,4,8,N
60,3,0,3,6,8,3,2,12.1,5,0.5,1,6,7,17,0.5,5.3,9,2,4,N
75,0,0,3,5,8,3,1,13.9,4,0.5,0,6,6,18,0.5,4.8,12,2,4,N
75,0,0,3,5,8,3,1,13.9,4,0.5,0,6,6,18,0.5,4.8,12,2,4,N
66.7,1,0,2,3,8,3,1,9.3,3,0.5,0,5,5,18,0.5,6.7,13,2,6,N
75,0,0,3,5,8,3,1,13.9,4,0.5,0,6,6,18,0.5,4.8,12,2,4,N
75,0,0,3,5,8,3,1,13.9,4,0.5,0,6,6,18,0.5,4.8,12,2,4,N
75,0,0,3,5,8,3,1,13.9,4,0.5,0,6,6,18,0.5,4.8,12,2,4,N
75,0,0,3,5,8,3,1,13.9,4,0.5,0,6,6,18,0.5,4.8,12,2,4,N
50,1,0,1,4,5,3,1,11.4,2,1,1,6,4,9,0.5,2.5,5,2,4,N
50,0,0,1,3,6,3,1,9.5,2,1,1,6,4,9,0.5,3,6,2,4,N
60,2,0,3,9,9,5,2,18.2,5,0.7,2,8,7,24,0.3,5.5,13,2,6,N
60,3,0,3,8,6,3,2,20.3,5,0.5,1,6,7,18,0.5,3.4,9,2,4,N
62.5,1,0,5,9,7,3,3,24.3,8,0.5,2,8,10,26,0.5,4.3,15,2,4,N
50,1,0,1,4,7,3,1,11.1,2,0.5,1,5,4,14,0.5,4.4,9,2,6,N
50,1,0,1,4,7,3,1,11.1,2,0.5,1,5,4,14,0.5,4.4,9,2,6,N
50,1,0,1,4,7,3,1,11.1,2,0.5,1,5,4,14,0.5,4.4,9,2,6,N
50,1,0,1,4,7,3,1,11.1,2,0.5,1,5,4,14,0.5,4.4,9,2,6,N
85.7,0,4,2,2,6,3,1,8,3,1,1,5,9,8,0.5,3,6,2,4,N
66.7,1,0,2,3,6,3,1,9.5,3,1,1,5,5,9,0.5,3,6,2,4,N
88.9,1,4,4,6,9,5,1,11.7,5,0.7,2,10,11,18,0.3,6,10,4,8,N
50,0,0,1,3,6,3,1,10.3,2,0.5,0,5,4,13,0.5,4,9,2,6,N
70,2,0,7,10,7,5,3,23.4,10,1,3,9,12,30,0.3,5.3,15,4,8,N
70,3,0,7,11,7,5,3,26.2,10,1,3,9,12,32,0.3,5.1,16,4,8,N
50,1,0,1,4,9,5,1,7.5,2,0.3,0,7,4,16,1,7.9,9,2,6,N
66.7,0,0,2,3,7,3,1,9.5,3,1,1,5,5,10,0.5,3.5,7,2,4,N
66.7,0,0,2,3,7,3,1,9.5,3,1,2,6,5,10,0.5,3.5,7,2,4,N
87.5,0,4,3,3,7,3,1,7.4,4,1,1,5,10,13,0.5,5.8,8,2,4,N
50,0,0,1,1,6,1,1,6.6,2,1,1,3,4,7,1,3,6,2,4,N
90.9,1,2,18,15,17,12,2,27.8,20,0.9,9,22,24,63,0.6,11.3,43,6,12,N
83.3,2,3,12,7,11,5,3,16.6,15,1,8,17,20,50,0.3,12.6,34,4,8,N
0,2,0,0,4,8,3,0,8.2,0,0.5,1,7,1,16,0.5,7,9,2,4,N
0,2,0,0,5,11,3,0,9.9,0,0.5,1,7,1,19,0.5,7.7,12,2,4,N
50,2,0,1,3,8,1,1,11.2,2,1,1,3,4,13,1,4,10,2,4,N
80,2,0,4,2,5,3,1,6.2,5,0.5,0,6,7,11,0.5,5,7,2,4,N
50,2,0,1,2,5,3,1,5.1,2,0.5,0,6,4,9,0.5,5,5,2,4,N
50,3,0,1,3,6,7,1,6.7,2,0.3,0,10,4,21,0.3,10,11,6,12,N
80,2,0,4,2,5,3,1,6.2,5,0.5,0,6,7,11,0.5,5,7,2,4,N
50,2,0,1,2,5,3,1,5.1,2,0.5,0,6,4,9,0.5,5,5,2,4,N
50,3,0,1,3,6,7,1,6.7,2,0.3,0,10,4,21,0.3,10,11,6,12,N
50,2,0,1,2,9,3,1,4,2,0.5,0,6,4,18,0.5,15.8,11,2,4,N
50,2,0,1,2,6,1,1,8,2,1,0,2,4,8,1,3,6,2,4,N
50,2,0,1,2,6,1,1,8,2,1,0,2,4,8,1,3,6,2,4,N
50,2,0,1,2,6,1,1,8,2,1,0,2,4,8,1,3,6,2,4,N
50,2,0,1,2,6,1,1,8,2,1,0,2,5,8,1,3,6,2,4,N
50,2,0,1,2,6,1,1,8,2,1,0,2,4,8,1,3,6,2,4,N
50,2,0,1,2,9,5,1,5.9,2,0.3,0,6,4,23,0.3,13.5,17,2,8,N
50,2,0,1,2,6,1,1,8,2,1,0,2,4,8,1,3,6,2,4,N
83.3,2,4,1,3,8,1,1,11.2,2,1,1,3,8,13,1,4,10,2,4,N
50,2,0,1,2,6,3,1,7,2,0.5,0,5,4,14,0.5,6,10,2,6,N
50,2,0,1,2,6,1,1,8,2,1,0,2,4,8,1,3,6,2,4,N
0,1,0,0,3,8,3,0,7.8,0,1,1,6,2,12,0.5,5.3,8,2,4,N
80,2,0,4,5,8,3,1,10.8,5,0.5,3,8,7,21,0.5,7.2,12,2,4,N
81,2,1,16,8,13,6,4,15.5,20,0.8,5,13,23,46,0.3,13,30,2,4,N
80,2,0,12,8,15,7,3,10.5,15,0.8,2,13,17,63,0.3,27.2,34,6,12,N
80,2,0,12,10,16,7,3,13.1,15,0.8,3,14,17,69,0.3,24.8,38,6,12,N
87.5,0,5,2,2,6,3,1,9,3,1,2,6,10,9,0.5,3,7,2,4,N
75,0,4,2,2,5,3,2,9,4,1,2,6,10,8,0.5,2.5,6,2,4,N
83.3,0,4,1,3,6,3,1,7,2,0.5,0,6,8,11,0.5,5,6,2,4,N
75,0,0,3,4,4,3,1,15,4,1,2,6,6,10,0.5,2,6,2,4,N
75,0,0,3,5,8,3,1,9.8,4,1,2,9,6,19,0.5,7.2,10,2,4,N
88.9,2,0,8,10,17,5,1,14.1,9,1,2,8,11,53,0.3,17.9,32,4,8,N
83.3,1,0,5,6,15,3,1,10,6,1,1,5,8,40,0.5,17.5,26,2,4,N
84.2,1,2,14,7,16,9,3,9.4,17,0.4,1,15,21,57,0.2,27.4,33,8,16,N
88.2,0,4,11,9,11,5,2,20.9,13,1,12,20,19,68,0.3,14.1,45,4,8,N
0,2,0,0,5,10,5,0,10.3,0,1,3,8,1,29,0.3,11,18,2,8,N
88,1,12,10,8,14,7,3,16.7,13,1,7,19,27,59,0.3,15.8,41,6,12,N
94.1,0,9,7,13,14,3,1,26.5,8,1,8,14,19,42,0.5,7.5,28,2,4,N
92.6,4,8,17,21,9,7,2,52,19,1,12,22,29,59,0.3,5.6,33,6,12,N
80,1,0,4,5,8,3,1,12.3,5,1,2,7,7,16,0.5,4.8,10,2,4,N
80,2,0,4,6,8,3,1,13.9,5,1,2,7,7,17,0.5,4.7,10,2,4,N
66.7,0,0,2,3,8,3,1,6.2,3,1,2,8,5,19,0.5,10.7,11,2,4,N
80,1,0,4,5,8,3,1,12.3,5,1,2,7,7,16,0.5,4.8,10,2,4,N
80,2,0,4,6,8,3,1,13.9,5,1,2,7,7,17,0.5,4.7,10,2,4,N
66.7,0,0,2,3,8,3,1,6.2,3,1,2,8,5,19,0.5,10.7,11,2,4,N
80,2,0,4,7,9,5,1,15.9,5,1,3,9,7,23,1,5.8,14,2,6,N
80,3,0,4,8,9,5,1,17.4,5,1,3,9,8,24,1,5.6,14,2,6,N
75,0,0,3,6,8,5,1,13.5,4,1,4,15,6,33,0.3,9.3,19,4,8,N
80,1,0,4,5,8,3,1,12.3,5,1,2,7,7,16,0.5,4.8,10,2,4,N
80,2,0,4,6,8,3,1,13.9,5,1,2,7,7,17,0.5,4.7,10,2,4,N
66.7,0,0,2,3,8,3,1,6.2,3,1,2,8,5,19,0.5,10.7,11,2,4,N
80,1,0,4,5,8,3,1,12.3,5,1,2,7,7,16,0.5,4.8,10,2,4,N
80,2,0,4,6,8,3,1,13.9,5,1,2,7,7,17,0.5,4.7,10,2,4,N
66.7,0,0,2,3,8,3,1,6.2,3,1,2,8,5,19,0.5,10.7,11,2,4,N
80,1,0,4,5,8,3,1,12.3,5,1,2,7,7,16,0.5,4.8,10,2,4,N
80,2,0,4,6,8,3,1,13.9,5,1,2,7,7,17,0.5,4.7,10,2,4,N
66.7,0,0,2,3,8,3,1,6.2,3,1,2,8,5,19,0.5,10.7,11,2,4,N
60,0,0,6,3,11,5,4,8.3,10,0.3,1,9,12,20,0.3,9.2,15,2,4,N
0,0,0,0,2,8,3,0,8.3,0,1,1,5,1,10,0.5,4,8,2,4,N
66.7,1,0,4,3,7,5,2,8.5,6,0.7,1,8,8,15,0.3,5.8,10,4,8,N
60,3,0,3,6,8,3,2,12.1,5,0.5,1,6,7,17,0.5,5.3,9,2,4,N
75,0,0,3,5,8,3,1,13.9,4,0.5,0,6,6,18,0.5,4.8,12,2,4,N
75,0,0,3,5,8,3,1,13.9,4,0.5,0,6,6,18,0.5,4.8,12,2,4,N
66.7,1,0,2,3,8,3,1,9.3,3,0.5,0,5,5,18,0.5,6.7,13,2,6,N
75,0,0,3,5,8,3,1,13.9,4,0.5,0,6,6,18,0.5,4.8,12,2,4,N
75,0,0,3,5,8,3,1,13.9,4,0.5,0,6,6,18,0.5,4.8,12,2,4,N
75,0,0,3,5,8,3,1,13.9,4,0.5,0,6,6,18,0.5,4.8,12,2,4,N
75,0,0,3,5,8,3,1,13.9,4,0.5,0,6,6,18,0.5,4.8,12,2,4,N
50,1,0,1,4,5,3,1,11.4,2,1,1,6,4,9,0.5,2.5,5,2,4,N
50,0,0,1,3,6,3,1,9.5,2,1,1,6,4,9,0.5,3,6,2,4,N
60,2,0,3,9,9,5,2,18.2,5,0.7,2,8,7,24,0.3,5.5,13,2,6,N
60,3,0,3,8,6,3,2,20.3,5,0.5,1,6,7,18,0.5,3.4,9,2,4,N
62.5,1,0,5,9,7,3,3,24.3,8,0.5,2,8,10,26,0.5,4.3,15,2,4,N
50,1,0,1,4,7,3,1,11.1,2,0.5,1,5,4,14,0.5,4.4,9,2,6,N
50,1,0,1,4,7,3,1,11.1,2,0.5,1,5,4,14,0.5,4.4,9,2,6,N
50,1,0,1,4,7,3,1,11.1,2,0.5,1,5,4,14,0.5,4.4,9,2,6,N
50,1,0,1,4,7,3,1,11.1,2,0.5,1,5,4,14,0.5,4.4,9,2,6,N
85.7,0,4,2,2,6,3,1,8,3,1,1,5,9,8,0.5,3,6,2,4,N
66.7,1,0,2,3,6,3,1,9.5,3,1,1,5,5,9,0.5,3,6,2,4,N
88.9,1,4,4,6,9,5,1,11.7,5,0.7,2,10,11,18,0.3,6,10,4,8,N
50,0,0,1,3,6,3,1,10.3,2,0.5,0,5,4,13,0.5,4,9,2,6,N
70,2,0,7,10,7,5,3,23.4,10,1,3,9,12,30,0.3,5.3,15,4,8,N
70,3,0,7,11,7,5,3,26.2,10,1,3,9,12,32,0.3,5.1,16,4,8,N
50,1,0,1,4,9,5,1,7.5,2,0.3,0,7,4,16,1,7.9,9,2,6,N
66.7,0,0,2,3,7,3,1,9.5,3,1,1,5,5,10,0.5,3.5,7,2,4,N
66.7,0,0,2,3,7,3,1,9.5,3,1,2,6,5,10,0.5,3.5,7,2,4,N
87.5,0,4,3,3,7,3,1,7.4,4,1,1,5,10,13,0.5,5.8,8,2,4,N
50,0,0,1,1,6,1,1,6.6,2,1,1,3,4,7,1,3,6,2,4,N
90.9,1,2,18,15,17,12,2,27.8,20,0.9,9,22,24,63,0.6,11.3,43,6,12,N
83.3,2,3,12,7,11,5,3,16.6,15,1,8,17,20,50,0.3,12.6,34,4,8,N
50,0,0,1,2,5,3,1,6,2,0.5,0,5,4,8,0.5,3.8,5,2,4,N
80,1,0,4,6,16,5,1,10,5,1,3,14,7,39,0.3,17.3,26,4,8,N
75,1,0,6,6,7,3,2,16.7,8,1,3,7,10,21,0.5,4.7,13,2,4,N
77.8,1,0,7,7,7,3,2,20,9,1,3,8,11,21,0.5,4,13,2,4,N
87.5,1,1,13,9,19,7,2,11.8,15,0.8,3,18,18,65,0.3,26.4,40,6,12,N
86.2,1,5,20,15,17,11,4,20.1,24,0.8,8,30,31,89,0.2,22.1,50,10,20,N
70,2,1,6,7,12,3,3,11.1,9,0.5,2,7,12,29,0.5,11.1,16,2,4,N
75,3,1,8,10,18,5,3,13.2,11,1,4,13,15,47,0.3,17.1,28,4,8,N
75,3,1,8,11,18,5,3,14.4,11,1,5,14,15,51,0.3,17.2,30,4,8,N
76.9,1,1,9,9,17,5,3,13.4,12,1,4,15,15,51,0.3,17.9,32,4,8,N
0,0,0,0,2,5,3,0,6,0,0.5,0,5,2,8,0.5,3.8,5,2,4,N
80,2,0,4,7,9,5,1,15.9,5,1,2,9,8,23,1,5.8,14,2,6,N
71.4,2,0,5,7,9,5,2,16.6,7,1,2,9,10,24,1,5.8,15,2,6,N
89.5,1,1,16,11,21,9,2,14,18,0.8,4,26,21,96,0.2,34.4,60,8,16,N
76.9,4,1,9,13,17,7,3,18.5,12,1,4,18,16,64,0.3,17,38,6,12,N
88.9,6,1,15,16,20,13,2,20.1,17,1,4,32,22,124,0.1,31.9,73,12,24,N
76.9,5,1,9,13,17,7,3,18.2,12,1,4,18,17,63,0.3,17,37,6,12,N
78.6,1,1,10,9,17,7,3,14.4,13,1,5,23,16,75,0.3,24.6,49,6,12,N
50,0,0,1,2,5,3,1,6,2,0.5,0,5,4,8,0.5,3.8,5,2,4,N
85.7,1,0,6,9,15,7,1,12.4,7,1,4,20,9,54,0.3,20,30,6,12,N
80,0,0,8,9,13,7,2,14.1,10,1,4,16,12,48,0.3,15.2,27,6,12,N
75,1,0,3,5,12,5,1,9.8,4,0.7,2,10,6,23,1,9.6,15,4,8,N
80,1,0,4,5,7,3,1,13.7,5,1,2,7,7,16,0.5,4.2,10,2,4,N
80,1,0,4,5,7,3,1,13.7,5,1,2,7,7,16,0.5,4.2,10,2,4,N
88.2,1,1,14,9,19,7,2,11.9,16,0.8,3,19,19,68,0.3,27.4,42,6,12,N
85.7,1,0,6,8,16,5,1,13.8,7,1,3,14,9,48,0.3,16,32,4,8,N
71.4,0,0,5,6,9,3,2,13,7,1,2,7,9,25,0.5,7.5,15,2,4,N
86.2,1,5,20,13,17,11,4,17.2,24,0.8,7,29,31,85,0.2,24.2,48,10,20,N
75,2,1,8,7,18,5,3,8.8,11,1,3,12,14,44,0.3,23.1,26,4,8,N
76.9,1,1,9,7,17,5,3,10.2,12,1,3,14,15,46,0.3,20.6,29,4,8,N
82.4,1,1,13,7,10,7,3,20,16,1,7,17,19,42,0.3,8.6,30,4,8,N
82.1,0,3,20,16,14,9,5,33.7,25,1,7,19,30,60,0.2,8.8,40,6,12,N
94.6,2,13,22,24,6,21,2,102.3,24,1,3,34,38,86,0.1,4.1,53,20,40,N
0,2,0,0,4,8,3,0,8.2,0,0.5,1,7,1,16,0.5,7,9,2,4,N
94.1,2,5,11,14,14,7,1,30.2,12,1,9,20,19,69,0.3,11,47,6,12,N
91.7,1,3,8,9,12,5,1,16.5,9,1,3,10,14,40,0.3,10.7,24,4,8,N
95.2,4,8,12,13,13,3,1,24.8,13,0.5,4,9,26,79,0.5,15,49,2,4,Y
85.7,2,2,4,6,10,3,1,10.8,5,0.5,1,7,9,36,0.5,13.3,20,2,4,N
85.7,1,2,4,8,12,3,1,12.7,5,0.5,1,8,9,33,0.5,11.3,18,2,4,N
88.9,0,5,11,17,12,5,2,31.1,13,0.7,3,15,20,88,0.3,13.8,49,4,8,N
90,0,4,32,36,16,9,4,55.6,36,0.6,3,23,42,299,0.6,30.7,161,8,16,N
85.7,1,2,4,8,12,3,1,12.7,5,0.5,1,8,9,33,0.5,11.3,18,2,4,N
81.3,2,4,9,18,12,3,3,33.8,12,1,12,20,17,62,0.5,9,35,2,4,N
75,1,0,3,6,10,5,1,11.4,4,0.7,1,6,6,19,1,6.7,11,2,6,N
83.3,1,0,5,4,12,3,1,8,6,1,2,7,8,30,0.5,15,20,2,4,N
81.5,2,0,22,19,18,10,5,28.7,27,1,14,31,29,128,0.2,23.2,79,6,12,N
83.3,1,0,5,5,6,3,1,13.2,6,1,2,7,8,16,0.5,4.2,9,2,4,N
75,1,0,3,6,10,5,1,11.4,4,0.7,1,6,6,19,1,6.7,11,2,6,N
80,1,0,4,7,10,5,1,12,5,0.7,2,11,7,23,0.3,7.9,12,4,8,N
66.7,0,0,2,2,7,3,1,6,3,1,1,5,5,10,0.5,5.3,7,2,4,N
57.1,1,0,4,3,8,3,3,7.4,7,1,2,7,9,17,0.5,8,11,2,4,N
50,1,0,2,3,7,3,2,7.8,4,1,2,6,6,11,0.5,4.7,7,2,4,N
94.7,1,2,16,17,15,11,1,27.8,17,1,8,25,21,98,0.7,17.7,58,8,18,N
76.5,1,0,13,11,12,7,4,19.8,17,0.8,6,20,19,50,0.3,11.5,29,6,12,N
84,2,0,21,19,17,21,4,26.4,25,0.6,9,35,28,114,0.6,22.4,64,12,32,N
66.7,3,0,2,6,9,3,1,12.5,3,1,3,9,5,24,0.5,7.5,14,2,4,N
75,1,0,6,6,9,3,2,14.9,8,1,3,8,10,20,0.5,5.3,13,2,4,N
66.7,3,0,6,8,9,3,3,14.9,9,1,5,12,13,37,0.5,10.1,19,2,4,N
83.3,2,0,10,13,18,9,2,17.5,12,0.6,3,13,14,49,1,13.9,29,4,12,N
85.7,1,0,6,6,9,3,1,13.5,7,1,1,6,9,26,0.5,7.5,16,2,4,N
87.5,2,0,7,10,13,5,1,16.4,8,1,3,8,11,33,1,9.1,19,2,6,N
66.7,3,0,2,6,8,3,1,13.1,3,1,3,9,5,23,0.5,6.7,13,2,4,N
81.8,1,0,9,8,12,5,2,15.5,11,1,3,11,13,35,0.3,9.8,22,4,8,N
66.7,3,0,6,8,9,3,3,14.9,9,1,5,12,13,37,0.5,10.1,19,2,4,N
83.3,2,0,10,12,16,7,2,17.6,12,1,4,13,14,44,1,12,26,4,10,N
75,3,0,3,9,7,5,1,24,4,1,4,15,6,35,0.3,5.8,20,4,8,N
81.8,2,0,9,10,12,7,2,19.2,11,1,4,15,13,44,0.8,10.2,27,4,10,N
72.7,5,0,8,13,8,5,3,29.9,11,1,7,19,15,65,0.3,9.5,34,4,8,N
83.3,3,0,10,14,16,9,2,20.9,12,1,5,16,15,51,1,12,30,4,12,N
85.7,1,0,6,5,8,3,1,11.8,7,1,2,6,9,23,0.5,7.2,14,2,4,N
90,2,0,9,14,17,9,1,20,10,0.8,3,12,13,54,1,13.4,32,4,12,N
66.7,3,0,2,6,8,3,1,13.1,3,1,3,9,5,23,0.5,6.7,13,2,4,N
75,1,0,6,6,9,3,2,14.9,8,1,3,8,10,20,0.5,5.3,13,2,4,N
66.7,3,0,6,8,9,3,3,14.9,9,1,5,12,13,37,0.5,10.1,19,2,4,N
83.3,2,0,10,12,16,7,2,17.6,12,1,4,13,14,44,1,12,26,4,10,N
66.7,0,0,2,1,4,3,1,3.5,3,0.5,0,5,5,6,0.5,4,4,2,4,N
75,3,1,8,8,10,3,3,16.4,11,1,3,6,14,27,0.5,6.9,16,2,4,N
72.7,1,1,7,6,10,5,3,12,10,0.7,1,10,13,25,0.3,8.3,15,4,8,N
76.9,2,1,9,7,10,7,3,14.3,12,0.5,1,13,15,35,1,10,21,6,12,N
76.9,2,1,9,7,10,7,3,14.3,12,0.5,1,13,15,35,1,10,21,6,12,N
80,2,2,10,14,14,7,3,24,13,0.8,5,17,17,55,1,11,33,6,12,N
75,3,1,8,8,10,7,3,15.7,11,0.5,1,13,14,33,0.3,8.8,19,6,12,N
75,0,0,3,4,10,5,1,7.8,4,1,2,10,6,23,0.3,11.3,14,4,8,N
75,0,0,3,4,12,5,1,7,4,1,2,10,6,29,0.3,16.5,18,4,8,N
85.7,1,0,6,5,8,3,1,11.8,7,1,2,6,9,23,0.5,7.2,14,2,4,N
87.5,2,0,7,10,13,5,1,16.4,8,1,3,8,11,33,1,9.1,19,2,6,N
66.7,3,0,2,6,8,3,1,13.1,3,1,3,9,5,23,0.5,6.7,13,2,4,N
81.8,1,0,9,8,11,5,2,15.9,11,1,4,11,13,36,0.3,9.6,22,4,8,N
66.7,3,0,6,8,9,3,3,14.9,9,1,5,12,13,37,0.5,10.1,19,2,4,N
83.3,2,0,10,12,16,7,2,17.6,12,1,4,13,14,44,1,12,26,4,10,N
94.4,4,5,29,25,16,21,2,40.7,31,1,8,45,41,180,0.8,23.7,106,16,36,N
82.8,1,0,24,15,14,13,5,24.6,29,0.7,7,34,31,97,0.1,19.1,56,12,24,N
87.8,2,0,36,23,17,25,5,34,41,0.9,10,51,44,191,0.9,29.9,110,20,44,N
87,2,2,18,18,14,13,3,29.4,21,0.9,9,30,25,96,0.9,16.3,54,10,22,N
77.8,3,0,7,9,15,5,2,12.8,9,1,2,11,11,35,1,12.5,20,4,8,N
85.7,1,0,6,5,8,3,1,11.8,7,1,2,6,9,23,0.5,7.2,14,2,4,N
90,2,0,9,14,16,9,1,20.7,10,0.8,3,12,13,53,1,12.6,31,4,12,N
66.7,3,0,2,6,8,3,1,13.1,3,1,3,9,5,23,0.5,6.7,13,2,4,N
75,1,0,6,6,9,3,2,14.9,8,1,3,8,10,20,0.5,5.3,13,2,4,N
66.7,3,0,6,8,9,3,3,14.9,9,1,5,12,13,37,0.5,10.1,19,2,4,N
83.3,2,0,10,12,16,7,2,17.6,12,1,4,13,14,44,1,12,26,4,10,N
73.3,2,2,9,4,9,5,4,12.1,13,1,2,9,17,22,0.3,6.8,16,2,4,N
0,2,0,0,5,10,3,0,11.2,0,1,2,6,1,23,0.5,8,15,2,6,N
77.8,11,2,5,16,9,3,2,35,7,1,4,8,17,36,0.5,4.8,19,2,4,N
91.6,3,22,43,25,29,18,6,27,49,0.6,13,43,75,188,0.5,40,119,10,24,N
0,2,0,0,5,10,3,0,11.2,0,1,2,6,1,23,0.5,8,15,2,6,N
76.2,2,0,16,12,15,9,5,19.6,21,1,7,18,23,80,1,19.4,49,8,16,N
79,4,0,15,12,16,7,4,17.9,19,1,8,18,22,82,1,22,49,6,12,N
81.8,6,0,18,15,18,11,4,21.7,22,1,10,23,26,111,1,25.8,68,8,18,N
80,1,0,4,4,9,3,1,9.9,5,1,2,7,7,18,0.5,6.8,12,2,4,N
80,1,0,4,4,9,3,1,9.9,5,1,2,7,7,18,0.5,6.8,12,2,4,N
84.2,4,0,16,12,16,11,3,18.1,19,1,6,20,22,88,0.7,23.3,53,10,20,N
66.7,2,1,5,8,10,3,3,14.9,8,1,4,8,11,29,0.5,8.1,16,2,4,N
81.8,6,0,18,15,18,11,4,21.7,22,1,10,23,26,111,1,25.8,68,8,18,N
80,1,0,4,4,9,3,1,9.9,5,1,2,7,7,18,0.5,6.8,12,2,4,N
80,1,0,4,4,9,3,1,9.9,5,1,2,7,7,18,0.5,6.8,12,2,4,N
84,8,0,21,19,18,15,4,27.6,25,1,10,27,30,133,1,25.1,80,8,22,N
80,2,0,4,5,10,5,1,11.3,5,1,3,9,7,26,1,9,17,2,6,N
80,2,0,4,5,10,5,1,11.3,5,1,3,9,7,26,1,9,17,2,6,N
76.2,2,0,16,12,15,9,5,19.6,21,1,7,18,23,80,1,19.4,49,8,16,N
79,4,0,15,12,16,7,4,17.9,19,1,8,18,22,82,1,22,49,6,12,N
81.8,6,0,18,15,18,11,4,21.7,22,1,10,23,26,111,1,25.8,68,8,18,N
80,1,0,4,4,9,3,1,9.9,5,1,2,7,7,18,0.5,6.8,12,2,4,N
80,1,0,4,4,9,3,1,9.9,5,1,2,7,7,18,0.5,6.8,12,2,4,N
76.2,3,0,16,13,16,9,5,20.2,21,1,7,18,23,82,1,19.7,50,8,16,N
79,5,0,15,13,16,7,4,19.5,19,1,8,18,22,84,1,20.9,50,6,12,N
60,1,0,3,4,8,3,2,8.7,5,1,2,6,7,17,0.5,7,10,2,4,N
76.2,2,0,16,12,15,9,5,19.6,21,1,7,18,23,80,1,19.4,49,8,16,N
79,4,0,15,12,16,7,4,17.9,19,1,8,18,22,82,1,22,49,6,12,N
81.8,6,0,18,15,18,11,4,21.7,22,1,10,23,26,111,1,25.8,68,8,18,N
80,1,0,4,4,9,3,1,9.9,5,1,2,7,7,18,0.5,6.8,12,2,4,N
80,1,0,4,4,9,3,1,9.9,5,1,2,7,7,18,0.5,6.8,12,2,4,N
76.2,2,0,16,12,15,9,5,19.6,21,1,7,18,23,80,1,19.4,49,8,16,N
79,4,0,15,12,16,7,4,17.9,19,1,8,18,22,82,1,22,49,6,12,N
76.2,2,0,16,12,15,9,5,19.6,21,1,7,18,23,80,1,19.4,49,8,16,N
79,4,0,15,12,16,7,4,17.9,19,1,8,18,22,82,1,22,49,6,12,N
81.8,6,0,18,15,18,11,4,21.7,22,1,10,23,26,111,1,25.8,68,8,18,N
80,1,0,4,4,9,3,1,9.9,5,1,2,7,7,18,0.5,6.8,12,2,4,N
80,1,0,4,4,9,3,1,9.9,5,1,2,7,7,18,0.5,6.8,12,2,4,N
89.3,4,17,33,14,16,19,6,21.4,39,0.6,4,28,61,192,0.8,44,115,10,28,Y
87.3,2,16,32,19,17,13,7,27.1,39,0.7,4,30,58,183,0.1,34.9,105,12,24,N
89.8,0,9,35,29,17,13,5,45.3,40,0.4,4,28,51,197,0.6,24,115,8,20,N
91.7,0,2,42,34,11,9,4,77.1,46,0.6,4,28,50,261,0.2,18.6,146,8,16,N
73.3,2,0,11,9,15,5,4,13.5,15,1,7,13,17,49,1,16.7,29,4,8,N
83.3,3,2,18,15,8,5,4,35.6,22,0.7,2,14,26,84,0.3,10.7,44,4,8,N
84.2,1,0,16,10,11,9,3,16.9,19,0.4,1,15,21,72,0.2,18.7,38,8,16,N
89.5,1,3,14,15,12,5,2,27.3,16,1,2,12,21,69,0.3,12,39,4,8,N
88.9,2,0,8,11,12,5,1,19.9,9,1,5,10,12,36,1,8.2,21,2,6,N
91.4,5,15,49,32,16,15,6,49.8,55,0.1,5,43,76,383,0.1,43,211,14,28,N
84,0,4,17,15,15,9,4,30.3,21,1,6,21,27,68,0.2,11,46,6,12,N
92.9,2,6,7,11,12,5,1,20.7,8,1,6,12,16,40,0.3,8.7,24,4,8,N
0,2,0,0,4,8,3,0,8.2,0,0.5,1,7,1,16,0.5,7,9,2,4,N
0,2,0,0,5,11,3,0,9.9,0,0.5,1,7,1,19,0.5,7.7,12,2,4,N
50,2,0,1,3,8,1,1,11.2,2,1,1,3,4,13,1,4,10,2,4,N
80,2,0,4,2,5,3,1,6.2,5,0.5,0,6,7,11,0.5,5,7,2,4,N
50,2,0,1,2,5,3,1,5.1,2,0.5,0,6,4,9,0.5,5,5,2,4,N
50,3,0,1,3,6,7,1,6.7,2,0.3,0,10,4,21,0.3,10,11,6,12,N
80,2,0,4,2,5,3,1,6.2,5,0.5,0,6,7,11,0.5,5,7,2,4,N
50,2,0,1,2,5,3,1,5.1,2,0.5,0,6,4,9,0.5,5,5,2,4,N
50,3,0,1,3,6,7,1,6.7,2,0.3,0,10,4,21,0.3,10,11,6,12,N
50,2,0,1,2,9,3,1,4,2,0.5,0,6,4,18,0.5,15.8,11,2,4,N
50,2,0,1,2,6,1,1,8,2,1,0,2,4,8,1,3,6,2,4,N
50,2,0,1,2,6,1,1,8,2,1,0,2,4,8,1,3,6,2,4,N
50,2,0,1,2,6,1,1,8,2,1,0,2,4,8,1,3,6,2,4,N
50,2,0,1,2,6,1,1,8,2,1,0,2,5,8,1,3,6,2,4,N
50,2,0,1,2,6,1,1,8,2,1,0,2,4,8,1,3,6,2,4,N
50,2,0,1,2,9,5,1,5.9,2,0.3,0,6,4,23,0.3,13.5,17,2,8,N
50,2,0,1,2,6,1,1,8,2,1,0,2,4,8,1,3,6,2,4,N
83.3,2,4,1,3,8,1,1,11.2,2,1,1,3,8,13,1,4,10,2,4,N
50,2,0,1,2,6,3,1,7,2,0.5,0,5,4,14,0.5,6,10,2,6,N
50,2,0,1,2,6,1,1,8,2,1,0,2,4,8,1,3,6,2,4,N
0,1,0,0,3,8,3,0,7.8,0,1,1,6,2,12,0.5,5.3,8,2,4,N
80,2,0,12,8,15,7,3,10.5,15,0.8,2,13,17,63,0.3,27.2,34,6,12,N
80,2,0,12,10,16,7,3,13.1,15,0.8,3,14,17,69,0.3,24.8,38,6,12,N
80,1,0,4,5,8,3,1,12.3,5,1,2,7,7,16,0.5,4.8,10,2,4,N
80,2,0,4,6,8,3,1,13.9,5,1,2,7,7,17,0.5,4.7,10,2,4,N
66.7,0,0,2,3,8,3,1,6.2,3,1,2,8,5,19,0.5,10.7,11,2,4,N
80,2,0,4,7,9,5,1,15.9,5,1,3,9,7,23,1,5.8,14,2,6,N
80,3,0,4,8,9,5,1,17.4,5,1,3,9,8,24,1,5.6,14,2,6,N
75,0,0,3,6,8,5,1,13.5,4,1,4,15,6,33,0.3,9.3,19,4,8,N
84.2,1,0,16,10,11,9,3,16.9,19,0.4,1,15,21,72,0.2,18.7,38,8,16,N
80,1,0,4,5,8,3,1,12.3,5,1,2,7,7,16,0.5,4.8,10,2,4,N
80,2,0,4,6,8,3,1,13.9,5,1,2,7,7,17,0.5,4.7,10,2,4,N
66.7,0,0,2,3,8,3,1,6.2,3,1,2,8,5,19,0.5,10.7,11,2,4,N
80,1,0,4,5,8,3,1,12.3,5,1,2,7,7,16,0.5,4.8,10,2,4,N
80,2,0,4,6,8,3,1,13.9,5,1,2,7,7,17,0.5,4.7,10,2,4,N
66.7,0,0,2,3,8,3,1,6.2,3,1,2,8,5,19,0.5,10.7,11,2,4,N
80,1,0,4,5,8,3,1,12.3,5,1,2,7,7,16,0.5,4.8,10,2,4,N
80,2,0,4,6,8,3,1,13.9,5,1,2,7,7,17,0.5,4.7,10,2,4,N
66.7,0,0,2,3,8,3,1,6.2,3,1,2,8,5,19,0.5,10.7,11,2,4,N
80,1,0,4,5,8,3,1,12.3,5,1,2,7,7,16,0.5,4.8,10,2,4,N
80,2,0,4,6,8,3,1,13.9,5,1,2,7,7,17,0.5,4.7,10,2,4,N
66.7,0,0,2,3,8,3,1,6.2,3,1,2,8,5,19,0.5,10.7,11,2,4,N
93.3,0,3,11,7,9,15,1,15.2,12,0.6,3,29,17,66,0.1,17.4,39,14,28,N
90.6,0,17,41,16,17,34,6,25.4,47,1,16,74,66,219,0.1,43.6,137,30,60,N
85.8,0,43,265,111,37,104,51,113.8,316,0.8,42,213,361,897,0.4,56.8,556,78,166,Y
92.2,2,73,129,69,22,39,17,93.5,146,0.8,18,102,223,655,0.5,45.6,369,36,74,N
95.8,2,72,204,175,21,77,12,286.8,216,1,63,213,289,1044,0,27.7,582,74,148,N
88.9,0,12,28,20,16,11,5,35.3,33,1,9,31,47,112,1,16.4,71,10,20,N
66.7,1,0,4,3,7,5,2,8.5,6,0.7,1,8,8,15,0.3,5.8,10,4,8,N
60,3,0,3,6,8,3,2,12.1,5,0.5,1,6,7,17,0.5,5.3,9,2,4,N
60,2,0,3,9,9,5,2,18.2,5,0.7,2,8,7,24,0.3,5.5,13,2,6,N
60,3,0,3,8,6,3,2,20.3,5,0.5,1,6,7,18,0.5,3.4,9,2,4,N
62.5,1,0,5,9,7,3,3,24.3,8,0.5,2,8,10,26,0.5,4.3,15,2,4,N
50,1,0,1,4,9,5,1,7.5,2,0.3,0,7,4,16,1,7.9,9,2,6,N
66.7,0,0,2,3,7,3,1,9.5,3,1,1,5,5,10,0.5,3.5,7,2,4,N
66.7,0,0,2,3,7,3,1,9.5,3,1,2,6,5,10,0.5,3.5,7,2,4,N
87.5,0,4,3,3,7,3,1,7.4,4,1,1,5,10,13,0.5,5.8,8,2,4,N
50,0,0,1,1,6,1,1,6.6,2,1,1,3,4,7,1,3,6,2,4,N
90.9,1,2,18,15,17,12,2,27.8,20,0.9,9,22,24,63,0.6,11.3,43,6,12,N
50,0,0,1,2,5,3,1,6,2,0.5,0,5,4,8,0.5,3.8,5,2,4,N
80,1,0,4,6,16,5,1,10,5,1,3,14,7,39,0.3,17.3,26,4,8,N
75,1,0,6,6,7,3,2,16.7,8,1,3,7,10,21,0.5,4.7,13,2,4,N
77.8,1,0,7,7,7,3,2,20,9,1,3,8,11,21,0.5,4,13,2,4,N
87.5,1,1,13,9,19,7,2,11.8,15,0.8,3,18,18,65,0.3,26.4,40,6,12,N
86.2,1,5,20,15,17,11,4,20.1,24,0.8,8,30,31,89,0.2,22.1,50,10,20,N
70,2,1,6,7,12,3,3,11.1,9,0.5,2,7,12,29,0.5,11.1,16,2,4,N
75,3,1,8,10,18,5,3,13.2,11,1,4,13,15,47,0.3,17.1,28,4,8,N
75,3,1,8,11,18,5,3,14.4,11,1,5,14,15,51,0.3,17.2,30,4,8,N
76.9,1,1,9,9,17,5,3,13.4,12,1,4,15,15,51,0.3,17.9,32,4,8,N
0,0,0,0,2,5,3,0,6,0,0.5,0,5,2,8,0.5,3.8,5,2,4,N
80,2,0,4,7,9,5,1,15.9,5,1,2,9,8,23,1,5.8,14,2,6,N
71.4,2,0,5,7,9,5,2,16.6,7,1,2,9,10,24,1,5.8,15,2,6,N
89.5,1,1,16,11,21,9,2,14,18,0.8,4,26,21,96,0.2,34.4,60,8,16,N
76.9,4,1,9,13,17,7,3,18.5,12,1,4,18,16,64,0.3,17,38,6,12,N
88.9,6,1,15,16,20,13,2,20.1,17,1,4,32,22,124,0.1,31.9,73,12,24,N
76.9,5,1,9,13,17,7,3,18.2,12,1,4,18,17,63,0.3,17,37,6,12,N
78.6,1,1,10,9,17,7,3,14.4,13,1,5,23,16,75,0.3,24.6,49,6,12,N
50,0,0,1,2,5,3,1,6,2,0.5,0,5,4,8,0.5,3.8,5,2,4,N
85.7,1,0,6,9,15,7,1,12.4,7,1,4,20,9,54,0.3,20,30,6,12,N
80,0,0,8,9,13,7,2,14.1,10,1,4,16,12,48,0.3,15.2,27,6,12,N
75,1,0,3,5,12,5,1,9.8,4,0.7,2,10,6,23,1,9.6,15,4,8,N
80,1,0,4,5,7,3,1,13.7,5,1,2,7,7,16,0.5,4.2,10,2,4,N
80,1,0,4,5,7,3,1,13.7,5,1,2,7,7,16,0.5,4.2,10,2,4,N
88.2,1,1,14,9,19,7,2,11.9,16,0.8,3,19,19,68,0.3,27.4,42,6,12,N
85.7,1,0,6,8,16,5,1,13.8,7,1,3,14,9,48,0.3,16,32,4,8,N
71.4,0,0,5,6,9,3,2,13,7,1,2,7,9,25,0.5,7.5,15,2,4,N
86.2,1,5,20,13,17,11,4,17.2,24,0.8,7,29,31,85,0.2,24.2,48,10,20,N
75,2,1,8,7,18,5,3,8.8,11,1,3,12,14,44,0.3,23.1,26,4,8,N
76.9,1,1,9,7,17,5,3,10.2,12,1,3,14,15,46,0.3,20.6,29,4,8,N
95.8,1,29,17,17,18,3,2,26.9,19,1,4,10,50,111,0.5,21.2,71,2,4,N
95.5,6,22,41,21,21,15,3,27.6,44,0.6,5,29,73,169,0.1,33,103,14,28,N
96.9,3,9,22,14,13,3,1,25.1,23,1,1,9,36,108,0.5,20.4,64,2,4,N
86.4,3,10,9,10,14,5,3,15.5,12,0.7,1,8,24,64,1,18.9,37,2,6,N
90.9,0,13,57,38,28,18,7,39.4,64,0.5,6,38,79,367,0.3,56.4,214,12,24,N
81.8,0,2,7,13,9,3,2,27.1,9,1,2,9,13,42,0.5,6.9,22,2,4,N
88.2,0,6,61,37,23,24,9,43.3,70,0.2,3,54,78,467,0.2,63.7,262,18,36,N
90,2,6,21,23,17,7,3,37.2,24,0.8,7,21,32,111,0.3,15.9,68,6,12,Y
85.7,2,4,8,9,7,3,2,18.5,10,1,5,12,15,27,0.5,5.8,12,2,4,N
83.3,0,1,9,12,12,3,2,22,11,1,2,10,14,48,0.5,10,28,2,4,N
90,2,7,11,9,7,3,2,17.1,13,1,5,12,22,30,0.5,7,12,2,4,N
84.6,0,1,10,13,12,5,2,23.1,12,0.3,1,13,15,85,0.3,17.1,48,4,8,N
80,4,1,3,6,7,3,1,12.1,4,0.5,0,6,10,21,0.5,6.4,10,2,4,N
80,3,1,3,5,6,3,1,10.9,4,0.5,0,6,7,17,0.5,5.4,8,2,4,N
93.2,2,20,48,16,20,12,5,18,53,0.6,1,18,77,429,0.1,123.1,232,6,12,N
85.7,3,0,6,7,9,3,1,12.4,7,0.5,0,6,11,28,0.5,9,14,2,4,N
94.4,5,6,11,13,13,7,1,21,12,0.8,2,10,22,67,1,15,37,4,10,N
97.7,5,8,34,17,13,13,1,27.2,35,0.1,2,23,47,341,1,61.6,180,6,18,N
92.3,4,5,31,16,15,15,3,23.1,34,0.1,2,23,43,273,1,58.6,148,6,20,N
82.4,3,0,14,16,14,5,3,26.9,17,0.7,2,12,19,60,0.3,10.9,35,4,8,N
93.9,2,5,41,12,11,7,3,26.9,44,0.3,0,14,51,714,0.3,120.1,452,6,12,N
82.4,3,0,14,8,10,5,3,17.1,17,0.3,1,8,21,46,0.3,11.3,28,4,8,N
90,2,3,6,7,10,3,1,11.4,7,0.5,1,7,13,30,0.5,10.7,15,2,4,N
80,2,0,4,2,5,3,1,6.2,5,0.5,0,6,8,11,0.5,5,7,2,4,N
87.2,7,2,39,23,17,23,6,31.1,45,0.1,0,38,55,205,0.5,35.1,110,18,40,N
83.3,3,2,8,10,8,5,2,19.9,10,0.3,0,11,17,42,0.3,8.8,20,4,8,N
83.3,3,2,8,10,8,5,2,19.9,10,0.3,0,11,17,42,0.3,8.8,20,4,8,N
85,4,3,14,10,12,7,3,15.1,17,0.5,1,15,25,63,0.3,18.6,32,6,12,N
80,2,0,4,5,7,3,1,10.2,5,0.5,0,6,9,26,0.5,9.1,13,2,4,N
88.9,3,0,8,10,9,3,1,18.9,9,0.5,0,6,13,164,0.5,36.9,82,2,4,N
91.7,2,4,7,10,12,3,1,15.3,8,0.5,2,8,14,39,0.5,11.4,20,2,4,N
90,2,2,7,7,8,7,1,13,8,0.3,0,14,12,40,0.3,12,19,6,12,Y
94.7,5,5,13,15,14,7,1,23.6,14,0.8,2,9,23,86,1,17.7,48,4,10,N
92.5,5,19,18,15,18,11,3,19.6,21,0.7,3,20,44,293,1,75.6,167,6,16,N
93.6,4,16,28,15,19,21,3,18.4,31,0.5,3,34,51,314,1,86.8,177,12,32,N
81,2,3,14,13,13,11,4,18.2,18,0.5,2,22,23,95,0.2,24.5,46,10,20,N
92.9,4,1,12,15,14,7,1,19.9,13,0.3,1,15,19,84,0.3,20.5,40,6,12,N
85.7,2,3,21,18,13,5,4,28.3,25,0.3,3,12,30,105,0.3,18.4,54,4,8,N
80,4,1,3,6,7,3,1,12.1,4,0.5,0,6,7,19,0.5,5.8,9,2,4,N
88.9,2,2,6,5,8,3,1,10.8,7,1,1,6,11,21,0.5,7.2,12,2,4,N
80,4,1,3,6,7,3,1,12.1,4,0.5,0,6,11,21,0.5,6.4,10,2,4,N
83.3,3,2,3,6,7,3,1,12,4,0.5,0,6,8,17,0.5,5.3,8,2,4,N
80,2,1,3,5,6,3,1,10.8,4,0.5,0,6,7,15,0.5,4.8,7,2,4,N
80,2,0,4,2,5,3,1,6.2,5,0.5,0,6,8,11,0.5,5,7,2,4,N
80,2,0,4,4,7,3,1,10.5,5,1,1,6,9,16,0.5,5.3,10,2,4,N
94.4,2,6,11,19,14,5,1,28.2,12,1,6,17,20,105,0.3,18.8,54,4,8,N
83.3,1,1,4,4,6,3,1,11.5,5,1,1,6,8,13,0.5,3.8,8,2,4,N
92.3,3,8,40,12,12,9,4,22,44,0.2,0,17,55,455,0.2,95,265,8,16,N
93.8,4,8,7,11,15,5,1,13.8,8,0.7,1,10,18,38,0.3,13,19,4,8,N
93.8,4,8,7,11,15,5,1,13.8,8,0.7,1,10,18,38,0.3,13,19,4,8,N
93.8,4,8,7,11,15,5,1,13.8,8,0.7,1,10,18,38,0.3,13,19,4,8,N
92.9,4,6,7,11,15,5,1,13.8,8,0.7,1,10,16,38,0.3,13,19,4,8,N
92.9,4,6,7,11,15,5,1,13.8,8,0.7,1,10,16,38,0.3,13,19,4,8,N
85.7,4,1,5,10,12,3,1,16.5,6,1,1,5,9,31,0.5,8.4,17,2,4,N
85.7,4,1,5,10,12,3,1,16.5,6,1,1,5,9,31,0.5,8.4,17,2,4,N
96.4,2,36,99,41,31,51,5,51.9,104,0.2,2,59,142,445,0.1,52.9,305,16,64,N
86.4,2,6,32,18,18,13,6,35.7,38,1,9,38,46,159,0.7,23,113,10,22,N
87.5,1,4,3,6,12,5,1,10.7,4,0.7,1,6,10,23,1,9,14,2,6,N
93.7,2,110,263,170,32,109,25,186.9,288,0.9,49,237,400,1247,0.6,51.1,704,84,190,N
80,2,0,4,5,8,3,1,10.8,5,0.5,3,8,7,21,0.5,7.2,12,2,4,N
81,2,1,16,8,13,6,4,15.5,20,0.8,5,13,23,46,0.3,13,30,2,4,N
87.5,0,5,2,2,6,3,1,9,3,1,2,6,10,9,0.5,3,7,2,4,N
75,0,4,2,2,5,3,2,9,4,1,2,6,10,8,0.5,2.5,6,2,4,N
83.3,0,4,1,3,6,3,1,7,2,0.5,0,6,8,11,0.5,5,6,2,4,N
75,0,0,3,4,4,3,1,15,4,1,2,6,6,10,0.5,2,6,2,4,N
75,0,0,3,5,8,3,1,9.8,4,1,2,9,6,19,0.5,7.2,10,2,4,N
88.9,2,0,8,10,17,5,1,14.1,9,1,2,8,11,53,0.3,17.9,32,4,8,N
83.3,1,0,5,6,15,3,1,10,6,1,1,5,8,40,0.5,17.5,26,2,4,N
84.2,1,2,14,7,16,9,3,9.4,17,0.4,1,15,21,57,0.2,27.4,33,8,16,N
60,0,0,6,3,11,5,4,8.3,10,0.3,1,9,12,20,0.3,9.2,15,2,4,N
0,0,0,0,2,8,3,0,8.3,0,1,1,5,1,10,0.5,4,8,2,4,N
75,0,0,3,5,8,3,1,13.9,4,0.5,0,6,6,18,0.5,4.8,12,2,4,N
75,0,0,3,5,8,3,1,13.9,4,0.5,0,6,6,18,0.5,4.8,12,2,4,N
66.7,1,0,2,3,8,3,1,9.3,3,0.5,0,5,5,18,0.5,6.7,13,2,6,N
75,0,0,3,5,8,3,1,13.9,4,0.5,0,6,6,18,0.5,4.8,12,2,4,N
75,0,0,3,5,8,3,1,13.9,4,0.5,0,6,6,18,0.5,4.8,12,2,4,N
75,0,0,3,5,8,3,1,13.9,4,0.5,0,6,6,18,0.5,4.8,12,2,4,N
75,0,0,3,5,8,3,1,13.9,4,0.5,0,6,6,18,0.5,4.8,12,2,4,N
50,1,0,1,4,5,3,1,11.4,2,1,1,6,4,9,0.5,2.5,5,2,4,N
50,0,0,1,3,6,3,1,9.5,2,1,1,6,4,9,0.5,3,6,2,4,N
50,1,0,1,4,7,3,1,11.1,2,0.5,1,5,4,14,0.5,4.4,9,2,6,N
50,1,0,1,4,7,3,1,11.1,2,0.5,1,5,4,14,0.5,4.4,9,2,6,N
50,1,0,1,4,7,3,1,11.1,2,0.5,1,5,4,14,0.5,4.4,9,2,6,N
50,1,0,1,4,7,3,1,11.1,2,0.5,1,5,4,14,0.5,4.4,9,2,6,N
85.7,0,4,2,2,6,3,1,8,3,1,1,5,9,8,0.5,3,6,2,4,N
66.7,1,0,2,3,6,3,1,9.5,3,1,1,5,5,9,0.5,3,6,2,4,N
88.9,1,4,4,6,9,5,1,11.7,5,0.7,2,10,11,18,0.3,6,10,4,8,N
50,0,0,1,3,6,3,1,10.3,2,0.5,0,5,4,13,0.5,4,9,2,6,N
70,2,0,7,10,7,5,3,23.4,10,1,3,9,12,30,0.3,5.3,15,4,8,N
70,3,0,7,11,7,5,3,26.2,10,1,3,9,12,32,0.3,5.1,16,4,8,N
83.3,2,3,12,7,11,5,3,16.6,15,1,8,17,20,50,0.3,12.6,34,4,8,N
0,2,0,0,4,8,3,0,8.2,0,0.5,1,7,1,16,0.5,7,9,2,4,N
0,2,0,0,5,11,3,0,9.9,0,0.5,1,7,1,19,0.5,7.7,12,2,4,N
50,2,0,1,3,8,1,1,11.2,2,1,1,3,4,13,1,4,10,2,4,N
50,2,0,1,2,5,3,1,5.1,2,0.5,0,6,4,9,0.5,5,5,2,4,N
50,3,0,1,3,6,7,1,6.7,2,0.3,0,10,4,21,0.3,10,11,6,12,N
50,2,0,1,2,5,3,1,5.1,2,0.5,0,6,4,9,0.5,5,5,2,4,N
50,3,0,1,3,6,7,1,6.7,2,0.3,0,10,4,21,0.3,10,11,6,12,N
50,2,0,1,2,9,3,1,4,2,0.5,0,6,4,18,0.5,15.8,11,2,4,N
50,2,0,1,2,6,1,1,8,2,1,0,2,4,8,1,3,6,2,4,N
50,2,0,1,2,6,1,1,8,2,1,0,2,4,8,1,3,6,2,4,N
50,2,0,1,2,6,1,1,8,2,1,0,2,4,8,1,3,6,2,4,N
50,2,0,1,2,6,1,1,8,2,1,0,2,5,8,1,3,6,2,4,N
50,2,0,1,2,6,1,1,8,2,1,0,2,4,8,1,3,6,2,4,N
50,2,0,1,2,9,5,1,5.9,2,0.3,0,6,4,23,0.3,13.5,17,2,8,N
50,2,0,1,2,6,1,1,8,2,1,0,2,4,8,1,3,6,2,4,N
83.3,2,4,1,3,8,1,1,11.2,2,1,1,3,8,13,1,4,10,2,4,N
50,2,0,1,2,6,3,1,7,2,0.5,0,5,4,14,0.5,6,10,2,6,N
50,2,0,1,2,6,1,1,8,2,1,0,2,4,8,1,3,6,2,4,N
80,2,0,4,5,8,3,1,10.8,5,0.5,3,8,7,21,0.5,7.2,12,2,4,N
81,2,1,16,8,13,6,4,15.5,20,0.8,5,13,23,46,0.3,13,30,2,4,N
80,2,0,12,8,15,7,3,10.5,15,0.8,2,13,17,63,0.3,27.2,34,6,12,N
80,2,0,12,10,16,7,3,13.1,15,0.8,3,14,17,69,0.3,24.8,38,6,12,N
87.5,0,5,2,2,6,3,1,9,3,1,2,6,10,9,0.5,3,7,2,4,N
75,0,4,2,2,5,3,2,9,4,1,2,6,10,8,0.5,2.5,6,2,4,N
83.3,0,4,1,3,6,3,1,7,2,0.5,0,6,8,11,0.5,5,6,2,4,N
80,1,0,4,5,8,3,1,12.3,5,1,2,7,7,16,0.5,4.8,10,2,4,N
80,2,0,4,6,8,3,1,13.9,5,1,2,7,7,17,0.5,4.7,10,2,4,N
66.7,0,0,2,3,8,3,1,6.2,3,1,2,8,5,19,0.5,10.7,11,2,4,N
80,1,0,4,5,8,3,1,12.3,5,1,2,7,7,16,0.5,4.8,10,2,4,N
80,2,0,4,6,8,3,1,13.9,5,1,2,7,7,17,0.5,4.7,10,2,4,N
66.7,0,0,2,3,8,3,1,6.2,3,1,2,8,5,19,0.5,10.7,11,2,4,N
80,2,0,4,7,9,5,1,15.9,5,1,3,9,7,23,1,5.8,14,2,6,N
80,3,0,4,8,9,5,1,17.4,5,1,3,9,8,24,1,5.6,14,2,6,N
75,0,0,3,6,8,5,1,13.5,4,1,4,15,6,33,0.3,9.3,19,4,8,N
80,1,0,4,5,8,3,1,12.3,5,1,2,7,7,16,0.5,4.8,10,2,4,N
80,2,0,4,6,8,3,1,13.9,5,1,2,7,7,17,0.5,4.7,10,2,4,N
66.7,0,0,2,3,8,3,1,6.2,3,1,2,8,5,19,0.5,10.7,11,2,4,N
80,1,0,4,5,8,3,1,12.3,5,1,2,7,7,16,0.5,4.8,10,2,4,N
80,2,0,4,6,8,3,1,13.9,5,1,2,7,7,17,0.5,4.7,10,2,4,N
66.7,0,0,2,3,8,3,1,6.2,3,1,2,8,5,19,0.5,10.7,11,2,4,N
80,1,0,4,5,8,3,1,12.3,5,1,2,7,7,16,0.5,4.8,10,2,4,N
80,2,0,4,6,8,3,1,13.9,5,1,2,7,7,17,0.5,4.7,10,2,4,N
66.7,0,0,2,3,8,3,1,6.2,3,1,2,8,5,19,0.5,10.7,11,2,4,N
60,0,0,6,3,11,5,4,8.3,10,0.3,1,9,12,20,0.3,9.2,15,2,4,N
0,0,0,0,2,8,3,0,8.3,0,1,1,5,1,10,0.5,4,8,2,4,N
66.7,1,0,4,3,7,5,2,8.5,6,0.7,1,8,8,15,0.3,5.8,10,4,8,N
60,3,0,3,6,8,3,2,12.1,5,0.5,1,6,7,17,0.5,5.3,9,2,4,N
75,0,0,3,5,8,3,1,13.9,4,0.5,0,6,6,18,0.5,4.8,12,2,4,N
75,0,0,3,5,8,3,1,13.9,4,0.5,0,6,6,18,0.5,4.8,12,2,4,N
66.7,1,0,2,3,8,3,1,9.3,3,0.5,0,5,5,18,0.5,6.7,13,2,6,N
75,0,0,3,5,8,3,1,13.9,4,0.5,0,6,6,18,0.5,4.8,12,2,4,N
75,0,0,3,5,8,3,1,13.9,4,0.5,0,6,6,18,0.5,4.8,12,2,4,N
75,0,0,3,5,8,3,1,13.9,4,0.5,0,6,6,18,0.5,4.8,12,2,4,N
75,0,0,3,5,8,3,1,13.9,4,0.5,0,6,6,18,0.5,4.8,12,2,4,N
50,1,0,1,4,5,3,1,11.4,2,1,1,6,4,9,0.5,2.5,5,2,4,N
50,0,0,1,3,6,3,1,9.5,2,1,1,6,4,9,0.5,3,6,2,4,N
60,2,0,3,9,9,5,2,18.2,5,0.7,2,8,7,24,0.3,5.5,13,2,6,N
60,3,0,3,8,6,3,2,20.3,5,0.5,1,6,7,18,0.5,3.4,9,2,4,N
62.5,1,0,5,9,7,3,3,24.3,8,0.5,2,8,10,26,0.5,4.3,15,2,4,N
86.7,0,3,10,10,13,9,2,25,12,1,6,19,17,61,0.8,11.1,44,8,16,N
90.9,0,24,36,23,21,21,6,32.5,42,1,11,40,68,147,0.1,24.7,93,18,36,N
87.9,0,17,63,39,31,29,11,46.5,74,0.9,14,53,93,202,0.4,26.6,135,16,32,N
75,2,0,3,7,13,3,1,15.1,4,1,4,8,6,26,0.5,7.4,18,2,4,N
91.3,5,6,15,25,10,7,2,59.5,17,1,12,24,28,65,0.3,5.6,37,6,12,N
50,1,0,1,4,7,3,1,11.1,2,0.5,1,5,4,14,0.5,4.4,9,2,6,N
50,1,0,1,4,7,3,1,11.1,2,0.5,1,5,4,14,0.5,4.4,9,2,6,N
50,1,0,1,4,7,3,1,11.1,2,0.5,1,5,4,14,0.5,4.4,9,2,6,N
50,1,0,1,4,7,3,1,11.1,2,0.5,1,5,4,14,0.5,4.4,9,2,6,N
85.7,0,4,2,2,6,3,1,8,3,1,1,5,9,8,0.5,3,6,2,4,N
66.7,1,0,2,3,6,3,1,9.5,3,1,1,5,5,9,0.5,3,6,2,4,N
88.9,1,4,4,6,9,5,1,11.7,5,0.7,2,10,11,18,0.3,6,10,4,8,N
50,0,0,1,3,6,3,1,10.3,2,0.5,0,5,4,13,0.5,4,9,2,6,N
70,2,0,7,10,7,5,3,23.4,10,1,3,9,12,30,0.3,5.3,15,4,8,N
70,3,0,7,11,7,5,3,26.2,10,1,3,9,12,32,0.3,5.1,16,4,8,N
50,1,0,1,4,9,5,1,7.5,2,0.3,0,7,4,16,1,7.9,9,2,6,N
66.7,0,0,2,3,7,3,1,9.5,3,1,1,5,5,10,0.5,3.5,7,2,4,N
66.7,0,0,2,3,7,3,1,9.5,3,1,2,6,5,10,0.5,3.5,7,2,4,N
87.5,0,4,3,3,7,3,1,7.4,4,1,1,5,10,13,0.5,5.8,8,2,4,N
50,0,0,1,1,6,1,1,6.6,2,1,1,3,4,7,1,3,6,2,4,N
90.9,1,2,18,15,17,12,2,27.8,20,0.9,9,22,24,63,0.6,11.3,43,6,12,N
83.3,2,3,12,7,11,5,3,16.6,15,1,8,17,20,50,0.3,12.6,34,4,8,N
50,0,0,1,2,5,3,1,6,2,0.5,0,5,4,8,0.5,3.8,5,2,4,N
80,1,0,4,6,16,5,1,10,5,1,3,14,7,39,0.3,17.3,26,4,8,N
75,1,0,6,6,7,3,2,16.7,8,1,3,7,10,21,0.5,4.7,13,2,4,N
77.8,1,0,7,7,7,3,2,20,9,1,3,8,11,21,0.5,4,13,2,4,N
87.5,1,1,13,9,19,7,2,11.8,15,0.8,3,18,18,65,0.3,26.4,40,6,12,N
86.2,1,5,20,15,17,11,4,20.1,24,0.8,8,30,31,89,0.2,22.1,50,10,20,N
70,2,1,6,7,12,3,3,11.1,9,0.5,2,7,12,29,0.5,11.1,16,2,4,N
75,3,1,8,10,18,5,3,13.2,11,1,4,13,15,47,0.3,17.1,28,4,8,N
75,3,1,8,11,18,5,3,14.4,11,1,5,14,15,51,0.3,17.2,30,4,8,N
76.9,1,1,9,9,17,5,3,13.4,12,1,4,15,15,51,0.3,17.9,32,4,8,N
0,0,0,0,2,5,3,0,6,0,0.5,0,5,2,8,0.5,3.8,5,2,4,N
80,2,0,4,7,9,5,1,15.9,5,1,2,9,8,23,1,5.8,14,2,6,N
71.4,2,0,5,7,9,5,2,16.6,7,1,2,9,10,24,1,5.8,15,2,6,N
89.5,1,1,16,11,21,9,2,14,18,0.8,4,26,21,96,0.2,34.4,60,8,16,N
76.9,4,1,9,13,17,7,3,18.5,12,1,4,18,16,64,0.3,17,38,6,12,N
88.9,6,1,15,16,20,13,2,20.1,17,1,4,32,22,124,0.1,31.9,73,12,24,N
76.9,5,1,9,13,17,7,3,18.2,12,1,4,18,17,63,0.3,17,37,6,12,N
78.6,1,1,10,9,17,7,3,14.4,13,1,5,23,16,75,0.3,24.6,49,6,12,N
50,0,0,1,2,5,3,1,6,2,0.5,0,5,4,8,0.5,3.8,5,2,4,N
85.7,1,0,6,9,15,7,1,12.4,7,1,4,20,9,54,0.3,20,30,6,12,N
80,0,0,8,9,13,7,2,14.1,10,1,4,16,12,48,0.3,15.2,27,6,12,N
75,1,0,3,5,12,5,1,9.8,4,0.7,2,10,6,23,1,9.6,15,4,8,N
80,1,0,4,5,7,3,1,13.7,5,1,2,7,7,16,0.5,4.2,10,2,4,N
80,1,0,4,5,7,3,1,13.7,5,1,2,7,7,16,0.5,4.2,10,2,4,N
88.2,1,1,14,9,19,7,2,11.9,16,0.8,3,19,19,68,0.3,27.4,42,6,12,N
85.7,1,0,6,8,16,5,1,13.8,7,1,3,14,9,48,0.3,16,32,4,8,N
71.4,0,0,5,6,9,3,2,13,7,1,2,7,9,25,0.5,7.5,15,2,4,N
86.2,1,5,20,13,17,11,4,17.2,24,0.8,7,29,31,85,0.2,24.2,48,10,20,N
75,2,1,8,7,18,5,3,8.8,11,1,3,12,14,44,0.3,23.1,26,4,8,N
76.9,1,1,9,7,17,5,3,10.2,12,1,3,14,15,46,0.3,20.6,29,4,8,N
0,2,0,0,4,8,3,0,8.2,0,0.5,1,7,1,16,0.5,7,9,2,4,N
93.6,3,12,17,24,18,7,2,30.6,19,1,5,18,33,119,0.3,21,63,6,12,N
75,0,2,4,3,5,3,2,8.6,6,1,1,5,10,12,0.5,4.2,7,2,4,N
75,2,0,6,9,8,5,2,23,8,1,3,9,10,25,0.3,4.4,15,4,8,N
87.5,4,8,55,33,28,26,9,36.6,64,0.9,11,57,77,228,0.3,36.9,141,18,36,N
87.5,2,1,6,9,7,3,1,22,7,1,3,7,10,30,0.5,5.4,16,2,4,N
96.1,7,18,31,27,19,5,2,38.3,33,1,10,21,59,166,1,23.9,98,4,8,Y
89.8,1,13,31,19,21,21,5,26.6,36,0.8,8,35,51,130,0.3,26,83,18,38,N
77.8,1,1,6,2,9,3,2,6.2,8,1,2,6,11,24,0.5,13.5,18,2,4,N
88.6,0,19,43,37,26,27,8,40.3,51,0.7,13,52,72,168,0.6,25,97,24,48,N
86.2,4,7,18,21,17,13,4,32.3,22,0.9,7,24,34,112,0.7,18.2,67,8,20,N
93.7,1,28,46,27,25,29,5,31.8,51,0.7,21,80,81,212,0.7,38,130,24,52,N
66.7,3,0,2,7,13,3,1,15.1,3,1,4,8,5,26,0.5,7.4,18,2,4,N
77.8,1,0,7,9,13,3,2,18.5,9,1,4,8,11,33,0.5,7.9,22,2,4,N
80,0,1,3,3,5,3,1,7.9,4,1,1,5,7,11,0.5,4.2,6,2,4,N
85.7,0,2,4,7,8,3,1,15.2,5,1,4,12,9,20,0.5,5.1,11,2,4,N
93.8,2,11,34,34,17,13,3,53.5,37,0.9,18,45,50,132,0.1,14,76,12,24,N
77.8,1,0,7,8,11,3,2,16.9,9,1,4,8,11,30,0.5,7.6,19,2,4,N
97.5,5,15,24,22,17,7,1,33.3,25,1,7,19,46,151,0.3,24,89,6,12,N
66.7,0,0,2,2,8,3,1,4.7,3,1,3,9,5,17,0.5,12,11,2,4,N
80,1,0,8,8,7,3,2,16.9,10,1,2,6,11,17,0.5,3.9,8,2,4,N
0,2,0,0,4,8,3,0,8.2,0,0.5,1,7,1,16,0.5,7,9,2,4,N
0,2,0,0,5,11,3,0,9.9,0,0.5,1,7,1,19,0.5,7.7,12,2,4,N
50,2,0,1,3,8,1,1,11.2,2,1,1,3,4,13,1,4,10,2,4,N
50,2,0,1,2,5,3,1,5.1,2,0.5,0,6,4,9,0.5,5,5,2,4,N
80,2,0,4,2,5,3,1,6.2,5,0.5,0,6,7,11,0.5,5,7,2,4,N
50,3,0,1,3,6,7,1,6.7,2,0.3,0,10,4,21,0.3,10,11,6,12,N
50,2,0,1,2,5,3,1,5.1,2,0.5,0,6,4,9,0.5,5,5,2,4,N
80,2,0,4,2,5,3,1,6.2,5,0.5,0,6,7,11,0.5,5,7,2,4,N
50,3,0,1,3,6,7,1,6.7,2,0.3,0,10,4,21,0.3,10,11,6,12,N
50,2,0,1,2,9,3,1,4,2,0.5,0,6,4,18,0.5,15.8,11,2,4,N
50,2,0,1,2,6,1,1,8,2,1,0,2,4,8,1,3,6,2,4,N
50,2,0,1,2,6,1,1,8,2,1,0,2,4,8,1,3,6,2,4,N
50,2,0,1,2,6,1,1,8,2,1,0,2,4,8,1,3,6,2,4,N
50,2,0,1,2,6,1,1,8,2,1,0,2,5,8,1,3,6,2,4,N
50,2,0,1,2,6,1,1,8,2,1,0,2,4,8,1,3,6,2,4,N
50,2,0,1,2,9,5,1,5.9,2,0.3,0,6,4,23,0.3,13.5,17,2,8,N
50,2,0,1,2,6,1,1,8,2,1,0,2,4,8,1,3,6,2,4,N
83.3,2,4,1,3,8,1,1,11.2,2,1,1,3,8,13,1,4,10,2,4,N
50,2,0,1,2,6,3,1,7,2,0.5,0,5,4,14,0.5,6,10,2,6,N
50,2,0,1,2,6,1,1,8,2,1,0,2,4,8,1,3,6,2,4,N
0,1,0,0,3,8,3,0,7.8,0,1,1,6,2,12,0.5,5.3,8,2,4,N
86.7,2,4,9,13,10,7,2,27.2,11,0.8,4,11,17,37,0.3,6.2,21,4,10,N
86.7,2,3,10,14,11,7,2,27.2,12,0.8,5,12,17,46,0.3,7.9,26,4,10,N
86.7,2,3,10,14,11,7,2,27,12,0.8,5,12,17,48,0.3,8.3,27,4,10,N
80,2,0,12,8,15,7,3,10.5,15,0.8,2,13,17,63,0.3,27.2,34,6,12,N
80,2,0,12,10,16,7,3,13.1,15,0.8,3,14,17,69,0.3,24.8,38,6,12,N
80,1,0,4,5,8,3,1,12.3,5,1,2,7,7,16,0.5,4.8,10,2,4,N
80,2,0,4,6,8,3,1,13.9,5,1,2,7,7,17,0.5,4.7,10,2,4,N
66.7,0,0,2,3,8,3,1,6.2,3,1,2,8,5,19,0.5,10.7,11,2,4,N
80,1,0,4,5,8,3,1,12.3,5,1,2,7,7,16,0.5,4.8,10,2,4,N
80,2,0,4,6,8,3,1,13.9,5,1,2,7,7,17,0.5,4.7,10,2,4,N
66.7,0,0,2,3,8,3,1,6.2,3,1,2,8,5,19,0.5,10.7,11,2,4,N
80,2,0,4,7,9,5,1,15.9,5,1,3,9,7,23,1,5.8,14,2,6,N
80,3,0,4,8,9,5,1,17.4,5,1,3,9,8,24,1,5.6,14,2,6,N
75,0,0,3,6,8,5,1,13.5,4,1,4,15,6,33,0.3,9.3,19,4,8,N
80,1,0,4,5,8,3,1,12.3,5,1,2,7,7,16,0.5,4.8,10,2,4,N
80,2,0,4,6,8,3,1,13.9,5,1,2,7,7,17,0.5,4.7,10,2,4,N
66.7,0,0,2,3,8,3,1,6.2,3,1,2,8,5,19,0.5,10.7,11,2,4,N
80,1,0,4,5,8,3,1,12.3,5,1,2,7,7,16,0.5,4.8,10,2,4,N
80,2,0,4,6,8,3,1,13.9,5,1,2,7,7,17,0.5,4.7,10,2,4,N
66.7,0,0,2,3,8,3,1,6.2,3,1,2,8,5,19,0.5,10.7,11,2,4,N
80,1,0,4,5,8,3,1,12.3,5,1,2,7,7,16,0.5,4.8,10,2,4,N
80,2,0,4,6,8,3,1,13.9,5,1,2,7,7,17,0.5,4.7,10,2,4,N
66.7,0,0,2,3,8,3,1,6.2,3,1,2,8,5,19,0.5,10.7,11,2,4,N
86.7,2,4,9,13,10,7,2,27.2,11,0.8,4,11,17,37,0.3,6.2,21,4,10,N
87.5,3,7,28,22,20,13,5,27.6,33,0.8,6,24,43,107,0.8,20.9,61,6,14,N
90,2,0,9,13,10,7,1,25.9,10,0.8,5,12,12,44,0.3,7.7,24,4,10,N
90,2,0,9,14,10,7,1,28.1,10,0.8,5,12,12,46,0.3,7.5,25,4,10,N
50,0,0,1,1,6,1,1,6.6,2,1,1,3,4,7,1,3,6,2,4,N
90.9,1,2,18,15,17,12,2,27.8,20,0.9,9,22,24,63,0.6,11.3,43,6,12,N
50,0,0,1,2,5,3,1,6,2,0.5,0,5,4,8,0.5,3.8,5,2,4,N
80,1,0,4,6,16,5,1,10,5,1,3,14,7,39,0.3,17.3,26,4,8,N
75,1,0,6,6,7,3,2,16.7,8,1,3,7,10,21,0.5,4.7,13,2,4,N
77.8,1,0,7,7,7,3,2,20,9,1,3,8,11,21,0.5,4,13,2,4,N
87.5,1,1,13,9,19,7,2,11.8,15,0.8,3,18,18,65,0.3,26.4,40,6,12,N
86.2,1,5,20,15,17,11,4,20.1,24,0.8,8,30,31,89,0.2,22.1,50,10,20,N
70,2,1,6,7,12,3,3,11.1,9,0.5,2,7,12,29,0.5,11.1,16,2,4,N
75,3,1,8,10,18,5,3,13.2,11,1,4,13,15,47,0.3,17.1,28,4,8,N
75,3,1,8,11,18,5,3,14.4,11,1,5,14,15,51,0.3,17.2,30,4,8,N
76.9,1,1,9,9,17,5,3,13.4,12,1,4,15,15,51,0.3,17.9,32,4,8,N
0,0,0,0,2,5,3,0,6,0,0.5,0,5,2,8,0.5,3.8,5,2,4,N
80,2,0,4,7,9,5,1,15.9,5,1,2,9,8,23,1,5.8,14,2,6,N
71.4,2,0,5,7,9,5,2,16.6,7,1,2,9,10,24,1,5.8,15,2,6,N
89.5,1,1,16,11,21,9,2,14,18,0.8,4,26,21,96,0.2,34.4,60,8,16,N
76.9,4,1,9,13,17,7,3,18.5,12,1,4,18,16,64,0.3,17,38,6,12,N
88.9,6,1,15,16,20,13,2,20.1,17,1,4,32,22,124,0.1,31.9,73,12,24,N
76.9,5,1,9,13,17,7,3,18.2,12,1,4,18,17,63,0.3,17,37,6,12,N
78.6,1,1,10,9,17,7,3,14.4,13,1,5,23,16,75,0.3,24.6,49,6,12,N
50,0,0,1,2,5,3,1,6,2,0.5,0,5,4,8,0.5,3.8,5,2,4,N
85.7,1,0,6,9,15,7,1,12.4,7,1,4,20,9,54,0.3,20,30,6,12,N
80,0,0,8,9,13,7,2,14.1,10,1,4,16,12,48,0.3,15.2,27,6,12,N
75,1,0,3,5,12,5,1,9.8,4,0.7,2,10,6,23,1,9.6,15,4,8,N
80,1,0,4,5,7,3,1,13.7,5,1,2,7,7,16,0.5,4.2,10,2,4,N
80,1,0,4,5,7,3,1,13.7,5,1,2,7,7,16,0.5,4.2,10,2,4,N
88.2,1,1,14,9,19,7,2,11.9,16,0.8,3,19,19,68,0.3,27.4,42,6,12,N
85.7,1,0,6,8,16,5,1,13.8,7,1,3,14,9,48,0.3,16,32,4,8,N
71.4,0,0,5,6,9,3,2,13,7,1,2,7,9,25,0.5,7.5,15,2,4,N
86.2,1,5,20,13,17,11,4,17.2,24,0.8,7,29,31,85,0.2,24.2,48,10,20,N
75,2,1,8,7,18,5,3,8.8,11,1,3,12,14,44,0.3,23.1,26,4,8,N
76.9,1,1,9,7,17,5,3,10.2,12,1,3,14,15,46,0.3,20.6,29,4,8,N
80,0,1,3,2,6,3,1,7.3,4,1,2,6,7,11,0.5,4.5,8,2,4,N
90.7,3,7,32,16,24,16,4,19.4,36,1,6,30,47,150,0.8,41.3,95,8,20,N
66.7,0,0,4,6,9,3,2,12.7,6,1,5,9,7,17,0.5,5.3,10,2,4,N
66.7,3,0,2,7,9,3,1,16.9,3,1,2,6,5,19,0.5,4.5,12,2,4,N
88.9,4,1,7,9,12,5,1,18,8,0.7,2,8,14,30,1,7.3,19,2,6,N
66.7,1,0,2,5,7,3,1,13.3,3,1,2,6,5,13,0.5,3.5,8,2,4,N
66.7,0,0,2,2,5,3,1,6,3,1,1,5,5,8,0.5,3.8,5,2,4,N
50,1,0,1,3,5,3,1,9,2,0.5,0,5,4,10,0.5,3.3,6,2,6,N
76,4,1,18,13,13,5,6,22.6,24,1,4,11,29,60,0.3,12.5,35,2,4,N
87.5,2,0,7,11,10,5,1,22.8,8,1,2,9,10,33,0.3,6.4,19,4,8,N
77.8,1,0,7,6,8,3,2,15,9,1,2,7,11,21,0.5,5.3,13,2,4,N
97.9,0,26,66,76,16,29,2,157,68,0.1,10,85,96,618,0.1,25.7,374,28,80,Y
87.5,0,2,5,13,13,3,1,20.4,6,0.5,2,9,10,39,0.5,9,21,2,4,N
95,0,26,87,83,12,15,6,219.6,93,0.6,9,58,121,935,0.1,28,548,14,28,N
92.9,5,3,10,13,13,5,1,28.2,11,1,3,10,21,60,0.3,10,40,4,8,N
94.1,2,5,11,14,13,7,1,27.9,12,1,9,18,19,60,0.3,10.2,38,6,12,N
93.2,2,21,89,30,18,27,8,53.4,97,1,7,92,120,353,1,36.9,230,20,40,N
84.6,0,2,9,10,16,7,2,15.9,11,1,9,21,15,54,0.3,16,34,6,12,N
81.3,0,2,11,11,16,9,3,17.8,14,1,9,23,18,57,0.6,15.3,36,8,16,N
84.6,0,2,9,10,16,7,2,15.9,11,1,9,21,15,54,0.3,16,34,6,12,N
66.7,0,0,2,3,8,3,1,6.7,3,1,3,9,5,18,0.5,9.3,11,2,4,N
66.7,0,0,2,3,8,3,1,6.7,3,1,3,9,5,18,0.5,9.3,11,2,4,N
66.7,0,0,2,3,8,3,1,6.7,3,1,3,9,5,18,0.5,9.3,11,2,4,N
66.7,0,0,2,3,8,3,1,6.7,3,1,3,9,5,18,0.5,9.3,11,2,4,N
66.7,0,0,2,3,8,3,1,6.7,3,1,3,9,5,18,0.5,9.3,11,2,4,N
96.3,5,17,35,21,19,13,2,28.3,37,0.3,7,26,60,161,0.4,30.3,94,8,20,Y
95,0,6,13,22,10,3,1,48.4,14,1,3,12,22,110,0.5,11.4,60,2,4,N
75,0,1,5,9,11,3,2,16,7,1,2,10,10,34,0.5,9.2,19,2,4,N
77.8,0,1,6,13,10,3,2,27.9,8,1,3,10,11,64,0.5,10.4,37,2,4,N
94.2,0,13,36,40,16,7,3,64.1,39,0.8,3,18,54,329,0.8,29.8,180,6,12,N
75,2,1,8,8,16,5,3,14.8,11,1,8,15,14,55,1,17,38,4,8,N
92.3,3,4,8,18,15,5,1,27.5,9,0.7,1,6,15,75,1,13.8,42,2,6,Y
83.3,0,1,4,7,8,3,1,19.5,5,1,3,7,8,20,0.5,4,13,2,4,N
87.5,2,2,5,8,10,3,1,14.9,6,0.5,0,5,10,29,0.5,8.1,16,2,4,N
97.1,2,10,23,24,15,15,1,36.9,24,0.8,8,32,36,120,0.8,17.2,65,6,20,Y
82.4,5,1,13,14,14,5,3,23.8,16,0.7,1,9,23,84,1,17,50,4,8,N
86.5,2,10,35,11,18,13,7,14.6,42,0.9,3,25,54,123,0.7,40.9,73,10,22,N
81.8,1,3,6,6,8,3,2,13.9,8,1,1,5,13,17,0.5,4.7,10,2,4,N
87.5,4,5,9,13,15,5,2,20.6,11,0.7,1,8,19,52,1,12.1,31,4,8,N
97.4,2,15,23,42,13,3,1,81.5,24,0.5,4,20,42,216,0.5,15.3,117,2,4,Y
84.6,3,3,8,7,13,5,2,12,10,0.3,0,6,15,36,1,13,22,2,6,N
88.2,4,5,10,13,16,11,2,19.7,12,0.2,0,12,19,60,1,14.8,36,4,14,N
88.9,4,3,13,13,17,9,2,18.9,15,0.2,0,12,20,63,0.6,16.4,38,6,14,N
75,0,0,9,11,14,5,3,22.4,12,0.7,2,9,14,46,0.3,9.6,31,4,8,N
71.4,2,0,5,6,9,3,2,16.4,7,1,1,6,9,22,0.5,5.3,15,2,4,N
93,5,13,27,14,13,9,3,24.2,30,0.4,3,24,49,213,0.2,41.8,123,8,16,Y
96.2,7,34,67,32,17,13,4,52.3,71,0.9,13,40,113,319,0.1,34.3,190,10,22,Y
94.7,9,29,43,32,14,13,4,62.6,47,1,8,40,86,337,0.1,29.8,201,12,24,N
88.2,0,4,11,12,11,9,2,20.2,13,0.6,2,24,19,88,0.2,19.7,45,8,16,N
91.9,0,8,26,32,12,5,3,65.2,29,0.3,4,17,39,206,0.3,17.3,114,4,8,N
90,0,7,11,17,14,5,2,27.6,13,0.7,3,13,22,71,0.3,12.8,40,4,8,Y
91.7,3,3,8,11,13,5,1,21.6,9,1,3,10,16,50,0.3,10.6,32,4,8,N
93.8,2,4,11,14,13,7,1,27.9,12,1,9,18,18,60,0.3,10.2,38,6,12,N
80,0,1,3,2,6,3,1,5.5,4,1,1,5,7,11,0.5,6,7,2,4,N
87.5,0,2,5,7,10,3,1,15.7,6,0.5,1,7,10,22,0.5,5.7,14,2,4,N
87.5,1,1,6,10,11,3,1,20,7,0.5,1,7,10,25,0.5,5.5,15,2,4,N
66.7,0,0,2,4,6,3,1,12.2,3,1,2,6,5,11,0.5,3,7,2,4,N
66.7,0,0,2,4,6,3,1,12.2,3,1,2,6,5,11,0.5,3,7,2,4,N
66.7,0,0,2,4,6,3,1,12.2,3,1,2,6,5,11,0.5,3,7,2,4,N
85.7,3,1,11,11,11,5,2,20.8,13,1,4,10,18,42,1,9,24,4,8,N
87.5,0,4,10,10,14,7,2,14.9,12,0.3,2,14,18,50,0.3,15.4,28,6,14,N
93.3,4,6,22,43,12,3,2,105.6,24,0.5,4,26,34,209,0.5,11.4,127,2,4,N
71.4,0,0,5,5,10,3,2,13.4,7,1,4,8,9,24,0.5,7,17,2,4,N
83.3,0,3,12,20,11,5,3,45,15,1,9,17,20,65,0.3,7.2,39,4,8,N
75,0,0,6,3,11,3,2,8.1,8,1,3,7,10,31,0.5,14.7,23,2,4,N
77.8,1,0,7,7,6,3,2,28.1,9,1,5,9,11,26,0.5,3.4,18,2,4,N
0,2,0,0,5,10,5,0,10.3,0,1,3,8,1,29,0.3,11,18,2,8,N
86.4,1,12,26,16,20,13,6,22.6,32,0.7,9,30,46,120,0.7,27.5,76,12,24,N
86.7,2,3,10,14,9,3,2,27.3,12,1,6,10,16,33,0.5,5.5,16,2,4,N
71.4,0,1,4,6,9,3,2,13,6,1,3,10,9,25,0.5,7.5,15,2,4,N
94.1,4,4,76,99,17,10,5,164.5,81,1,9,74,89,484,0.2,20.2,249,4,8,N
80,0,0,4,6,8,3,1,13.9,5,1,2,6,7,17,0.5,4.7,10,2,4,N
80,0,0,4,6,8,3,1,13.9,5,1,2,6,7,17,0.5,4.7,10,2,4,N
82.6,2,6,13,17,14,7,4,25,17,0.8,4,17,24,52,0.8,10.3,27,6,12,N
80,0,1,3,7,10,3,1,13.8,4,1,3,9,7,29,0.5,8.6,17,2,4,N
84.6,2,6,16,22,14,9,4,35,20,0.8,5,21,27,71,0.8,10.5,38,8,16,N
85,0,3,14,12,10,9,3,24.1,17,0.8,1,15,22,45,0.2,8.3,25,8,16,Y
91.5,0,12,31,23,14,7,4,40.3,35,1,4,25,49,146,0.3,18.9,84,6,12,N
83.3,0,1,4,6,5,3,1,17.6,5,1,3,10,8,17,0.5,3.3,9,2,4,N
94.8,1,17,56,42,30,15,4,36,60,0.7,5,30,79,242,0.4,41.4,126,10,20,N
92.3,0,2,10,12,7,9,1,29.1,11,0.2,1,15,15,32,0.2,4.7,16,8,16,N
89.2,0,21,45,40,10,19,8,100.6,53,0.6,7,34,76,156,0.6,8.8,86,14,32,N
87.5,1,4,10,13,11,3,2,22.4,12,1,2,12,18,60,0.5,12.3,31,2,4,N
87.5,1,4,10,14,11,3,2,24.5,12,1,2,12,18,60,0.5,11.4,31,2,4,N
92.9,4,7,32,35,7,3,3,122,35,1,6,33,46,138,0.5,6.1,77,2,4,N
88.9,0,8,16,13,7,5,3,41.7,19,1,3,9,29,65,0.3,6.7,40,4,8,Y
76.2,4,1,15,8,9,7,5,16.5,20,0.3,0,11,23,43,0.3,10.7,24,6,12,N
