HALSTEAD_DIFFICULTY,ESSENTIAL_COMPLEXITY,MODIFIED_CONDITION_COUNT,NUM_OPERANDS,ESSENTIAL_DENSITY,NUM_UNIQUE_OPERATORS,HALSTEAD_LENGTH,CONDITION_COUNT,PARAMETER_COUNT,DECISION_COUNT,DESIGN_DENSITY,LOC_BLANK,EDGE_COUNT,BRANCH_COUNT,MULTIPLE_CONDITION_COUNT,NUMBER_OF_LINES,NUM_OPERATORS,NODE_COUNT,PERCENT_COMMENTS,CYCLOMATIC_COMPLEXITY,Defective
9.5,1,4,19,0.0,15,63,16,3,8,0.6,6,17,9,8,32,44,14,4.0,5,N
21.52,1,3,51,0.0,27,141,12,1,6,0.5,15,17,7,6,67,90,15,39.22,4,Y
12.33,1,4,37,0.0,22,111,16,0,8,0.6,27,18,9,8,83,74,15,47.27,5,Y
6.43,1,1,9,0.0,10,23,4,2,2,1.0,7,6,3,2,20,14,6,0.0,2,N
27.04,1,12,192,0.0,20,421,48,2,24,0.85,51,96,25,24,172,229,85,11.67,13,N
18.0,1,2,15,0.0,12,36,8,1,4,1.0,3,12,5,4,19,21,11,0.0,3,N
14.25,5,4,38,1.0,15,107,16,4,8,1.0,13,21,9,8,67,69,18,52.83,5,N
22.3,3,14,110,0.14,15,239,44,0,16,0.07,22,45,29,22,112,129,32,48.31,15,N
20.76,5,4,59,1.0,19,155,12,2,4,0.2,16,21,9,6,90,96,18,53.42,5,N
9.0,1,1,16,0.0,9,35,4,1,2,0.5,4,6,3,2,21,19,6,37.5,2,N
28.12,5,6,43,0.67,17,157,24,3,12,0.14,23,27,13,12,74,114,22,54.0,7,N
27.22,5,6,35,0.67,14,105,24,3,12,0.14,23,27,13,12,74,70,22,54.0,7,N
27.5,1,4,70,0.0,22,231,16,0,8,0.4,40,21,9,8,89,161,18,35.42,5,N
15.2,1,4,40,0.0,19,120,16,0,8,0.4,23,23,9,8,71,80,20,48.94,5,N
9.15,1,1,17,0.0,14,57,4,1,2,0.5,8,7,3,2,33,40,7,45.83,2,N
11.65,1,1,66,0.0,12,135,4,0,2,1.0,19,23,3,2,55,69,23,5.71,2,N
24.44,4,3,40,1.0,22,98,10,1,4,0.25,6,13,7,5,34,58,11,22.22,4,N
54.82,6,11,268,0.13,45,767,38,5,16,0.56,134,118,60,19,406,499,79,34.69,41,N
15.0,1,2,16,0.0,15,41,8,0,4,0.6,9,14,8,4,33,25,11,39.13,5,N
97.73,27,37,711,0.38,69,1844,128,1,54,0.66,164,241,110,66,764,1133,173,38.71,70,N
32.21,7,10,102,0.5,36,298,34,1,14,0.77,27,53,24,19,155,196,42,40.16,13,N
10.29,1,2,25,0.0,14,71,8,1,4,1.0,5,10,5,4,26,46,9,0.0,3,N
21.86,3,4,34,0.5,18,108,14,0,6,0.6,7,20,9,7,44,74,17,25.0,5,N
7.18,1,2,21,0.0,13,52,8,1,4,1.0,16,15,5,4,58,31,14,63.41,3,N
11.03,1,3,25,0.0,15,59,12,0,6,1.0,15,15,7,6,40,34,13,45.83,4,N
14.11,1,2,49,0.0,19,120,8,1,4,1.0,19,14,5,4,70,71,13,41.86,3,N
13.42,4,3,34,1.0,15,75,12,1,6,1.0,19,15,7,6,57,41,13,40.54,4,N
23.1,1,5,55,0.0,21,128,20,2,10,0.67,15,23,11,10,75,73,19,46.15,6,N
24.42,1,1,58,0.0,16,122,4,2,2,1.0,13,6,3,2,53,64,6,53.85,2,N
39.72,1,4,87,0.0,21,197,16,1,8,0.6,14,21,9,8,68,110,18,47.83,5,N
19.25,1,4,70,0.0,22,176,16,1,8,1.0,12,22,9,8,73,106,19,26.92,5,N
14.84,5,4,61,1.0,18,140,16,1,8,1.0,23,21,9,8,74,79,18,38.0,5,N
71.54,21,32,454,0.56,52,1177,122,1,58,0.7,155,148,71,61,536,723,113,48.42,37,Y
12.89,1,5,47,0.0,17,123,20,0,10,1.0,42,30,11,10,124,76,26,60.49,6,N
27.11,8,9,73,0.78,26,211,36,1,18,0.9,30,48,19,18,153,138,40,41.8,10,Y
14.25,1,1,27,0.0,19,74,4,0,2,1.0,9,6,3,2,32,47,6,31.82,2,Y
20.91,4,8,115,0.38,24,314,28,2,12,0.67,26,39,17,14,126,199,32,37.37,9,N
16.96,1,5,63,0.0,21,177,20,0,10,0.83,40,40,11,10,132,114,36,54.95,6,N
15.0,1,3,30,0.0,16,95,12,0,6,0.25,7,16,7,6,41,65,14,24.24,4,N
28.52,1,12,290,0.0,24,695,48,1,24,0.92,93,69,25,24,305,405,58,32.22,13,Y
14.57,1,2,36,0.0,17,102,8,0,4,1.0,9,11,5,4,31,66,10,19.05,3,N
7.89,1,3,34,0.0,13,80,12,1,6,1.0,12,14,7,6,35,46,12,18.18,4,N
18.46,1,5,68,0.0,19,172,20,0,10,0.83,31,26,11,10,102,104,22,52.86,6,Y
26.64,1,3,373,0.0,24,822,12,0,6,1.0,62,15,7,6,215,449,13,36.55,4,Y
22.12,1,6,115,0.0,25,269,24,0,12,1.0,36,30,13,12,101,154,25,31.25,7,Y
13.9,1,6,107,0.0,20,262,24,1,12,1.0,39,33,13,12,120,155,28,40.0,7,N
26.3,1,9,259,0.0,26,753,36,1,18,1.0,77,69,19,18,240,494,61,21.6,10,N
7.64,1,3,28,0.0,12,77,12,0,6,1.0,55,19,7,6,100,49,17,52.27,4,N
15.19,3,11,109,0.18,17,263,42,0,20,0.67,17,46,23,21,117,154,36,34.34,12,N
18.78,1,1,96,0.0,18,214,4,0,2,1.0,12,6,3,2,54,118,6,21.95,2,N
7.85,1,4,17,0.0,12,51,16,0,8,1.0,13,20,9,8,58,34,17,47.73,5,N
3.75,1,1,5,0.0,6,12,4,1,2,0.5,3,5,3,2,19,7,5,46.67,2,N
43.24,10,7,105,0.9,28,292,28,2,14,0.82,22,55,19,14,88,187,46,3.08,11,N
10.71,4,3,28,1.0,13,66,12,2,6,1.0,12,19,7,6,36,38,17,4.35,4,N
26.52,1,6,67,0.0,19,168,24,2,12,0.86,15,39,13,12,54,101,34,5.26,7,N
6.13,1,1,35,0.0,7,73,4,2,2,1.0,5,21,3,2,32,38,21,11.54,2,N
11.5,5,4,23,1.0,14,57,16,2,8,0.8,12,19,9,8,35,34,16,9.09,5,N
10.4,4,3,24,1.0,13,58,12,2,6,1.0,9,17,7,6,31,34,15,19.05,4,N
50.39,8,11,113,0.5,33,299,44,2,22,0.8,27,66,27,22,105,186,53,5.19,15,N
3.5,1,1,5,0.0,7,16,4,2,2,1.0,7,6,3,2,19,11,6,45.45,2,N
12.06,1,3,31,0.0,14,75,12,2,6,0.75,10,21,7,6,34,44,19,26.09,4,N
43.33,9,9,104,0.67,30,283,36,2,18,0.69,22,59,23,18,91,179,48,5.88,13,N
16.0,4,3,16,1.0,16,47,10,1,4,0.5,3,12,7,5,24,31,10,0.0,4,N
17.33,6,5,26,1.0,16,72,16,1,6,0.33,3,18,11,8,28,46,14,0.0,6,N
17.33,6,5,26,1.0,16,72,16,1,6,0.33,3,18,11,8,28,46,14,0.0,6,N
4.8,3,2,6,1.0,8,19,6,1,2,0.33,0,8,5,3,10,13,7,0.0,3,N
6.43,5,4,10,1.0,9,31,10,1,2,0.2,0,12,9,7,10,21,9,0.0,5,N
10.0,3,2,8,1.0,10,24,6,1,2,0.33,0,8,5,3,10,16,7,0.0,3,N
7.07,1,1,18,0.0,11,56,4,2,2,0.5,0,6,3,2,15,38,6,0.0,2,N
22.12,1,4,114,0.0,26,331,16,8,8,1.0,39,24,9,8,146,217,21,27.71,5,N
9.0,1,2,27,0.0,12,73,8,0,4,1.0,9,10,5,4,42,46,9,50.0,3,N
6.11,1,1,10,0.0,11,33,4,1,2,1.0,4,6,3,2,21,23,6,25.0,2,N
9.63,1,1,14,0.0,11,41,4,2,2,0.5,3,6,3,2,17,27,6,0.0,2,N
77.46,1,3,220,0.0,50,605,12,3,6,0.87,55,70,34,6,283,385,42,41.41,30,Y
9.1,1,1,13,0.0,14,42,4,3,2,1.0,5,7,3,2,35,29,7,44.83,2,N
18.12,3,3,29,0.67,25,95,10,3,4,0.75,22,12,7,5,58,66,10,22.86,4,N
17.25,4,4,33,0.75,23,110,14,3,6,0.8,19,16,9,7,69,77,13,36.73,5,N
16.0,1,4,32,0.0,20,93,16,2,8,0.6,12,19,9,8,80,61,16,44.78,5,N
13.2,3,3,33,0.67,16,99,10,2,4,0.5,5,13,7,5,38,66,11,18.75,4,N
12.6,1,5,43,0.0,17,135,20,2,10,0.5,6,19,11,10,49,92,15,19.05,6,N
23.5,1,6,47,0.0,15,126,22,1,10,0.71,21,24,13,11,85,79,19,50.79,7,N
7.6,1,1,19,0.0,12,60,4,2,2,0.5,7,6,3,2,23,41,6,0.0,2,N
16.36,4,3,24,1.0,15,63,12,2,6,1.0,10,15,7,6,44,39,13,54.55,4,N
55.88,7,28,309,0.21,34,729,112,0,56,0.93,53,162,57,56,259,420,135,30.85,29,N
20.71,1,3,58,0.0,15,122,12,0,6,1.0,12,25,7,6,49,64,23,16.67,4,N
12.0,1,5,54,0.0,12,146,20,0,10,1.0,10,31,11,10,49,92,27,10.53,6,N
45.77,1,5,136,0.0,35,336,20,1,10,0.67,47,50,15,10,162,200,43,48.25,9,N
19.62,1,3,34,0.0,15,77,12,6,6,0.25,7,15,7,6,65,43,13,71.93,4,N
42.02,1,11,230,0.0,19,541,44,4,22,0.08,33,60,23,22,199,311,50,60.61,12,N
51.47,9,19,250,0.42,28,568,70,1,32,0.2,46,97,39,35,254,318,79,56.04,20,Y
12.28,1,2,26,0.0,17,93,8,0,4,1.0,5,15,5,4,29,67,14,13.04,3,N
33.52,5,9,83,0.44,21,187,36,3,18,0.1,9,38,19,18,80,104,30,17.14,10,Y
25.26,9,14,89,0.57,21,219,50,2,22,0.07,17,55,29,25,140,130,42,59.02,15,N
10.42,1,2,25,0.0,10,51,8,2,4,0.33,1,12,5,4,14,26,11,0.0,3,N
48.06,7,16,173,0.38,35,407,60,1,28,0.35,24,79,33,30,186,234,64,42.24,17,N
37.75,19,16,151,1.0,32,422,52,0,20,0.68,24,68,37,26,112,271,51,20.69,19,N
10.56,3,2,13,1.0,13,33,8,2,4,0.33,4,10,5,4,22,20,9,5.88,3,N
14.67,1,2,16,0.0,11,36,8,2,4,0.33,5,9,5,4,26,20,8,0.0,3,N
38.57,10,8,285,0.56,36,695,28,1,12,0.76,26,72,28,14,320,410,57,47.44,17,N
18.26,9,15,83,0.53,22,255,54,6,24,0.44,6,61,31,28,99,172,47,21.74,16,N
40.25,1,9,168,0.0,46,438,34,3,16,0.72,21,72,31,17,254,270,56,33.51,18,N
20.78,1,4,44,0.0,17,111,16,2,8,0.4,6,21,9,8,53,67,18,36.96,5,N
12.89,1,2,35,0.0,14,91,8,4,4,0.33,8,12,5,4,57,56,11,40.0,3,N
26.83,5,10,88,0.4,25,217,36,4,16,0.73,17,53,21,18,81,129,44,12.7,11,N
15.65,1,2,82,0.0,21,150,8,2,4,0.33,14,13,5,4,121,68,12,45.35,3,N
22.85,4,5,37,0.6,21,95,20,1,10,0.33,10,25,11,10,59,58,21,33.33,6,N
8.63,1,2,23,0.0,12,62,8,2,4,1.0,2,14,5,4,26,39,13,8.7,3,N
7.86,1,1,10,0.0,11,24,4,3,2,0.5,4,6,3,2,20,14,6,6.67,2,N
11.25,1,2,36,0.0,15,86,8,2,4,1.0,6,15,5,4,34,50,14,22.22,3,N
15.24,1,2,32,0.0,20,104,8,1,4,0.67,9,16,5,4,49,72,15,28.21,3,Y
11.63,1,1,26,0.0,17,72,4,1,2,1.0,2,9,3,2,30,46,9,33.33,2,N
17.63,1,1,56,0.0,17,156,4,0,2,1.0,3,30,6,2,55,100,28,29.41,4,N
22.73,7,21,163,0.19,29,488,78,3,36,0.63,22,124,58,39,228,325,94,21.95,32,N
29.58,1,16,220,0.0,32,702,64,0,32,0.9,10,95,37,32,222,482,77,29.38,20,Y
43.41,30,66,568,0.4,48,1500,238,7,106,0.56,42,303,141,119,555,932,232,48.3,73,Y
23.26,3,14,221,0.14,24,537,54,0,26,0.8,16,76,29,27,170,316,63,20.92,15,Y
3.5,1,1,6,0.0,7,20,4,0,2,0.5,0,6,3,2,14,14,6,0.0,2,N
54.33,12,24,326,0.46,36,790,90,0,42,0.36,2,117,49,45,233,464,94,41.55,25,N
21.0,1,4,21,0.0,16,63,16,1,8,0.2,4,19,9,8,25,42,16,0.0,5,N
13.45,1,5,39,0.0,20,92,14,0,4,0.33,0,18,11,7,49,53,14,44.9,6,N
18.86,9,9,97,0.89,21,318,32,0,14,0.7,8,54,19,16,69,221,46,21.67,10,N
7.71,1,2,27,0.0,12,70,8,1,4,0.67,10,18,5,4,71,43,17,55.56,3,N
23.68,1,3,117,0.0,17,247,12,7,6,1.0,15,25,7,6,78,130,23,33.87,4,N
9.29,1,1,13,0.0,10,37,4,2,2,0.5,4,6,3,2,22,24,6,17.65,2,N
9.29,1,1,13,0.0,10,37,4,2,2,0.5,4,6,3,2,22,24,6,17.65,2,N
12.04,1,2,61,0.0,15,130,8,1,4,0.33,12,18,5,4,79,69,17,59.09,3,N
23.0,1,1,46,0.0,16,105,4,2,2,1.0,3,8,3,2,55,59,8,36.36,2,N
7.64,3,2,12,1.0,14,40,6,4,2,0.67,0,7,5,3,22,28,6,23.81,3,N
33.32,1,8,113,0.0,23,292,32,4,16,0.33,10,46,17,16,138,179,39,36.78,9,N
22.11,1,4,42,0.0,20,114,16,7,8,0.4,6,24,9,8,61,72,21,59.26,5,N
13.73,4,11,84,0.27,17,201,42,7,20,0.5,2,52,23,21,174,117,42,53.8,12,Y
27.21,1,20,250,0.0,32,625,80,1,40,0.96,6,112,47,40,204,375,89,29.95,25,N
11.57,1,3,27,0.0,18,75,10,0,4,1.0,0,20,7,5,48,48,18,51.06,4,N
13.9,1,4,57,0.0,20,155,16,1,8,0.46,0,42,19,8,80,98,31,24.05,13,N
13.24,1,4,30,0.0,15,72,16,0,8,0.6,1,20,9,8,35,42,17,3.03,5,N
11.69,1,2,33,0.0,17,103,8,2,4,1.0,1,13,5,4,41,70,12,28.21,3,N
13.19,3,3,50,0.67,19,129,12,0,6,0.75,1,20,7,6,68,79,18,22.64,4,Y
9.41,1,1,20,0.0,16,62,4,2,2,1.0,1,8,3,2,24,42,8,13.64,2,N
8.91,1,1,19,0.0,15,57,4,2,2,1.0,2,8,3,2,25,38,8,13.64,2,N
14.75,3,3,59,0.67,19,153,10,3,4,0.25,2,19,7,5,79,94,17,50.0,4,N
15.69,1,1,96,0.0,17,241,4,1,2,1.0,14,19,3,2,63,145,19,14.58,2,N
14.68,1,1,57,0.0,17,151,4,0,2,1.0,5,13,3,2,42,94,13,16.67,2,N
46.92,11,14,333,0.71,31,781,56,6,28,0.4,10,74,29,28,227,448,61,31.02,15,N
9.5,1,1,19,0.0,16,60,4,2,2,1.0,0,8,3,2,26,41,8,24.0,2,N
51.6,9,16,258,0.42,38,607,60,1,28,0.5,12,104,37,30,231,349,86,40.37,20,Y
29.27,1,5,75,0.0,32,213,20,7,10,0.78,6,38,15,10,77,138,31,18.57,9,Y
13.88,1,1,91,0.0,18,210,4,0,2,1.0,1,8,3,2,50,119,8,12.5,2,N
11.47,1,1,30,0.0,13,67,4,1,2,0.5,1,7,3,2,35,37,7,57.58,2,N
11.48,1,1,27,0.0,17,81,4,1,2,1.0,1,9,3,2,36,54,9,35.29,2,N
8.31,1,2,36,0.0,12,87,8,2,4,0.33,0,11,5,4,37,51,10,25.0,3,N
19.94,1,4,29,0.0,11,67,16,2,8,0.2,1,18,9,8,38,38,15,13.89,5,N
29.01,8,9,220,0.78,24,526,34,18,16,0.8,5,61,19,17,179,306,53,26.59,10,N
12.09,1,4,76,0.0,14,211,16,8,8,1.0,3,33,9,8,63,135,30,16.95,5,Y
16.49,1,3,94,0.0,20,261,12,0,6,1.0,13,23,7,6,65,167,21,11.76,4,N
57.0,15,14,192,1.0,19,466,56,2,28,1.0,67,76,29,28,228,274,63,42.5,15,N
15.38,4,3,25,1.0,16,76,12,4,6,0.25,9,14,7,6,46,51,12,50.0,4,N
21.46,1,5,61,0.0,19,182,20,3,10,1.0,15,30,11,10,83,121,26,46.27,6,N
14.06,1,2,30,0.0,15,69,8,0,4,1.0,6,14,5,4,33,39,13,15.38,3,N
25.34,1,3,75,0.0,25,193,12,2,6,0.5,21,19,7,6,84,118,17,51.61,4,N
25.89,1,3,41,0.0,24,109,12,0,6,0.5,9,14,7,6,42,68,12,50.0,4,N
25.89,1,3,41,0.0,24,109,12,0,6,0.5,10,14,7,6,43,68,12,53.13,4,N
31.3,1,9,153,0.0,27,399,36,0,18,0.8,46,48,19,18,153,246,40,62.26,10,N
34.84,1,5,135,0.0,32,380,20,2,10,0.67,33,29,11,10,124,245,25,51.11,6,N
16.56,1,4,69,0.0,12,141,16,0,8,1.0,10,32,9,8,47,72,29,13.89,5,N
19.95,1,5,38,0.0,21,94,20,2,10,0.5,25,24,11,10,80,56,20,59.26,6,N
14.44,1,3,38,0.0,19,122,12,0,6,1.0,9,16,7,6,45,84,14,42.86,4,N
16.55,1,1,64,0.0,15,148,4,1,2,1.0,10,7,3,2,42,84,7,19.35,2,N
9.8,1,1,14,0.0,14,45,4,4,2,0.5,6,6,3,2,26,31,6,47.37,2,N
9.8,1,1,14,0.0,14,45,4,4,2,0.5,6,6,3,2,26,31,6,47.37,2,N
8.62,1,2,16,0.0,14,56,8,1,4,0.67,7,12,5,4,34,40,11,46.15,3,N
14.9,3,5,42,0.4,22,140,18,4,8,0.83,20,22,11,9,68,98,18,42.55,6,N
11.12,1,3,34,0.0,17,97,12,0,6,1.0,14,16,7,6,50,63,14,42.86,4,N
14.56,5,6,43,0.67,21,142,20,4,8,0.71,19,24,13,10,77,99,19,44.0,7,N
26.32,5,11,94,0.36,28,288,40,4,18,0.67,36,48,23,20,143,194,38,52.63,12,N
12.0,1,1,10,0.0,12,32,4,2,2,0.5,3,5,3,2,19,22,5,26.67,2,N
12.0,1,1,16,0.0,12,48,4,2,2,0.5,3,5,3,2,19,32,5,26.67,2,N
13.74,4,7,29,0.43,18,93,28,6,14,0.75,9,30,15,14,73,64,24,57.14,8,N
6.67,1,1,8,0.0,10,26,4,3,2,1.0,5,5,3,2,32,18,5,61.54,2,N
8.25,1,1,9,0.0,11,27,4,3,2,0.5,1,5,3,2,17,18,5,40.0,2,N
9.17,1,1,15,0.0,11,43,4,3,2,0.5,1,5,3,2,17,28,5,40.0,2,N
27.25,10,9,172,1.0,32,486,30,1,12,0.7,49,60,19,15,211,314,52,39.13,10,N
22.99,15,24,252,0.58,27,750,94,4,46,0.96,77,137,49,47,343,498,114,30.65,25,N
18.67,1,2,56,0.0,20,148,8,1,4,1.0,40,16,5,4,82,92,15,31.71,3,Y
19.2,1,3,97,0.0,19,267,12,0,6,1.0,31,33,7,6,105,170,31,41.1,4,N
24.18,1,1,56,0.0,19,171,4,5,2,1.0,34,11,3,2,113,115,11,53.85,2,N
9.48,1,3,32,0.0,16,87,12,5,6,0.75,14,15,7,6,52,55,13,43.24,4,N
20.38,1,3,33,0.0,21,97,12,1,6,0.5,5,15,7,6,24,64,13,11.11,4,N
11.2,1,2,16,0.0,14,41,8,1,4,1.0,4,12,5,4,26,25,11,33.33,3,N
50.27,9,18,207,0.44,34,496,66,1,30,0.47,39,77,37,33,185,289,60,39.31,19,N
18.53,1,1,57,0.0,26,151,4,3,2,0.75,18,16,6,2,61,94,14,30.95,4,N
74.77,5,20,319,0.2,45,821,78,3,38,0.71,49,104,41,39,163,502,85,46.9,21,N
47.96,3,9,140,0.22,37,350,34,2,16,0.6,31,41,19,17,121,210,33,41.57,10,N
66.0,9,17,264,0.44,50,685,66,9,32,0.42,84,82,37,33,306,421,65,54.3,19,N
48.05,1,7,217,0.0,31,565,28,0,14,0.75,17,37,15,14,81,348,31,53.97,8,N
29.45,5,5,72,0.8,27,187,18,0,8,0.67,16,28,11,9,50,115,24,33.33,6,N
24.0,1,1,48,0.0,20,133,4,1,2,1.0,5,17,8,2,45,85,13,25.64,6,N
12.0,4,3,18,1.0,16,55,8,1,2,0.5,1,11,7,4,18,37,9,6.25,4,N
9.5,1,1,19,0.0,13,51,4,2,2,0.5,7,8,3,2,31,32,8,39.13,2,N
35.45,4,4,79,0.21,35,262,14,3,6,0.2,17,40,20,7,86,183,27,7.35,15,N
7.22,1,2,10,0.0,13,40,8,2,4,0.5,3,5,3,4,16,30,5,25.0,2,N
7.22,1,2,10,0.0,13,39,8,2,4,0.5,3,5,3,4,15,29,5,18.18,2,N
13.6,1,3,24,0.0,17,68,8,1,2,0.5,6,12,7,4,26,44,10,10.53,4,N
10.62,1,3,46,0.0,12,102,12,0,6,1.0,25,32,9,6,60,56,29,20.59,5,N
7.02,1,8,100,0.0,8,214,32,0,16,1.0,13,59,17,16,78,114,52,3.13,9,N
2.33,1,1,7,0.0,4,16,4,1,2,1.0,7,7,3,2,29,9,7,42.86,2,N
16.36,1,3,30,0.0,12,73,12,2,6,0.5,2,14,7,6,27,43,12,0.0,4,N
13.2,1,2,33,0.0,12,71,8,0,4,1.0,5,16,5,4,23,38,15,23.53,3,N
53.2,1,4,266,0.0,16,538,16,1,8,0.33,22,12,5,8,71,272,11,33.33,3,N
7.27,1,1,16,0.0,10,37,4,0,2,1.0,1,9,3,2,12,21,9,0.0,2,N
24.29,1,2,60,0.0,17,137,8,0,4,1.0,9,14,5,4,34,77,13,29.17,3,N
12.0,1,1,12,0.0,10,27,4,1,2,0.5,1,5,3,2,9,15,5,0.0,2,N
14.14,1,2,18,0.0,11,41,8,1,4,0.33,1,9,5,4,11,23,8,0.0,3,N
14.67,1,2,22,0.0,12,49,8,2,4,0.33,1,9,5,4,13,27,8,0.0,3,N
12.0,1,1,12,0.0,10,27,4,1,2,0.5,1,5,3,2,9,15,5,0.0,2,N
14.14,1,2,18,0.0,11,41,8,1,4,0.33,1,9,5,4,11,23,8,0.0,3,N
14.67,1,2,22,0.0,12,49,8,2,4,0.33,1,9,5,4,13,27,8,0.0,3,N
12.0,1,1,12,0.0,10,27,4,1,2,0.5,1,5,3,2,9,15,5,0.0,2,N
14.14,1,2,18,0.0,11,41,8,1,4,0.33,1,9,5,4,11,23,8,0.0,3,N
14.67,1,2,22,0.0,12,49,8,2,4,0.33,1,9,5,4,13,27,8,0.0,3,N
24.77,5,4,107,0.8,25,279,16,1,8,0.67,40,27,11,8,151,172,23,44.19,6,N
6.19,1,1,11,0.0,9,25,4,0,2,1.0,2,6,3,2,12,14,6,22.22,2,N
6.19,1,1,11,0.0,9,25,4,0,2,1.0,2,6,3,2,12,14,6,22.22,2,N
6.19,1,1,11,0.0,9,25,4,0,2,1.0,2,6,3,2,12,14,6,22.22,2,N
6.19,1,1,11,0.0,9,25,4,0,2,1.0,2,6,3,2,12,14,6,22.22,2,N
6.19,1,1,11,0.0,9,25,4,0,2,1.0,2,6,3,2,12,14,6,22.22,2,N
6.19,1,1,11,0.0,9,25,4,0,2,1.0,2,6,3,2,12,14,6,22.22,2,N
6.19,1,1,11,0.0,9,25,4,0,2,1.0,2,6,3,2,12,14,6,22.22,2,N
14.68,3,3,19,0.67,17,52,10,0,4,0.25,8,11,7,5,23,33,9,51.61,4,N
4.38,1,1,5,0.0,7,15,4,0,2,0.5,2,6,3,2,9,10,6,47.06,2,N
4.38,1,1,5,0.0,7,14,4,0,2,0.5,4,5,3,2,11,9,5,55.56,2,N
6.19,1,1,9,0.0,11,25,4,0,2,0.5,3,5,3,2,17,16,5,38.46,2,N
4.38,1,1,5,0.0,7,14,4,0,2,0.5,4,5,3,2,11,9,5,55.56,2,N
5.5,1,1,11,0.0,9,26,4,0,2,1.0,3,6,3,2,15,15,6,18.18,2,N
13.93,1,2,30,0.0,13,66,8,0,4,0.67,13,17,5,4,50,36,16,63.89,3,N
11.65,1,8,36,0.0,11,74,32,0,16,0.89,9,34,17,16,34,38,27,0.0,9,N
22.46,1,3,37,0.0,17,97,12,0,6,0.75,16,15,7,6,57,60,13,37.5,4,N
37.2,15,19,280,0.64,38,696,74,5,36,0.74,82,117,43,37,390,416,96,37.59,23,N
16.36,1,3,54,0.0,20,130,12,6,6,0.75,22,19,7,6,95,76,17,55.56,4,N
10.29,1,1,27,0.0,16,70,4,1,2,1.0,9,10,3,2,40,43,10,40.0,2,N
13.82,3,2,19,1.0,16,46,8,0,4,0.67,12,10,5,4,34,27,9,33.33,3,N
19.35,3,3,50,0.67,24,133,10,2,4,0.75,14,16,7,5,95,83,14,46.3,4,N
41.38,13,17,150,0.71,32,372,58,2,24,0.39,38,67,35,29,218,222,51,41.9,18,N
21.71,5,11,76,0.36,24,187,40,5,18,0.58,39,49,23,20,177,111,39,47.69,12,N
17.86,1,3,47,0.0,19,104,12,0,6,1.0,19,16,7,6,84,57,14,48.78,4,N
21.94,1,7,108,0.0,26,307,28,6,14,0.88,25,46,15,14,142,199,40,38.79,8,Y
15.43,1,1,54,0.0,12,114,4,1,2,1.0,27,7,3,2,70,60,7,47.62,2,Y
7.0,1,1,7,0.0,8,21,4,0,2,1.0,1,6,3,2,12,14,6,0.0,2,N
28.98,4,8,136,0.38,26,342,30,5,14,0.78,34,44,17,15,132,206,37,31.96,9,N
12.55,5,4,31,1.0,17,84,12,2,4,0.6,9,13,9,6,49,53,10,43.59,5,Y
22.14,1,6,126,0.0,26,349,24,9,12,1.0,32,38,13,12,138,223,33,39.8,7,Y
9.75,1,2,27,0.0,13,74,8,0,4,1.0,13,10,5,4,49,47,9,45.71,3,N
10.58,1,1,25,0.0,11,57,4,2,2,0.5,3,8,3,2,23,32,8,0.0,2,N
5.4,1,1,6,0.0,9,23,4,1,2,0.5,6,6,3,2,24,17,6,41.18,2,N
9.63,1,1,14,0.0,11,42,4,2,2,0.5,3,6,3,2,19,28,6,0.0,2,N
47.6,9,6,154,0.35,34,402,16,3,4,0.79,30,55,32,8,186,248,33,42.58,24,Y
10.56,1,1,13,0.0,13,39,4,3,2,1.0,6,8,3,2,36,26,8,65.51,2,N
18.57,1,3,43,0.0,19,121,12,1,6,1.0,13,16,7,6,73,78,14,45.76,4,Y
36.74,11,10,124,1.0,32,354,34,1,14,0.82,31,46,21,17,141,230,37,32.11,11,Y
18.91,1,5,52,0.0,24,152,20,3,10,1.0,12,30,11,10,74,100,26,27.87,6,N
6.87,1,1,20,0.0,11,62,4,2,2,0.5,0,6,3,2,16,42,6,0.0,2,N
64.92,9,17,193,0.47,37,516,62,1,28,0.56,51,75,35,31,241,323,59,43.39,18,Y
2.5,1,1,6,0.0,5,15,4,2,2,1.0,2,6,3,2,17,9,6,14.29,2,N
2.78,1,2,10,0.0,5,25,8,2,4,1.0,4,10,5,4,26,15,9,19.05,3,N
10.13,3,3,9,0.67,9,29,12,2,6,0.25,0,14,7,6,18,20,12,0.0,4,N
30.8,4,5,22,0.6,14,54,16,2,6,0.17,3,18,11,8,19,32,14,0.0,6,N
9.0,1,1,10,0.0,9,28,4,2,2,0.5,3,5,3,2,18,18,5,0.0,2,N
8.0,1,1,6,0.0,8,16,4,1,2,0.5,2,5,3,2,13,10,5,0.0,2,N
26.6,7,12,133,0.5,22,343,42,1,18,0.69,25,59,25,23,117,210,48,23.08,13,N
16.0,1,3,30,0.0,16,85,12,2,6,1.0,5,17,7,6,35,55,15,17.24,4,N
18.12,1,2,44,0.0,14,106,8,1,4,0.67,15,10,5,4,44,62,9,57.14,3,N
13.5,1,1,18,0.0,12,43,4,1,2,0.5,6,5,3,2,20,25,5,30.77,2,N
17.06,1,1,21,0.0,13,53,4,2,2,0.5,5,5,3,2,19,32,5,30.77,2,N
16.32,1,6,28,0.0,14,74,22,4,10,0.14,10,23,13,11,36,46,18,68.0,7,N
10.11,1,2,26,0.0,14,72,8,1,4,1.0,14,13,5,4,44,46,12,34.48,3,N
33.87,10,15,199,0.6,32,526,52,5,22,0.69,35,68,31,26,157,327,54,37.19,16,N
10.67,1,2,16,0.0,12,43,8,0,4,0.67,6,11,5,4,24,27,10,52.94,3,N
20.7,1,4,45,0.0,23,159,16,0,8,0.8,17,23,9,8,72,114,20,50.0,5,N
30.2,1,2,89,0.0,19,205,8,1,4,0.67,16,11,5,4,54,116,10,45.95,3,N
33.51,1,5,124,0.0,20,279,20,1,10,0.33,11,26,11,10,58,155,22,41.3,6,N
126.56,27,65,798,0.27,72,2027,248,3,118,0.66,81,345,162,124,750,1229,251,36.68,96,N
5.69,1,3,13,0.0,7,28,12,1,6,0.75,20,12,7,6,35,15,10,28.57,4,N
31.06,10,15,176,0.6,24,399,60,1,30,0.19,115,67,31,30,212,223,53,48.96,16,N
51.47,12,31,267,0.35,32,589,116,1,54,0.31,156,129,63,58,330,322,99,48.48,32,N
41.72,27,28,463,0.93,31,1112,106,3,50,0.76,48,161,57,53,307,649,134,36.05,29,N
17.2,7,10,86,0.6,18,253,38,3,18,0.91,17,44,21,19,93,167,35,18.67,11,N
38.23,3,11,203,0.18,29,487,42,3,20,0.83,74,64,23,21,186,284,54,43.24,12,N
15.16,1,2,32,0.0,18,82,8,3,4,1.0,33,14,5,4,62,50,13,42.86,3,N
18.29,1,3,64,0.0,16,134,12,2,6,1.0,4,25,7,6,27,70,23,13.64,4,N
23.73,1,5,89,0.0,16,182,20,2,10,1.0,4,38,11,10,33,93,34,10.71,6,N
10.11,1,4,95,0.0,10,191,16,1,8,1.0,1,32,9,8,38,96,29,2.78,5,N
20.16,1,4,48,0.0,21,100,16,1,8,0.8,5,24,9,8,33,52,21,7.41,5,N
13.61,1,4,94,0.0,11,189,16,1,8,1.0,2,41,9,8,34,95,38,3.23,5,N
9.27,1,1,51,0.0,8,103,4,1,2,1.0,1,16,3,2,20,52,16,5.56,2,N
13.07,1,3,28,0.0,14,55,12,1,6,1.0,1,20,7,6,18,27,18,6.25,4,N
21.53,1,2,53,0.0,26,132,8,1,4,1.0,1,36,16,4,52,79,25,2.0,13,N
23.03,1,3,58,0.0,27,142,12,1,6,1.0,1,39,18,6,55,84,27,1.89,14,N
10.16,1,6,130,0.0,10,263,24,1,12,1.0,4,47,13,12,48,133,42,2.33,7,N
18.79,9,12,91,0.67,19,265,42,3,18,0.77,16,48,25,23,92,174,37,17.33,13,N
41.66,3,12,215,0.17,31,514,46,3,22,0.77,40,69,25,23,155,299,58,42.98,13,N
36.04,9,16,193,0.5,31,465,62,3,30,0.65,77,87,33,31,201,272,72,34.78,17,N
12.5,1,1,20,0.0,15,62,4,0,2,0.5,4,6,3,2,19,42,6,28.57,2,N
6.29,1,1,8,0.0,11,27,4,0,2,1.0,4,5,3,2,19,19,5,57.14,2,N
6.29,1,1,8,0.0,11,27,4,0,2,1.0,4,5,3,2,19,19,5,57.14,2,N
10.64,1,1,18,0.0,13,40,4,1,2,0.5,7,7,3,2,30,22,7,31.82,2,N
10.0,1,1,15,0.0,12,39,4,1,2,0.5,3,7,3,2,20,24,7,43.75,2,N
26.1,4,2,54,0.33,29,142,6,3,2,0.4,27,25,13,3,103,88,17,49.33,10,N
17.6,5,5,22,0.8,16,59,16,2,6,0.17,6,18,11,8,25,37,14,22.22,6,N
27.86,3,6,60,0.17,26,150,22,2,10,0.15,20,44,21,11,89,90,33,30.88,13,N
6.11,1,1,10,0.0,11,29,4,2,2,0.5,4,5,3,2,17,19,5,8.33,2,N
6.11,1,1,10,0.0,11,28,4,2,2,0.5,5,5,3,2,19,18,5,15.38,2,N
9.63,1,1,11,0.0,14,32,4,1,2,0.5,3,6,3,2,18,21,6,21.43,2,N
10.5,4,3,28,1.0,15,96,12,1,6,1.0,7,14,7,6,39,68,12,32.25,4,N
9.64,1,2,27,0.0,15,85,8,2,4,0.33,12,12,5,4,56,58,11,55.81,3,Y
10.5,4,3,28,1.0,15,96,12,1,6,1.0,7,14,7,6,37,68,12,20.69,4,N
9.47,1,2,23,0.0,14,60,8,2,4,1.0,14,11,5,4,70,37,10,67.27,3,Y
11.08,1,2,28,0.0,19,81,8,2,4,1.0,10,10,5,4,47,53,9,38.89,3,Y
10.5,1,2,21,0.0,18,64,8,1,4,1.0,8,10,5,4,50,43,9,51.22,3,Y
7.33,1,2,12,0.0,11,38,8,2,4,1.0,0,12,5,4,16,26,11,13.33,3,Y
7.26,1,2,19,0.0,13,49,8,1,4,1.0,0,10,5,4,14,30,9,0.0,3,N
10.93,1,2,27,0.0,17,72,8,1,4,1.0,0,12,5,4,22,45,11,0.0,3,N
13.06,4,7,64,0.43,20,159,26,1,12,0.88,10,32,15,13,88,95,26,42.86,8,Y
21.41,7,17,218,0.35,22,591,64,2,30,0.89,4,80,35,32,118,373,64,19.47,18,Y
10.43,1,2,27,0.0,17,72,8,1,4,1.0,0,12,5,4,22,45,11,0.0,3,N
12.75,4,3,39,1.0,17,98,10,1,4,0.75,0,15,7,5,23,59,13,0.0,4,N
14.8,6,7,67,0.71,19,187,24,4,10,0.75,2,24,15,12,54,120,18,19.61,8,N
28.0,1,2,112,0.0,23,256,8,1,4,1.0,2,14,5,4,65,144,13,24.19,3,Y
14.77,3,3,24,0.67,16,64,10,0,4,0.5,5,12,7,5,28,40,10,0.0,4,N
19.13,3,3,40,0.67,22,107,10,1,4,0.75,4,14,7,5,37,67,12,25.0,4,Y
44.71,3,10,190,0.2,32,475,36,3,16,0.91,35,64,21,18,186,285,55,45.33,11,Y
6.5,1,1,13,0.0,13,32,4,1,2,0.5,4,7,3,2,28,19,7,56.52,2,Y
15.91,5,5,35,0.8,20,98,18,1,8,0.83,0,20,11,9,38,63,16,24.32,6,Y
21.54,4,4,35,0.75,16,83,16,2,8,1.0,14,21,9,8,49,48,18,17.65,5,N
6.75,1,1,6,0.0,9,19,4,1,2,1.0,5,7,3,2,16,13,7,0.0,2,N
11.21,10,9,50,1.0,13,136,36,2,18,0.9,12,47,19,18,63,86,39,0.0,10,N
20.43,10,9,47,1.0,20,118,32,2,14,0.8,8,40,19,16,39,71,32,3.33,10,N
10.16,10,9,50,1.0,13,138,36,2,18,0.9,12,47,19,18,63,88,39,0.0,10,N
7.24,1,2,37,0.0,9,81,8,2,4,0.67,7,10,5,4,32,44,9,8.33,3,N
12.07,4,5,26,0.6,13,67,18,1,8,0.83,5,21,11,9,29,41,17,21.74,6,N
12.0,1,2,14,0.0,12,43,8,2,4,0.67,3,10,5,4,16,29,9,0.0,3,N
35.93,7,10,98,0.6,33,241,36,5,16,0.45,17,43,21,18,68,143,34,18.0,11,N
31.4,1,6,186,0.0,26,449,24,4,12,0.86,16,31,13,12,81,263,26,7.81,7,N
18.54,1,4,80,0.0,19,209,16,1,8,1.0,11,24,9,8,58,129,21,8.7,5,N
3.5,1,1,4,0.0,7,15,4,2,2,0.5,1,5,3,2,11,11,5,0.0,2,N
36.25,1,6,65,0.0,29,185,24,5,12,0.71,10,29,13,12,67,120,24,30.36,7,N
