NUM_UNIQUE_OPERANDS,NUM_UNIQUE_OPERATORS,HALSTEAD_CONTENT,DESIGN_DENSITY,LOC_COMMENTS,NUM_OPERANDS,HALSTEAD_LENGTH,MAINTENANCE_SEVERITY,HALSTEAD_LEVEL,CALL_PAIRS,NUM_OPERATORS,HALSTEAD_DIFFICULTY,HALSTEAD_VOLUME,HALSTEAD_ERROR_EST,PERCENT_COMMENTS,NUMBER_OF_LINES,LOC_CODE_AND_COMMENT,PARAMETER_COUNT,NODE_COUNT,EDGE_COUNT,Defective
9,14,14.3,0.3,0,37,91,0.3,0,1,54,28.8,411.6,0.1,82.4,20,14,4,12,14,N
10,14,16,0.5,0,39,95,0.3,0,2,56,27.3,435.6,0.2,82.4,20,14,5,13,15,N
3,7,8.1,0.3,0,6,17,0.3,0.1,0,11,7,56.5,0,80,8,4,3,10,12,N
2,5,7.9,0.5,0,2,7,0.5,0.4,0,5,2.5,19.7,0,50,4,1,3,5,5,N
2,5,7.9,0.5,14,2,7,0.5,0.4,0,5,2.5,19.7,0,93.8,18,1,3,5,5,N
4,9,7.1,1,0,12,26,0.5,0.1,1,14,13.5,96.2,0,71.4,10,5,3,7,7,N
5,9,9.1,1,0,14,30,0.5,0.1,1,16,12.6,114.2,0,71.4,11,5,4,7,7,N
3,5,10.8,0.5,0,4,12,0.5,0.3,0,8,3.3,36,0,0,5,0,4,6,6,N
3,5,10.8,0.5,0,4,12,0.5,0.3,0,8,3.3,36,0,0,5,0,4,6,6,N
3,5,10.8,0.5,0,4,12,0.5,0.3,0,8,3.3,36,0,0,5,0,4,6,6,N
19,13,31.4,1,1,54,116,1,0.1,6,62,18.5,580,0.2,87.1,34,26,5,19,21,N
18,14,27.8,0.8,1,50,108,1,0.1,5,58,19.4,540,0.2,87.1,34,26,4,17,19,N
15,14,22.2,1,1,44,94,1,0.1,3,50,20.5,456.7,0.2,84.6,30,21,5,15,17,N
14,15,19.5,0.5,1,40,86,1,0.1,2,46,21.4,417.8,0.1,84.6,29,21,4,13,15,N
5,8,9.9,1,0,14,30,0.5,0.1,2,16,11.2,111,0,75,11,6,2,7,7,N
6,8,12.1,1,0,17,36,0.5,0.1,2,19,11.3,137.1,0.1,75,11,6,3,7,7,N
4,7,8.8,0.5,0,9,20,0.5,0.1,0,11,7.9,69.2,0,75,10,6,2,6,6,N
15,10,32.7,1,0,32,75,0.5,0.1,6,43,10.7,348.3,0.1,83.3,17,10,7,10,10,N
16,10,35,1,0,34,79,0.5,0.1,6,45,10.6,371.3,0.1,83.3,18,10,8,10,10,N
16,11,27.7,0.7,0,40,80,0.3,0.1,6,40,13.8,380.4,0.1,92.3,18,12,4,16,17,N
8,10,13.9,1,0,24,50,0.5,0.1,3,26,15,208.5,0.1,81.8,14,9,2,9,9,N
9,10,15.8,1,0,28,58,0.5,0.1,3,30,15.6,246.4,0.1,81.8,14,9,3,9,9,N
6,11,9.3,0.7,0,12,25,0.3,0.1,2,13,11,102.2,0,75,6,3,2,11,12,N
7,11,11,0.7,0,13,27,0.3,0.1,2,14,10.2,112.6,0,75,7,3,3,11,12,N
6,9,12,1,0,13,30,0.5,0.1,2,17,9.8,117.2,0,77.8,12,7,3,6,6,N
7,8,15.5,1,0,15,34,0.5,0.1,3,19,8.6,132.8,0,77.8,12,7,4,7,7,N
14,13,22.5,0.7,1,31,68,0.3,0.1,4,37,14.4,323.3,0.1,86.4,26,18,5,13,14,N
13,14,19.4,0.7,1,30,66,0.3,0.1,3,36,16.1,313.8,0.1,86.4,26,18,4,12,13,N
10,13,15.1,0.7,1,23,50,0.3,0.1,1,27,15,226.2,0.1,83.3,23,14,5,10,11,N
9,12,14.4,0.3,1,22,48,0.3,0.1,0,26,14.7,210.8,0.1,83.3,22,14,4,9,10,N
10,14,15.4,0.7,0,17,40,1,0.1,1,23,11.9,183.4,0.1,80,13,8,5,9,10,N
9,14,13.8,0.7,0,16,38,1,0.1,1,22,12.4,171.9,0.1,77.8,12,7,4,9,10,N
3,5,8.8,0.2,0,16,39,0.2,0.1,0,23,13.3,117,0,92.9,16,13,3,16,20,N
4,6,10.3,0.7,0,21,49,0.2,0.1,1,28,15.8,162.8,0.1,92.9,16,13,4,21,25,N
26,13,43.4,0.8,0,97,199,0.6,0,10,102,24.3,1051.8,0.4,85.4,46,35,8,27,30,N
27,13,45.3,0.8,0,103,211,0.6,0,10,108,24.8,1122.9,0.4,85.4,46,35,9,27,30,N
7,14,11.6,0.7,0,35,92,1,0,1,57,35,404.1,0.1,80,26,16,5,20,25,N
8,13,14.1,1,0,36,94,1,0,2,58,29.3,412.9,0.1,80,27,16,6,21,26,N
9,11,14.4,1,2,31,63,0.5,0.1,2,32,18.9,272.3,0.1,83.3,16,8,4,8,8,N
10,11,16.2,1,2,33,67,0.5,0.1,2,34,18.2,294.3,0.1,83.3,17,8,5,8,8,N
10,9,18.5,1,2,25,49,0.5,0.1,2,24,11.3,208.2,0.1,85.7,18,10,5,8,8,N
11,9,20.8,1,2,28,55,0.5,0.1,2,27,11.5,237.7,0.1,85.7,18,10,6,8,8,N
21,16,29,0.7,0,76,161,0.5,0,8,85,29,838.7,0.3,87.9,38,29,5,27,31,N
22,15,32.3,0.8,0,81,171,0.5,0,9,90,27.6,890.8,0.3,87.9,38,29,6,28,32,N
11,14,16.7,0.7,0,24,55,0.3,0.1,3,31,15.3,255.4,0.1,83.3,15,10,4,11,12,N
12,14,18.2,0.7,0,27,61,0.3,0.1,3,34,15.8,286.7,0.1,83.3,15,10,5,11,12,N
9,8,19.3,0.7,0,20,42,0.3,0.1,4,22,8.9,171.7,0.1,83.3,9,5,4,12,13,N
10,8,21.7,1,0,24,50,0.3,0.1,5,26,9.6,208.5,0.1,83.3,9,5,5,13,14,N
12,14,18.7,0.7,0,35,81,0.7,0.1,4,46,20.4,380.7,0.1,87.5,22,14,7,18,22,N
11,15,16.2,0.5,0,31,73,0.7,0.1,3,42,21.1,343.1,0.1,87.5,22,14,6,17,21,N
7,12,12.5,0.3,0,21,53,1,0.1,0,32,18,225.1,0.1,77.8,12,7,4,7,8,N
8,13,13.5,0.7,0,22,55,1,0.1,1,33,17.9,241.6,0.1,77.8,12,7,5,8,9,N
10,14,15.1,1,0,29,67,0.3,0.1,3,38,20.3,307.2,0.1,76.5,20,13,3,10,11,N
11,14,16.6,1,0,33,75,0.3,0.1,3,42,21,348.3,0.1,76.5,20,13,4,10,11,N
7,12,10.6,0.7,0,15,32,0.3,0.1,2,17,12.9,135.9,0.1,75,7,3,3,11,12,N
4,11,7.5,0.5,0,8,21,1,0.1,1,13,11,82,0,83.3,9,5,2,9,11,N
3,8,6.8,1,0,5,13,0.5,0.2,1,8,6.7,45,0,50,5,1,2,6,6,N
5,10,9.5,0.5,0,14,34,0.8,0.1,1,20,14,132.8,0,75,15,9,4,15,17,N
7,8,14.1,1,0,15,31,0.5,0.1,3,16,8.6,121.1,0,80,9,4,4,8,8,N
12,10,23.3,0.8,0,40,87,0.8,0.1,4,47,16.7,388,0.1,80,27,16,7,14,16,N
7,12,11,0.3,0,22,49,0.3,0.1,0,27,18.9,208.2,0.1,85.7,17,12,5,9,10,N
14,18,17.9,0.3,3,37,85,0.8,0,3,48,23.8,425,0.1,88,29,19,7,21,25,N
13,17,17.1,0.2,3,36,82,0.8,0,2,46,23.5,402.4,0.1,88,29,19,6,20,24,N
13,19,15,0.1,4,36,79,1,0,2,43,26.3,395,0.1,88.9,30,20,5,18,23,N
14,20,15.8,0.3,4,37,82,1,0,3,45,26.4,417.2,0.1,88.9,31,20,6,19,24,N
13,9,29.4,1,0,25,57,0.5,0.1,5,32,8.7,254.2,0.1,90.9,16,10,5,9,9,N
22,19,28.7,0.5,0,79,183,0.5,0,7,104,34.1,980.4,0.3,84.4,52,38,8,31,37,N
11,7,26.9,1,1,20,41,0.5,0.2,5,21,6.4,171,0.1,87.5,13,6,4,10,10,N
12,10,25.4,1,0,27,64,0.5,0.1,6,37,11.3,285.4,0.1,81.8,15,9,4,10,10,N
13,10,27.6,1,0,29,68,0.5,0.1,6,39,11.2,307.6,0.1,81.8,15,9,5,10,10,N
13,11,23.8,1,0,45,99,0.5,0.1,3,54,19,453.9,0.2,80,19,12,5,9,9,N
14,11,25.8,1,0,50,109,0.5,0.1,3,59,19.6,506.2,0.2,82.4,21,14,6,9,9,N
5,7,10.2,1,0,8,16,0.5,0.2,1,8,5.6,57.4,0,66.7,6,2,3,8,8,N
6,7,12.7,1,0,9,18,0.5,0.2,1,9,5.3,66.6,0,66.7,7,2,4,8,8,N
3,7,7.7,0.5,0,10,27,0.5,0.1,0,17,11.7,89.7,0,77.8,11,7,2,6,6,N
4,8,9.5,1,0,11,29,0.5,0.1,1,18,11,104,0,77.8,11,7,3,7,7,N
5,13,8.8,0.4,0,15,41,0.6,0.1,1,26,19.5,171,0.1,80,14,8,3,15,18,N
6,13,10.4,1,0,17,45,0.6,0.1,2,28,18.4,191.2,0.1,80,14,8,4,17,20,N
3,9,7.7,0.3,0,9,29,0.3,0.1,0,20,13.5,104,0,80,8,4,3,7,8,N
4,12,8.5,0.7,0,10,32,0.3,0.1,1,22,15,128,0,80,10,4,4,8,9,N
5,12,10,0.7,0,13,38,0.3,0.1,1,25,15.6,155.3,0.1,75,16,9,5,8,9,N
4,9,9.6,0.3,0,12,35,0.3,0.1,0,23,13.5,129.5,0,75,15,9,4,7,8,N
14,13,22.5,0.7,1,31,68,0.3,0.1,4,37,14.4,323.3,0.1,85.7,25,17,5,13,14,N
13,14,19.4,0.7,1,30,66,0.3,0.1,3,36,16.1,313.8,0.1,86.4,26,18,4,12,13,N
10,13,15.1,0.7,1,23,50,0.3,0.1,1,27,15,226.2,0.1,82.4,22,13,5,10,11,N
9,12,14.4,0.3,1,22,48,0.3,0.1,0,26,14.7,210.8,0.1,83.3,22,14,4,9,10,N
2,6,5,0.5,0,4,10,0.5,0.2,0,6,6,30,0,50,4,1,1,6,6,N
7,9,14.4,1,0,13,30,0.3,0.1,4,17,8.4,120,0,75,6,3,1,12,13,N
3,10,5.7,0.3,0,12,31,1,0.1,0,19,20,114.7,0,77.8,11,7,2,11,13,N
4,12,6.8,0.5,0,13,33,1,0.1,1,20,19.5,132,0,77.8,12,7,3,12,14,N
9,11,19.8,1,4,10,28,0.5,0.2,2,18,6.1,121,0,83.3,14,6,2,7,7,N
9,11,19.8,1,4,10,28,0.5,0.2,2,18,6.1,121,0,83.3,14,6,2,7,7,N
13,14,24.1,1,6,22,60,0.3,0.1,7,38,11.9,285.3,0.1,91.7,17,5,3,16,17,N
6,6,16.7,1,0,9,21,0.5,0.2,4,12,4.5,75.3,0,66.7,5,2,1,9,9,N
10,11,19.7,1,0,15,37,0.5,0.1,5,22,8.3,162.5,0.1,75,9,3,3,10,10,N
6,9,13.4,1,0,7,18,0.5,0.2,2,11,5.3,70.3,0,66.7,5,2,1,6,6,N
6,9,13.4,1,0,7,18,0.5,0.2,2,11,5.3,70.3,0,66.7,5,2,1,6,6,N
5,9,10.2,1,0,10,24,0.5,0.1,2,14,9,91.4,0,66.7,5,2,1,8,8,N
16,15,23.9,0.7,2,27,61,0.3,0.1,7,34,12.7,302.2,0.1,88.9,15,6,4,15,16,N
11,10,20.9,1,2,18,39,0.5,0.1,5,21,8.2,171.3,0.1,87.5,12,5,2,9,9,N
8,10,19.4,1,0,10,29,0.5,0.2,4,19,6.3,120.9,0,80,9,4,3,10,10,N
10,10,19.5,1,2,16,36,0.5,0.1,4,20,8,155.6,0.1,85.7,12,4,3,8,8,N
11,13,17.8,1,2,17,39,0.3,0.1,4,22,10.1,178.8,0.1,85.7,12,4,3,11,12,N
3,6,11.1,1,2,4,14,0.5,0.3,6,10,4,44.4,0,83.3,8,3,0,11,11,N
5,8,13.2,1,2,7,20,1,0.2,7,13,5.6,74,0,83.3,8,3,1,13,14,N
3,8,7.1,0.3,0,8,22,0.8,0.1,0,14,10.7,76.1,0,50,4,1,3,7,9,N
3,6,9.5,1,0,3,9,1,0.3,1,6,3,28.5,0,50,5,1,2,3,2,N
5,11,9.1,0.5,0,8,20,0.5,0.1,1,12,8.8,80,0,66.7,6,2,3,6,6,N
6,9,12,1,0,10,23,0.5,0.1,2,13,7.5,89.9,0,66.7,6,2,4,6,6,N
8,12,16.5,1,0,15,43,1,0.1,6,28,11.3,185.8,0.1,75,10,6,1,13,14,N
15,17,19.6,0.5,4,27,60,0.3,0.1,5,33,15.3,300,0.1,92.3,18,8,3,17,19,N
15,15,24.8,0.3,0,46,116,0.3,0,2,70,23,569.2,0.2,85,44,34,3,29,36,N
11,11,20.2,1,0,15,34,0.5,0.1,4,19,7.5,151.6,0.1,80,9,4,3,9,9,N
3,8,8.3,0.5,0,5,16,0.5,0.2,0,11,6.7,55.4,0,66.7,6,2,3,5,5,N
3,8,8.3,0.5,0,5,16,0.5,0.2,0,11,6.7,55.4,0,66.7,7,2,3,5,5,N
4,8,10,0.3,0,5,14,0.3,0.2,0,9,5,50.2,0,66.7,5,2,4,7,8,N
4,8,10,0.7,0,5,14,0.3,0.2,1,9,5,50.2,0,66.7,6,2,4,8,9,N
3,7,7.8,0.5,0,4,11,0.5,0.2,1,7,4.7,36.5,0,50,4,1,0,7,7,N
3,6,8.2,1,0,5,13,0.5,0.2,1,8,5,41.2,0,66.7,8,4,2,6,6,N
2,12,7.2,0.5,0,3,17,0.5,0.1,0,14,9,64.7,0,75,6,3,1,5,5,N
3,7,9.3,1,0,4,13,0.5,0.2,2,9,4.7,43.2,0,50,4,1,0,7,7,N
9,11,18,0.5,0,13,33,0.3,0.1,2,20,7.9,142.6,0.1,80,7,4,1,11,13,N
3,7,7.8,0.5,0,4,11,0.5,0.2,0,7,4.7,36.5,0,50,4,1,3,5,5,N
4,9,9.9,0.5,0,5,15,0.5,0.2,0,10,5.6,55.5,0,66.7,5,2,3,5,5,N
12,16,18.2,1,4,21,53,1,0.1,3,32,14,254.8,0.1,80,24,12,2,21,24,N
13,22,16.7,0.7,1,36,99,1,0,4,63,30.5,507.8,0.2,85.3,37,28,2,32,37,N
3,8,6.9,0.3,0,6,16,1,0.1,0,10,8,55.4,0,75,6,3,3,6,7,N
7,9,13.2,1,0,17,36,0.5,0.1,1,19,10.9,144,0.1,77.8,14,7,4,8,8,N
8,9,15.3,1,0,19,40,0.5,0.1,1,21,10.7,163.5,0.1,77.8,15,7,5,8,8,N
12,13,20.8,1,1,19,46,1,0.1,3,27,10.3,213.6,0.1,76.5,21,12,2,20,23,N
9,10,17.3,1,1,15,34,1,0.1,3,19,8.3,144.4,0.1,77.8,13,6,2,16,18,N
6,10,11.8,0.7,0,11,27,1,0.1,1,16,9.2,108,0,77.8,12,7,4,9,10,N
8,10,15.9,0.7,0,13,31,1,0.1,2,18,8.1,129.3,0,77.8,13,7,5,10,11,N
3,10,6.3,0.7,0,6,17,1,0.1,1,11,10,62.9,0,66.7,5,2,3,7,8,N
15,17,20.1,0.7,2,25,57,0.8,0.1,4,32,14.2,285,0.1,79,23,13,2,25,29,N
12,14,17.3,1,2,21,45,0.8,0.1,4,24,12.3,211.5,0.1,81.8,15,7,2,21,24,N
10,14,14.4,1,0,21,46,1,0.1,4,25,14.7,210.9,0.1,81.8,14,9,2,20,22,N
12,18,14.8,0.5,0,31,70,0.8,0,5,39,23.3,343.5,0.1,80,18,12,2,25,27,N
10,16,12.5,1,0,23,49,1,0.1,4,26,18.4,230.3,0.1,81.8,14,9,2,20,22,N
6,8,12.1,0.5,0,8,17,0.5,0.2,2,9,5.3,64.7,0,75,6,3,1,8,8,N
3,8,7.3,1,0,5,14,0.5,0.2,1,9,6.7,48.4,0,66.7,5,2,3,6,6,N
3,8,7.8,1,0,4,12,0.5,0.2,1,8,5.3,41.5,0,50,4,1,3,6,6,N
4,10,9.8,1,0,5,16,0.5,0.2,1,11,6.3,60.9,0,66.7,5,2,3,6,6,N
6,13,11.8,0.5,0,10,30,0.5,0.1,1,20,10.8,127.4,0,80,7,4,2,6,6,N
9,12,18.1,0.8,2,23,63,0.8,0.1,5,40,15.3,276.7,0.1,87,25,18,3,19,22,N
10,20,14.3,0.7,8,25,73,0.3,0,7,48,25,358.2,0.1,92,29,15,3,18,19,N
5,12,9.5,0.2,0,14,39,0.8,0.1,0,25,16.8,159.4,0.1,81.8,14,9,4,12,15,N
6,12,11.2,0.6,0,16,43,0.8,0.1,1,27,16,179.3,0.1,81.8,14,9,5,14,17,N
6,9,11.7,0.7,0,12,27,0.3,0.1,3,15,9,105.5,0,75,8,3,3,8,9,N
7,9,13.9,0.7,0,13,29,0.3,0.1,3,16,8.4,116,0,75,8,3,4,8,9,N
14,13,24.5,1,2,23,55,0.8,0.1,6,32,10.7,261.5,0.1,85.7,13,4,4,15,17,N
13,14,24.2,0.3,0,19,52,0.2,0.1,1,33,10.2,247.3,0.1,89.5,22,17,3,12,16,N
4,5,11.8,1,0,6,14,0.3,0.3,3,8,3.8,44.4,0,50,4,1,1,8,9,N
3,5,9,1,0,4,10,0.5,0.3,2,6,3.3,30,0,50,4,1,1,6,6,N
3,5,9,0.5,0,4,10,0.5,0.3,0,6,3.3,30,0,50,4,1,1,5,5,N
3,8,11.2,1,0,3,13,1,0.3,1,10,4,45,0,50,4,1,2,3,2,N
5,8,10.9,0.3,0,11,26,0.3,0.1,0,15,8.8,96.2,0,75,6,3,0,13,15,N
8,11,16.5,0.3,0,12,32,0.3,0.1,1,20,8.3,135.9,0.1,80,7,4,1,12,14,N
9,12,17.7,0.3,0,13,35,0.3,0.1,1,22,8.7,153.7,0.1,80,7,4,1,12,14,N
3,6,7.9,0.5,0,4,10,0.5,0.3,0,6,4,31.7,0,50,4,1,1,5,5,N
7,7,19.3,0.2,0,13,33,0.2,0.2,1,20,6.5,125.6,0,83.3,8,5,1,15,18,N
8,7,22.3,0.2,0,16,40,0.2,0.1,1,24,7,156.3,0.1,85.7,9,6,1,18,22,N
7,10,15.9,0.3,0,9,25,0.3,0.2,1,16,6.4,102.2,0,75,6,3,1,9,10,N
7,7,19.3,0.2,0,13,33,0.2,0.2,1,20,6.5,125.6,0,83.3,8,5,1,15,18,N
10,11,21.8,0.5,0,11,30,0.5,0.2,1,19,6.1,131.8,0,66.7,5,2,1,6,6,N
6,11,12.4,0.2,0,14,39,0.8,0.1,0,25,12.8,159.4,0.1,71.4,10,5,4,14,18,N
7,12,13.3,0.5,0,16,43,0.8,0.1,1,27,13.7,182.7,0.1,71.4,11,5,5,16,20,N
2,4,7.8,0.5,0,2,6,0.5,0.5,0,4,2,15.5,0,0,1,0,2,5,5,N
1,4,5.8,1,0,1,5,1,0.5,0,4,2,11.6,0,0,1,0,1,2,1,N
2,4,7.8,0.5,0,2,6,0.5,0.5,0,4,2,15.5,0,0,1,0,2,5,5,N
6,9,12,1,0,10,23,0.5,0.1,3,13,7.5,89.9,0,75,6,3,2,7,7,N
7,9,14.1,1,0,11,25,0.5,0.1,3,14,7.1,100,0,75,7,3,3,7,7,N
2,5,6.2,0.5,0,4,11,0.5,0.2,0,7,5,30.9,0,80,7,4,2,6,6,N
3,6,7,0.5,0,5,11,0.5,0.2,1,6,5,34.9,0,50,4,1,3,7,7,N
3,11,5.1,0.3,0,11,27,0.3,0.1,0,16,20.2,102.8,0,83.3,8,5,2,10,12,N
4,12,6.4,0.5,0,12,29,0.3,0.1,1,17,18,116,0,83.3,9,5,3,11,13,N
2,5,5.1,0.5,0,4,9,0.5,0.2,0,5,5,25.3,0,50,4,1,2,6,6,N
2,5,5.1,0.5,0,4,9,0.5,0.2,0,5,5,25.3,0,50,4,1,2,6,6,N
6,13,10.8,0.3,0,17,47,0.8,0.1,1,30,18.4,199.7,0.1,77.8,13,7,5,11,13,N
7,12,13.5,0.5,0,18,49,0.8,0.1,2,31,15.4,208.2,0.1,77.8,13,7,6,12,14,N
2,5,6.2,0.5,0,4,11,0.5,0.2,0,7,5,30.9,0,80,7,4,2,6,6,N
3,6,7,0.5,0,5,11,0.5,0.2,1,6,5,34.9,0,50,4,1,3,7,7,N
3,11,5.1,0.3,0,11,27,0.3,0.1,0,16,20.2,102.8,0,83.3,8,5,2,10,12,N
4,12,6.4,0.5,0,12,29,0.3,0.1,1,17,18,116,0,83.3,9,5,3,11,13,N
2,5,5.1,0.5,0,4,9,0.5,0.2,0,5,5,25.3,0,50,4,1,2,6,6,N
2,5,5.1,0.5,0,4,9,0.5,0.2,0,5,5,25.3,0,50,4,1,2,6,6,N
4,10,8.1,0.3,0,9,24,1,0.1,0,15,11.3,91.4,0,75,12,6,3,7,8,N
5,10,10.2,0.7,0,10,26,1,0.1,1,16,10,101.6,0,75,13,6,4,8,9,N
9,15,13.9,0.5,1,30,76,0.8,0,2,46,25,348.5,0.1,84.6,29,21,2,23,27,N
10,13,17.2,0.8,1,32,79,0.8,0.1,3,47,20.8,357.4,0.1,84.6,29,21,3,25,29,N
5,8,11,1,0,8,19,0.5,0.2,2,11,6.4,70.3,0,66.7,6,2,3,6,6,N
6,8,13.3,1,0,9,21,0.5,0.2,2,12,6,80,0,66.7,6,2,4,6,6,N
2,6,8,1,0,2,8,1,0.3,0,6,3,24,0,50,4,1,2,2,1,N
6,7,14.8,0.5,0,6,14,0.5,0.3,2,8,3.5,51.8,0,50,6,1,2,8,8,N
6,7,14.8,0.5,0,6,14,0.5,0.3,2,8,3.5,51.8,0,50,6,1,2,8,8,N
2,6,8,1,0,2,8,1,0.3,0,6,3,24,0,50,4,1,2,2,1,N
2,6,8,1,0,2,8,1,0.3,0,6,3,24,0,50,4,1,2,2,1,N
7,9,16.3,1,0,8,21,0.5,0.2,3,13,5.1,84,0,75,6,3,1,7,7,N
7,10,14.3,1,0,10,25,0.3,0.1,3,15,7.1,102.2,0,66.7,5,2,1,11,12,N
11,13,20.4,0.5,0,35,92,0.5,0.1,6,57,20.7,421.8,0.1,87.5,19,14,2,16,16,N
5,7,12.3,0.5,0,5,12,0.5,0.3,1,7,3.5,43,0,50,6,1,2,7,7,N
6,7,14.8,0.5,0,6,14,0.5,0.3,2,8,3.5,51.8,0,50,6,1,2,8,8,N
6,7,14.8,0.5,0,6,14,0.5,0.3,2,8,3.5,51.8,0,50,6,1,2,8,8,N
2,9,5.9,0.3,0,6,23,0.3,0.1,0,17,13.5,79.6,0,50,4,1,2,6,7,N
8,15,12,1,0,33,82,0.2,0,5,49,30.9,370.9,0.1,90.9,14,10,2,31,35,N
6,7,14.8,0.5,0,6,14,0.5,0.3,2,8,3.5,51.8,0,50,6,1,2,8,8,N
6,7,14.8,0.5,0,6,14,0.5,0.3,2,8,3.5,51.8,0,50,6,1,2,8,8,N
2,6,8,1,0,2,8,1,0.3,0,6,3,24,0,50,4,1,2,2,1,N
2,6,8,1,0,2,8,1,0.3,0,6,3,24,0,50,4,1,2,2,1,N
14,16,25.8,1,2,27,81,0.3,0.1,13,54,15.4,397.5,0.1,80,22,14,1,25,27,N
3,8,11.2,1,4,3,13,1,0.3,1,10,4,45,0,83.3,8,1,2,3,2,N
5,7,12.3,0.5,0,5,12,0.5,0.3,1,7,3.5,43,0,50,6,1,2,7,7,N
6,7,14.8,0.5,0,6,14,0.5,0.3,2,8,3.5,51.8,0,50,6,1,2,8,8,N
6,7,14.8,0.5,0,6,14,0.5,0.3,2,8,3.5,51.8,0,50,6,1,2,8,8,N
3,7,8.5,0.3,0,8,24,0.8,0.1,0,16,9.3,79.7,0,66.7,6,2,2,7,9,N
2,6,7,0.5,0,4,14,0.5,0.2,0,10,6,42,0,50,4,1,2,5,5,N
6,7,14.8,0.5,0,6,14,0.5,0.3,2,8,3.5,51.8,0,50,6,1,2,8,8,N
6,7,14.8,0.5,0,6,14,0.5,0.3,2,8,3.5,51.8,0,50,6,1,2,8,8,N
6,7,14.8,0.5,0,6,14,0.5,0.3,2,8,3.5,51.8,0,50,6,1,2,8,8,N
6,7,14.8,0.5,0,6,14,0.5,0.3,2,8,3.5,51.8,0,50,6,1,2,8,8,N
2,6,8,1,0,2,8,1,0.3,0,6,3,24,0,50,4,1,2,2,1,N
2,6,8,1,0,2,8,1,0.3,0,6,3,24,0,50,4,1,2,2,1,N
8,11,15.5,0.8,3,24,60,1,0.1,5,36,16.5,254.9,0.1,88.2,20,12,2,20,24,N
3,7,9.7,0.5,0,5,17,0.5,0.2,0,12,5.8,56.5,0,75,6,3,1,5,5,N
5,8,11,1,0,8,19,0.5,0.2,2,11,6.4,70.3,0,66.7,7,2,3,6,6,N
6,8,13.3,1,0,9,21,0.5,0.2,2,12,6,80,0,66.7,7,2,4,6,6,N
7,7,15.9,1,0,12,25,0.5,0.2,3,13,6,95.2,0,80,9,4,4,8,8,N
8,7,18.6,1,0,13,27,0.5,0.2,3,14,5.7,105.5,0,80,9,4,5,8,8,N
5,13,9.1,0.6,0,20,57,1,0,2,37,26,237.7,0.1,84,28,21,3,26,32,N
4,8,8.7,1,0,7,17,0.5,0.1,2,10,7,60.9,0,66.7,5,2,2,6,6,N
5,8,11,1,0,8,19,0.5,0.2,2,11,6.4,70.3,0,66.7,6,2,3,6,6,N
8,10,12.9,0.3,0,14,27,0.3,0.1,1,13,8.8,112.6,0,77.8,11,7,2,11,12,N
9,11,14.1,0.5,0,17,34,0.3,0.1,2,17,10.4,147,0.1,80,12,8,2,15,17,N
9,15,13.9,0.5,1,30,76,0.8,0,2,46,25,348.5,0.1,84.6,29,21,2,23,27,N
10,13,17.2,0.8,1,32,79,0.8,0.1,3,47,20.8,357.4,0.1,84.6,29,21,3,25,29,N
5,8,10.8,1,0,9,21,0.5,0.1,3,12,7.2,77.7,0,75,6,3,2,7,7,N
6,8,13.1,1,0,10,23,0.5,0.2,3,13,6.7,87.6,0,75,7,3,3,7,7,N
3,8,7.8,1,0,4,12,0.5,0.2,1,8,5.3,41.5,0,0,2,0,1,6,6,N
6,12,8.9,0.7,0,14,30,0.3,0.1,2,16,14,125.1,0,75,7,3,3,11,12,N
4,9,8,0.7,0,7,17,1,0.1,1,10,7.9,62.9,0,80,7,4,1,7,8,N
4,10,7.9,0.8,0,12,31,1,0.1,2,19,15,118,0,85.7,9,6,1,13,16,N
4,9,8,0.7,0,7,17,1,0.1,1,10,7.9,62.9,0,80,7,4,1,7,8,N
4,10,7.9,0.8,0,12,31,1,0.1,2,19,15,118,0,85.7,9,6,1,13,16,N
10,11,17.1,0.3,0,14,30,1,0.1,0,16,7.7,131.8,0,90,12,9,2,9,10,N
6,9,10.8,1,0,14,29,0.5,0.1,2,15,10.5,113.3,0,75,7,3,3,7,7,N
9,11,17.2,1,0,14,34,0.5,0.1,5,20,8.6,147,0.1,80,7,4,2,10,10,N
4,9,9.9,0.3,0,8,24,0.3,0.1,0,16,9,88.8,0,71.4,10,5,4,8,9,N
4,11,8.9,0.7,0,8,25,0.3,0.1,1,17,11,97.7,0,71.4,10,5,4,9,10,N
6,9,10.8,1,0,14,29,0.5,0.1,2,15,10.5,113.3,0,75,7,3,3,7,7,N
9,11,17.5,0.8,0,17,42,0.8,0.1,4,25,10.4,181.5,0.1,73.3,18,11,4,13,16,N
4,9,8.9,0.3,0,7,19,0.3,0.1,0,12,7.9,70.3,0,66.7,9,4,4,8,9,N
30,21,39.5,0.9,22,96,234,0.7,0,20,138,33.6,1327.4,0.4,91.4,66,31,6,64,77,N
5,10,10.9,0.3,0,9,25,0.3,0.1,0,16,9,97.7,0,71.4,11,5,5,9,10,N
5,10,11.7,0.7,0,10,30,0.3,0.1,1,20,10,117.2,0,80,14,8,5,10,11,N
4,9,8.9,0.7,0,7,19,0.3,0.1,1,12,7.9,70.3,0,66.7,9,4,4,9,10,N
3,5,9,1,0,4,10,0.5,0.3,2,6,3.3,30,0,50,4,1,1,6,6,N
9,13,14.4,1,1,15,35,0.3,0.1,4,20,10.8,156.1,0.1,85.7,9,5,2,14,16,N
3,9,7.7,0.5,0,5,16,0.5,0.1,0,11,7.5,57.4,0,66.7,7,2,3,5,5,N
14,18,18.7,0.7,2,27,65,0.8,0.1,4,38,17.4,325,0.1,81,25,15,2,27,31,N
6,9,12.2,0.7,4,12,28,0.3,0.1,3,16,9,109.4,0,80,13,4,3,8,9,N
6,13,11.3,0.2,0,17,49,0.6,0.1,1,32,18.4,208.2,0.1,78.6,18,11,5,13,16,N
7,12,13.8,0.6,0,19,53,0.6,0.1,2,34,16.3,225.1,0.1,78.6,18,11,6,15,18,N
5,11,11.2,0.2,0,14,43,0.6,0.1,0,29,15.4,172,0.1,78.6,18,11,5,12,15,N
6,12,12.3,0.6,0,16,47,0.6,0.1,1,31,16,196,0.1,78.6,18,11,6,14,17,N
6,13,11.2,0.2,0,21,60,0.6,0,1,39,22.8,254.9,0.1,78.6,20,11,5,14,17,N
7,12,13.8,0.6,0,23,64,0.6,0.1,2,41,19.7,271.9,0.1,78.6,20,11,6,16,19,N
6,13,11.6,0.2,0,22,65,0.6,0,1,43,23.8,276.1,0.1,78.6,18,11,5,14,17,N
7,12,14.3,0.6,0,24,69,0.6,0.1,2,45,20.6,293.1,0.1,78.6,18,11,6,16,19,N
3,6,7.9,0.5,0,4,10,0.5,0.3,0,6,4,31.7,0,50,5,1,1,6,6,N
3,6,7,1,0,5,11,0.5,0.2,1,6,5,34.9,0,50,5,1,1,6,6,N
4,8,9,1,0,8,20,0.5,0.1,2,12,8,71.7,0,66.7,8,4,2,6,6,N
5,8,11.1,1,0,10,24,0.5,0.1,2,14,8,88.8,0,66.7,8,4,3,6,6,N
4,8,8.4,1,0,6,14,0.5,0.2,1,8,6,50.2,0,50,4,1,2,6,6,N
5,8,10.6,1,0,7,16,0.5,0.2,1,9,5.6,59.2,0,50,5,1,3,6,6,N
5,8,11.3,1,0,9,22,0.5,0.1,3,13,7.2,81.4,0,66.7,9,4,2,7,7,N
6,8,13.7,1,0,10,24,0.5,0.2,3,14,6.7,91.4,0,66.7,9,4,3,7,7,N
8,15,12,1,0,33,82,0.2,0,5,49,30.9,370.9,0.1,90.9,13,10,1,31,35,N
8,11,15.5,0.8,3,24,60,1,0.1,5,36,16.5,254.9,0.1,88.2,19,12,1,20,24,N
37,31,31.6,0.4,10,102,222,0.4,0,15,120,42.7,1351.4,0.5,93.1,75,57,4,67,84,N
3,4,12.6,0.5,0,3,9,0.5,0.5,0,6,2,25.3,0,66.7,5,2,1,6,6,N
19,15,27.9,0.9,0,43,93,0.1,0.1,15,50,17,473.1,0.2,90,23,18,3,38,45,N
20,15,29.5,0.9,0,45,97,0.1,0.1,15,52,16.9,497.5,0.2,90,23,18,3,38,45,N
9,14,13.2,0.6,0,19,43,0.6,0.1,2,24,14.8,194.5,0.1,83.3,8,5,3,15,18,N
7,8,16,1,0,9,21,0.5,0.2,1,12,5.1,82,0,75,6,3,3,8,8,N
5,8,13.1,1,0,6,17,0.5,0.2,2,11,4.8,62.9,0,75,6,3,1,7,7,N
8,13,11.8,0.8,0,21,46,0.3,0.1,2,25,17.1,202.1,0.1,81.8,13,9,3,14,16,N
2,6,8,1,0,2,8,1,0.3,0,6,3,24,0,0,1,0,2,2,1,N
10,11,18.4,1,0,13,30,0.5,0.1,4,17,7.2,131.8,0,75,7,3,2,9,9,N
4,8,9.6,1,0,6,16,0.5,0.2,1,10,6,57.4,0,66.7,6,2,3,6,6,N
4,9,9.9,1,0,6,18,0.5,0.2,1,12,6.8,66.6,0,66.7,6,2,4,6,6,N
5,10,12.3,1,0,7,22,0.5,0.1,1,15,7,86,0,66.7,7,2,5,6,6,N
2,5,7.9,1,0,2,7,1,0.4,1,5,2.5,19.7,0,0,1,0,1,3,2,N
4,10,9.7,1,0,6,19,0.5,0.1,1,13,7.5,72.3,0,66.7,6,2,3,6,6,N
4,9,9.2,1,0,5,14,0.5,0.2,1,9,5.6,51.8,0,50,5,1,3,6,6,N
4,10,9.8,1,0,5,16,0.5,0.2,1,11,6.3,60.9,0,66.7,5,2,3,6,6,N
5,7,10.8,1,4,9,19,0.5,0.2,2,10,6.3,68.1,0,85.7,10,2,3,7,7,N
6,7,13.3,1,4,10,21,0.5,0.2,2,11,5.8,77.7,0,87.5,12,3,4,7,7,N
3,8,10.4,1,0,3,12,0.5,0.3,2,9,4,41.5,0,66.7,5,2,1,6,6,N
10,8,25.8,0.5,0,17,42,0.5,0.2,7,25,6.8,175.1,0.1,85.7,9,6,1,14,14,N
3,8,10.4,1,0,3,12,0.5,0.3,2,9,4,41.5,0,66.7,5,2,1,6,6,N
19,13,32.7,0.9,0,47,105,0.1,0.1,7,58,16.1,525,0.2,91.3,25,21,2,40,46,N
8,7,18.7,0.4,0,22,46,0.2,0.1,4,24,9.6,179.7,0.1,92.3,15,12,2,21,24,N
20,19,27.7,0.5,0,43,107,0.6,0.1,13,64,20.4,565.5,0.2,90.3,34,28,3,42,50,N
20,19,27.7,0.5,0,43,107,0.6,0.1,13,64,20.4,565.5,0.2,90.3,34,28,3,42,50,N
5,10,8.6,0.5,0,10,22,0.5,0.1,1,12,10,86,0,75,6,3,2,6,6,N
11,8,25.4,1,0,23,50,0.3,0.1,2,27,8.4,212.4,0.1,87.5,10,7,0,11,12,N
16,16,21.6,1,0,49,106,0.2,0,11,57,24.5,530,0.2,79.3,31,23,1,31,34,N
6,7,14.8,0.5,0,9,21,0.5,0.2,0,12,5.3,77.7,0,71.4,9,5,0,5,5,N
7,13,10.4,0.7,0,13,29,0.3,0.1,3,16,12.1,125.3,0,85.7,9,6,0,12,13,N
10,13,15.1,0.3,0,18,39,0.3,0.1,4,21,11.7,176.4,0.1,83.3,8,5,0,13,14,N
8,13,14.9,1,0,12,33,0.5,0.1,5,21,9.8,145,0.1,83.3,8,5,2,12,12,N
9,13,13.1,0.3,0,16,34,0.3,0.1,3,18,11.6,151.6,0.1,83.3,8,5,0,12,13,N
15,17,21.3,0.3,0,46,111,0.1,0,4,65,26.1,555,0.2,84.6,28,22,2,22,27,N
13,12,24,0.5,0,31,74,0.3,0.1,4,43,14.3,343.7,0.1,85,22,17,1,16,18,N
13,14,21.1,0.5,0,33,79,0.3,0.1,4,46,17.8,375.6,0.1,85,22,17,1,16,18,N
6,11,10.8,0.3,0,12,29,0.3,0.1,2,17,11,118.5,0,80,7,4,2,12,13,N
11,15,14.5,0.3,0,30,63,0.2,0.1,3,33,20.5,296.1,0.1,80,22,16,2,23,27,N
6,10,10.3,1,0,14,30,0.5,0.1,2,16,11.7,120,0,75,10,6,2,8,8,N
22,22,27.4,0.6,0,125,314,0.7,0,8,189,62.5,1714.3,0.6,84.8,82,67,2,85,110,N
12,15,15.9,0.2,0,33,69,0.2,0.1,4,36,20.6,328.1,0.1,93.3,17,14,2,20,23,N
7,8,16,0.5,0,9,21,0.5,0.2,0,12,5.1,82,0,77.8,11,7,1,6,6,N
7,8,16,0.5,0,9,21,0.5,0.2,0,12,5.1,82,0,77.8,11,7,1,6,6,N
12,18,16.2,0.6,1,48,119,0.2,0,1,71,36,583.9,0.2,84.9,35,27,1,17,20,N
11,15,17.2,1,0,24,60,1,0.1,6,36,16.4,282,0.1,80,17,12,1,21,24,N
6,13,10,0.4,0,25,64,1,0,3,39,27.1,271.9,0.1,81.3,18,13,3,24,32,N
9,12,14,0.5,12,16,34,0.5,0.1,4,18,10.7,149.3,0.1,94.7,21,6,1,10,10,N
5,13,8.8,0.7,0,11,30,1,0.1,5,19,14.3,125.1,0,83.3,8,5,1,12,13,N
4,5,11,0.5,0,6,13,0.5,0.3,0,7,3.8,41.2,0,80,7,4,1,6,6,N
7,7,19.5,0.7,0,9,23,0.3,0.2,1,14,4.5,87.6,0,77.8,12,7,3,9,10,N
5,11,7.8,1,0,13,28,0.3,0.1,2,15,14.3,112,0,71.4,9,5,0,11,12,N
5,11,7.8,1,0,13,28,0.3,0.1,2,15,14.3,112,0,71.4,9,5,0,11,12,N
14,11,25.3,0.7,0,35,75,0.3,0.1,3,40,13.8,348.3,0.1,81.8,24,18,1,14,15,N
13,10,25,0.5,0,24,51,0.5,0.1,2,27,9.2,230.7,0.1,84.6,15,11,2,8,8,N
10,10,19.8,0.5,0,21,48,0.5,0.1,1,27,10.5,207.5,0.1,83.3,14,10,1,7,7,N
8,15,10.5,0.8,0,29,63,0.3,0,2,34,27.2,285,0.1,80,17,12,2,13,15,N
10,16,13.1,0.8,0,31,69,0.3,0,3,38,24.8,324.3,0.1,80,17,12,2,14,16,N
9,10,18.7,1,0,20,49,0.5,0.1,4,29,11.1,208.2,0.1,75,14,9,2,11,11,N
2,5,6,0.5,0,3,8,0.5,0.3,0,5,3.8,22.5,0,50,4,1,0,5,5,N
6,16,10,1,0,13,39,0.3,0.1,3,26,17.3,173.9,0.1,80,7,4,1,14,15,N
6,7,16.7,1,0,8,21,0.5,0.2,3,13,4.7,77.7,0,75,10,6,1,7,7,N
7,7,20,1,0,8,21,0.5,0.3,3,13,4,80,0,77.8,11,7,1,8,8,N
9,19,11.8,0.8,1,25,65,0.3,0,3,40,26.4,312.5,0.1,87.5,18,13,1,18,20,N
15,17,20.1,0.8,5,39,89,0.2,0.1,8,50,22.1,445,0.2,86.2,31,20,1,30,34,N
7,12,11.1,0.5,1,13,29,0.5,0.1,2,16,11.1,123.2,0,70,12,6,2,7,7,N
10,18,13.2,1,1,19,47,0.3,0.1,4,28,17.1,226,0.1,75,15,8,3,13,14,N
11,18,14.4,1,1,21,51,0.3,0.1,5,30,17.2,247.8,0.1,75,15,8,3,14,15,N
9,17,13.4,1,1,19,51,0.3,0.1,4,32,17.9,239.7,0.1,76.9,15,9,1,15,16,N
2,5,6,0.5,0,3,8,0.5,0.3,0,5,3.8,22.5,0,0,2,0,0,5,5,N
7,9,15.9,1,0,9,23,1,0.2,2,14,5.8,92,0,80,8,4,2,9,10,N
7,9,16.6,1,0,9,24,1,0.2,2,15,5.8,96,0,71.4,10,5,2,9,10,N
11,21,14,0.8,1,36,96,0.2,0,4,60,34.4,480,0.2,89.5,21,16,1,26,29,N
13,17,18.5,1,1,26,64,0.3,0.1,4,38,17,314,0.1,76.9,16,9,4,18,20,N
16,20,20.1,1,1,51,124,0.1,0,4,73,31.9,641.1,0.2,88.9,22,15,6,32,37,N
13,17,18.2,1,1,26,63,0.3,0.1,4,37,17,309.1,0.1,76.9,17,9,5,18,20,N
9,17,14.4,1,1,26,75,0.3,0,5,49,24.6,352.5,0.1,78.6,16,10,1,23,25,N
4,7,14.8,1,0,4,15,0.5,0.3,1,11,3.5,51.9,0,66.7,5,2,1,6,6,N
4,5,14,0.5,0,4,11,0.5,0.4,0,7,2.5,34.9,0,66.7,5,2,1,6,6,N
4,7,14.8,1,0,4,15,0.5,0.3,1,11,3.5,51.9,0,66.7,5,2,1,6,6,N
2,5,6,0.5,0,3,8,0.5,0.3,0,5,3.8,22.5,0,50,4,1,0,5,5,N
9,15,12.4,1,0,24,54,0.3,0.1,4,30,20,247.6,0.1,85.7,9,6,1,20,22,N
9,13,14.1,1,0,21,48,0.3,0.1,4,27,15.2,214.1,0.1,80,12,8,0,16,18,N
5,12,9.8,0.7,0,8,23,1,0.1,2,15,9.6,94,0,75,6,3,1,10,11,N
5,7,13.7,1,0,6,16,0.5,0.2,2,10,4.2,57.4,0,80,7,4,1,7,7,N
5,7,13.7,1,0,6,16,0.5,0.2,2,10,4.2,57.4,0,80,7,4,1,7,7,N
9,19,11.9,0.8,1,26,68,0.3,0,3,42,27.4,326.9,0.1,88.2,19,14,1,19,21,N
8,16,13.8,1,0,16,48,0.3,0.1,3,32,16,220.1,0.1,85.7,9,6,1,14,15,N
6,9,13,1,0,10,25,0.5,0.1,2,15,7.5,97.7,0,71.4,9,5,0,7,7,N
13,17,17.2,0.8,5,37,85,0.2,0,7,48,24.2,417.1,0.1,86.2,31,20,1,29,33,N
7,18,8.8,1,1,18,44,0.3,0,3,26,23.1,204.3,0.1,75,14,8,2,12,13,N
7,17,10.2,1,1,17,46,0.3,0.1,3,29,20.6,210.9,0.1,76.9,15,9,1,14,15,N
3,7,8.5,0.5,0,4,12,0.5,0.2,0,8,4.7,39.9,0,50,4,1,1,5,5,N
3,8,9.1,0.5,0,4,14,0.5,0.2,0,10,5.3,48.4,0,50,4,1,1,5,5,N
3,7,8.5,0.5,0,4,12,0.5,0.2,0,8,4.7,39.9,0,50,4,1,1,5,5,N
3,8,9.1,0.5,0,4,14,0.5,0.2,0,10,5.3,48.4,0,50,4,1,1,5,5,N
3,7,10,0.5,0,4,14,0.5,0.2,0,10,4.7,46.5,0,50,4,1,1,5,5,N
4,8,8.2,0.5,0,7,16,0.5,0.1,1,9,7,57.4,0,0,1,0,2,7,7,N
5,11,9.9,0.5,0,7,19,0.5,0.1,1,12,7.7,76,0,0,1,0,2,7,7,N
5,9,9.7,1,8,10,23,0.5,0.1,1,13,9,87.6,0,84.6,16,3,2,7,7,N
3,8,11.2,1,0,3,13,1,0.3,1,10,4,45,0,50,4,1,2,3,2,N
2,5,6.2,0.5,0,4,11,0.5,0.2,0,7,5,30.9,0,80,7,4,2,6,6,N
2,5,5.1,0.5,0,4,9,0.5,0.2,0,5,5,25.3,0,50,4,1,2,6,6,N
3,6,6.7,0.3,0,10,21,0.3,0.1,0,11,10,66.6,0,50,4,1,3,10,12,N
2,5,5.1,0.5,0,4,9,0.5,0.2,0,5,5,25.3,0,50,4,1,2,6,6,N
2,5,6.2,0.5,0,4,11,0.5,0.2,0,7,5,30.9,0,80,7,4,2,6,6,N
3,6,6.7,0.3,0,10,21,0.3,0.1,0,11,10,66.6,0,50,4,1,3,10,12,N
2,9,4,0.5,0,7,18,0.5,0.1,0,11,15.8,62.3,0,50,4,1,2,6,6,N
2,6,8,1,0,2,8,1,0.3,0,6,3,24,0,50,4,1,2,2,1,N
2,6,8,1,0,2,8,1,0.3,0,6,3,24,0,50,4,1,2,2,1,N
2,6,8,1,0,2,8,1,0.3,0,6,3,24,0,50,4,1,2,2,1,N
2,6,8,1,0,2,8,1,0.3,0,6,3,24,0,50,5,1,2,2,1,N
2,6,8,1,0,2,8,1,0.3,0,6,3,24,0,50,4,1,2,2,1,N
2,9,5.9,0.3,0,6,23,0.3,0.1,0,17,13.5,79.6,0,50,4,1,2,6,7,N
2,6,8,1,0,2,8,1,0.3,0,6,3,24,0,50,4,1,2,2,1,N
3,8,11.2,1,4,3,13,1,0.3,1,10,4,45,0,83.3,8,1,2,3,2,N
2,6,7,0.5,0,4,14,0.5,0.2,0,10,6,42,0,50,4,1,2,5,5,N
2,6,8,1,0,2,8,1,0.3,0,6,3,24,0,50,4,1,2,2,1,N
3,8,7.8,1,0,4,12,0.5,0.2,1,8,5.3,41.5,0,0,2,0,1,6,6,N
8,15,10.5,0.8,0,29,63,0.3,0,2,34,27.2,285,0.1,80,17,12,2,13,15,N
10,16,13.1,0.8,0,31,69,0.3,0,3,38,24.8,324.3,0.1,80,17,12,2,14,16,N
5,8,12.3,1,0,6,16,0.5,0.2,2,10,4.8,59.2,0,80,7,4,1,7,7,N
6,8,13.9,1,0,7,17,0.5,0.2,2,10,4.7,64.7,0,80,7,4,2,7,7,N
3,8,6.2,1,0,8,19,0.5,0.1,2,11,10.7,65.7,0,66.7,5,2,0,8,8,N
5,8,12.3,1,0,6,16,0.5,0.2,2,10,4.8,59.2,0,80,7,4,1,7,7,N
6,8,13.9,1,0,7,17,0.5,0.2,2,10,4.7,64.7,0,80,7,4,2,7,7,N
3,8,6.2,1,0,8,19,0.5,0.1,2,11,10.7,65.7,0,66.7,5,2,0,8,8,N
7,9,15.9,1,0,9,23,1,0.2,3,14,5.8,92,0,80,7,4,2,9,10,N
8,9,17.4,1,0,10,24,1,0.2,3,14,5.6,98.1,0,80,8,4,3,9,10,N
6,8,13.5,1,0,14,33,0.3,0.1,4,19,9.3,125.6,0,75,6,3,0,15,16,N
5,8,12.3,1,0,6,16,0.5,0.2,2,10,4.8,59.2,0,80,7,4,1,7,7,N
6,8,13.9,1,0,7,17,0.5,0.2,2,10,4.7,64.7,0,80,7,4,2,7,7,N
3,8,6.2,1,0,8,19,0.5,0.1,2,11,10.7,65.7,0,66.7,5,2,0,8,8,N
5,8,12.3,1,0,6,16,0.5,0.2,2,10,4.8,59.2,0,80,7,4,1,7,7,N
6,8,13.9,1,0,7,17,0.5,0.2,2,10,4.7,64.7,0,80,7,4,2,7,7,N
3,8,6.2,1,0,8,19,0.5,0.1,2,11,10.7,65.7,0,66.7,5,2,0,8,8,N
5,8,12.3,1,0,6,16,0.5,0.2,2,10,4.8,59.2,0,80,7,4,1,7,7,N
6,8,13.9,1,0,7,17,0.5,0.2,2,10,4.7,64.7,0,80,7,4,2,7,7,N
3,8,6.2,1,0,8,19,0.5,0.1,2,11,10.7,65.7,0,66.7,5,2,0,8,8,N
1,6,6.6,1,0,1,7,1,0.3,1,6,3,19.7,0,50,4,1,0,3,2,N
15,17,27.8,0.9,2,20,63,0.6,0.1,9,43,11.3,315,0.1,90.9,24,18,1,22,28,N
2,5,6,0.5,0,3,8,0.5,0.3,0,5,3.8,22.5,0,50,4,1,0,5,5,N
6,16,10,1,0,13,39,0.3,0.1,3,26,17.3,173.9,0.1,80,7,4,1,14,15,N
6,7,16.7,1,0,8,21,0.5,0.2,3,13,4.7,77.7,0,75,10,6,1,7,7,N
7,7,20,1,0,8,21,0.5,0.3,3,13,4,80,0,77.8,11,7,1,8,8,N
9,19,11.8,0.8,1,25,65,0.3,0,3,40,26.4,312.5,0.1,87.5,18,13,1,18,20,N
15,17,20.1,0.8,5,39,89,0.2,0.1,8,50,22.1,445,0.2,86.2,31,20,1,30,34,N
7,12,11.1,0.5,1,13,29,0.5,0.1,2,16,11.1,123.2,0,70,12,6,2,7,7,N
10,18,13.2,1,1,19,47,0.3,0.1,4,28,17.1,226,0.1,75,15,8,3,13,14,N
11,18,14.4,1,1,21,51,0.3,0.1,5,30,17.2,247.8,0.1,75,15,8,3,14,15,N
9,17,13.4,1,1,19,51,0.3,0.1,4,32,17.9,239.7,0.1,76.9,15,9,1,15,16,N
2,5,6,0.5,0,3,8,0.5,0.3,0,5,3.8,22.5,0,0,2,0,0,5,5,N
7,9,15.9,1,0,9,23,1,0.2,2,14,5.8,92,0,80,8,4,2,9,10,N
7,9,16.6,1,0,9,24,1,0.2,2,15,5.8,96,0,71.4,10,5,2,9,10,N
11,21,14,0.8,1,36,96,0.2,0,4,60,34.4,480,0.2,89.5,21,16,1,26,29,N
13,17,18.5,1,1,26,64,0.3,0.1,4,38,17,314,0.1,76.9,16,9,4,18,20,N
16,20,20.1,1,1,51,124,0.1,0,4,73,31.9,641.1,0.2,88.9,22,15,6,32,37,N
13,17,18.2,1,1,26,63,0.3,0.1,4,37,17,309.1,0.1,76.9,17,9,5,18,20,N
9,17,14.4,1,1,26,75,0.3,0,5,49,24.6,352.5,0.1,78.6,16,10,1,23,25,N
2,5,6,0.5,0,3,8,0.5,0.3,0,5,3.8,22.5,0,50,4,1,0,5,5,N
9,15,12.4,1,0,24,54,0.3,0.1,4,30,20,247.6,0.1,85.7,9,6,1,20,22,N
9,13,14.1,1,0,21,48,0.3,0.1,4,27,15.2,214.1,0.1,80,12,8,0,16,18,N
5,12,9.8,0.7,0,8,23,1,0.1,2,15,9.6,94,0,75,6,3,1,10,11,N
5,7,13.7,1,0,6,16,0.5,0.2,2,10,4.2,57.4,0,80,7,4,1,7,7,N
5,7,13.7,1,0,6,16,0.5,0.2,2,10,4.2,57.4,0,80,7,4,1,7,7,N
9,19,11.9,0.8,1,26,68,0.3,0,3,42,27.4,326.9,0.1,88.2,19,14,1,19,21,N
8,16,13.8,1,0,16,48,0.3,0.1,3,32,16,220.1,0.1,85.7,9,6,1,14,15,N
6,9,13,1,0,10,25,0.5,0.1,2,15,7.5,97.7,0,71.4,9,5,0,7,7,N
13,17,17.2,0.8,5,37,85,0.2,0,7,48,24.2,417.1,0.1,86.2,31,20,1,29,33,N
7,18,8.8,1,1,18,44,0.3,0,3,26,23.1,204.3,0.1,75,14,8,2,12,13,N
7,17,10.2,1,1,17,46,0.3,0.1,3,29,20.6,210.9,0.1,76.9,15,9,1,14,15,N
4,7,11.9,0.5,5,5,15,0.5,0.2,1,10,4.4,51.9,0,90,12,4,1,7,7,N
14,14,26.2,1,48,25,68,0.2,0.1,4,43,12.5,326.9,0.1,95.8,74,21,0,13,16,N
17,22,28.4,0.9,16,46,160,0.1,0,5,114,29.8,845.7,0.3,89.7,60,36,1,25,34,N
58,46,56.5,0.9,65,209,699,0,0,24,490,82.9,4683.6,1.6,97.8,227,155,1,107,156,N
15,18,25.2,0.9,44,29,87,0.1,0.1,5,58,17.4,438.9,0.2,92.1,78,26,1,21,26,N
5,12,8.5,0.5,4,10,25,0.5,0.1,0,15,12,102.2,0,81.8,13,5,0,6,6,N
4,8,13.4,0.5,2,4,15,0.5,0.3,1,11,4,53.8,0,85.7,9,4,0,7,7,N
17,10,64.2,1,31,33,131,0.5,0.1,8,98,9.7,622.9,0.2,94.1,53,17,0,17,17,N
5,8,13.1,1,7,6,17,0.5,0.2,2,11,4.8,62.9,0,90.9,13,3,0,6,6,N
14,13,22.5,0.5,26,35,77,0.5,0.1,1,42,16.3,366.1,0.1,94.3,37,7,0,7,7,N
8,8,19.6,1,19,11,27,0.5,0.2,3,16,5.5,108,0,92.3,28,5,0,7,7,N
4,6,12.4,1,6,5,14,0.5,0.3,1,9,3.8,46.5,0,83.3,14,4,0,5,5,N
4,6,12.4,1,6,5,14,0.5,0.3,1,9,3.8,46.5,0,83.3,14,4,0,5,5,N
7,9,16,0.3,25,14,36,0.3,0.1,0,22,9,144,0.1,88.9,38,7,1,9,10,N
15,8,42,1,55,21,52,0.3,0.2,9,31,5.6,235.2,0.1,94.4,74,13,1,18,20,N
17,13,29.8,1,56,50,116,0.3,0.1,3,66,19.1,569.2,0.2,94.1,86,23,1,14,15,N
15,13,24,0.5,16,24,52,0.5,0.1,2,28,10.4,250,0.1,92.6,29,9,2,8,8,N
5,9,10,0.5,6,11,26,0.5,0.1,0,15,9.9,99,0,81.8,13,3,0,6,6,N
12,9,26.2,0.5,40,59,132,0.5,0.1,4,73,22.1,579.8,0.2,98.3,59,16,0,10,10,N
4,6,12.4,1,7,5,14,0.5,0.3,1,9,3.8,46.5,0,84.6,15,4,0,5,5,N
7,7,16.8,0.5,18,15,33,0.5,0.1,0,18,7.5,125.6,0,92,27,5,1,7,7,N
12,14,17.3,0.6,38,35,75,0.2,0.1,2,40,20.4,352.5,0.1,88.7,64,17,3,18,21,N
5,10,10.7,0.3,12,15,41,0.3,0.1,1,26,15,160.2,0.1,94.4,20,5,2,12,14,N
4,8,8.2,0.3,4,11,25,0.3,0.1,0,14,11,89.6,0,92.9,16,9,1,9,10,N
5,8,13.2,0.7,4,7,20,1,0.2,2,13,5.6,74,0,90.9,13,6,0,9,10,N
6,14,9,0.3,27,16,39,0.3,0.1,0,23,18.7,168.6,0.1,92.1,40,8,0,8,9,N
7,11,12.4,0.3,6,12,28,1,0.1,0,16,9.4,116.8,0,81.3,18,7,1,8,9,N
25,22,35.3,0.8,91,54,151,0.1,0,8,97,23.8,838.7,0.3,95.7,143,44,0,34,44,N
8,13,14.3,0.3,7,17,45,0.3,0.1,1,28,13.8,197.7,0.1,77.8,20,7,1,11,13,N
14,11,33.1,1,40,20,56,0.5,0.1,3,36,7.9,260.1,0.1,96.2,54,10,1,8,8,N
13,14,24.2,1,40,23,63,0.2,0.1,3,40,12.4,299.6,0.1,95.1,63,18,0,12,15,N
13,8,36.6,0.8,57,23,59,0.2,0.1,5,36,7.1,259.1,0.1,90.1,83,16,0,19,23,N
15,20,20.5,0.3,26,27,72,1,0.1,1,45,18,369.3,0.1,89.4,49,16,1,19,23,N
8,10,14.2,0.5,21,15,32,0.5,0.1,1,17,9.4,133.4,0,92.6,29,4,0,7,7,N
6,11,11,0.5,8,13,32,0.5,0.1,0,19,11.9,130.8,0,84.6,15,3,0,6,6,N
13,11,23.6,1,20,23,50,0.3,0.1,5,27,9.7,229.3,0.1,89.5,40,14,1,13,14,N
9,13,15.6,0.3,29,36,91,0.3,0,0,55,26,405.8,0.1,91.3,48,13,2,13,15,N
6,6,19.1,1,8,9,24,0.3,0.2,2,15,4.5,86,0,83.3,20,7,0,8,9,N
4,6,12.4,1,7,5,14,0.5,0.3,1,9,3.8,46.5,0,84.6,15,4,0,5,5,N
5,7,12.8,1,7,6,15,0.5,0.2,2,9,4.2,53.8,0,91.7,14,4,1,6,6,N
12,16,16.8,0.4,21,31,72,0.2,0.1,2,41,20.7,346.1,0.1,90.5,44,17,1,17,20,N
7,8,14.2,1,9,12,25,0.5,0.2,2,13,6.9,97.7,0,86.7,17,4,0,8,8,N
9,16,14.8,0.3,19,25,71,0.1,0.1,1,46,22.2,329.7,0.1,94.1,36,13,1,10,15,N
8,9,18.2,0.3,25,16,40,0.3,0.1,0,24,9,163.5,0.1,89.2,39,8,1,9,10,N
8,11,16.6,0.7,23,13,35,0.3,0.1,2,22,8.9,148.7,0.1,91.9,39,11,1,11,12,N
13,14,24.2,1,40,23,63,0.2,0.1,3,40,12.4,299.6,0.1,95.1,63,18,0,12,15,N
20,18,35.8,0.9,19,30,92,0.1,0.1,3,62,13.5,482.8,0.2,96,53,29,1,16,24,N
9,11,20,0.3,26,12,34,1,0.1,1,22,7.3,147,0.1,91.7,39,7,2,8,9,N
17,21,22.5,0.3,36,31,82,1,0.1,1,51,19.2,430.3,0.1,91.7,63,19,1,22,27,N
7,8,14.3,0.5,12,11,23,0.5,0.2,1,12,6.3,89.9,0,88.9,20,4,0,7,7,N
7,8,13.1,0.5,10,12,23,0.5,0.2,1,11,6.9,89.9,0,93.3,17,4,0,7,7,N
11,11,18.7,1,24,30,63,0.5,0.1,1,33,15,280.9,0.1,93.8,34,6,0,8,8,N
13,15,19.6,0.8,26,28,66,0.3,0.1,4,38,16.1,317.3,0.1,90.7,45,13,0,14,16,N
11,11,23.3,0.5,17,102,266,0.5,0,0,164,51,1186.2,0.4,95.6,47,26,0,7,7,N
10,13,16,1,35,47,108,0.5,0,1,61,30.6,488.5,0.2,95.9,51,12,0,8,8,N
7,9,13,0.5,8,12,25,0.5,0.1,1,13,7.7,100,0,85.7,16,4,0,7,7,N
3,4,14,1,4,3,10,0.5,0.5,3,7,2,28.1,0,88.9,11,4,0,7,7,N
12,14,16.8,0.3,30,36,75,0.2,0.1,1,39,21,352.5,0.1,90.2,53,16,0,19,23,N
5,7,11.3,0.5,4,14,31,0.5,0.1,0,17,9.8,111.1,0,81.8,13,5,0,7,7,N
6,10,16.8,0.5,43,10,35,0.3,0.1,3,25,8.3,140,0.1,94.6,57,9,0,13,15,N
13,15,23.8,0.7,32,21,60,0.7,0.1,4,39,12.1,288.4,0.1,90.2,53,14,0,18,22,N
5,9,12.7,0.2,14,16,48,0.2,0.1,0,32,14.4,182.8,0.1,96.2,28,11,0,15,18,N
8,10,15.9,0.3,17,16,38,0.3,0.1,0,22,10,158.5,0.1,92.9,30,9,0,12,14,N
6,13,10.9,0.2,17,18,50,0.2,0.1,0,32,19.5,212.4,0.1,88.5,28,6,1,11,14,N
6,7,14.3,0.5,3,8,18,0.5,0.2,0,10,4.7,66.6,0,90,12,6,1,6,6,N
14,9,37.5,1,34,18,48,0.3,0.2,5,30,5.8,217.1,0.1,92.3,54,14,0,16,18,N
4,6,14.8,1,4,6,20,0.5,0.2,1,14,4.5,66.4,0,81.8,13,5,1,6,6,N
5,6,18.3,1,4,6,19,0.5,0.3,2,13,3.6,65.7,0,81.8,13,5,1,7,7,N
20,20,31.6,1,45,29,86,0.4,0.1,5,57,14.5,457.7,0.2,94.7,77,26,0,18,23,N
29,7,119.9,1,100,30,84,0.3,0.3,21,54,3.6,434.3,0.1,97.7,131,26,0,28,29,N
17,17,33.6,0.7,47,36,119,0.3,0.1,8,83,18,605.4,0.2,96,77,25,0,17,18,N
26,18,54.1,0.7,67,56,192,0.3,0.1,14,136,19.4,1048.2,0.4,97.1,107,35,0,25,26,N
34,19,75.2,0.7,73,81,297,0.3,0,17,216,22.6,1701.2,0.6,97.6,125,47,0,28,29,N
35,17,85.4,0.7,100,77,280,0.3,0.1,20,203,18.7,1596.1,0.5,98.1,159,54,0,34,35,N
49,19,95,0.5,67,115,348,0.3,0,29,233,22.3,2118.4,0.7,97,134,61,0,41,43,N
21,23,24.8,0.1,66,64,159,0.1,0,1,95,35.1,868.1,0.3,94.2,105,31,0,20,26,N
12,11,27.6,1,67,15,42,0.3,0.2,3,27,6.9,190,0.1,95.1,84,11,0,11,12,N
8,9,16.2,0.5,0,17,38,0.5,0.1,0,21,9.6,155.3,0.1,80,14,8,1,8,8,N
9,15,15.3,1,0,14,39,0.5,0.1,1,25,11.7,178.8,0.1,80,9,4,1,8,8,N
9,15,12.3,1,2,79,176,0.1,0,1,97,65.8,807,0.3,95,24,17,1,45,51,N
27,25,33.1,1,4,38,102,0.7,0.1,9,64,17.6,581.4,0.2,86.1,45,33,0,20,24,N
4,7,9.6,0.5,0,7,17,0.5,0.2,1,10,6.1,58.8,0,71.4,9,5,0,6,6,N
32,12,84.1,0.3,6,98,283,0.3,0.1,0,185,18.4,1545,0.5,95,42,32,1,18,20,N
9,7,26,0.3,4,21,53,0.3,0.1,3,32,8.2,212,0.1,93.8,18,11,0,14,15,N
76,23,107.7,0.7,32,133,327,0.1,0.1,25,194,20.1,2167.8,0.7,91.7,111,68,0,69,85,N
24,20,36.2,0.9,12,51,141,0.1,0.1,10,90,21.3,769.8,0.3,89.7,60,40,0,34,42,N
5,6,18.1,1,0,7,22,0.3,0.2,3,15,4.2,76.1,0,71.4,16,10,0,11,12,N
19,13,36.7,1,5,37,93,0.2,0.1,9,56,12.7,465,0.2,85.3,36,24,0,21,24,N
64,30,72.9,0.9,16,162,422,0.3,0,18,260,38,2766,0.9,95.3,108,85,1,61,75,N
7,7,18.5,1,0,7,17,0.5,0.3,3,10,3.5,64.7,0,66.7,6,2,2,7,7,N
2,6,8,1,0,2,8,1,0.3,0,6,3,24,0,50,4,1,2,2,1,N
2,9,5.9,0.3,0,6,23,0.3,0.1,0,17,13.5,79.6,0,50,4,1,2,6,7,N
2,6,8,1,0,2,8,1,0.3,0,6,3,24,0,50,4,1,2,2,1,N
2,6,7,0.5,0,4,14,0.5,0.2,0,10,6,42,0,50,4,1,2,5,5,N
2,6,8,1,0,2,8,1,0.3,0,6,3,24,0,50,4,1,2,2,1,N
4,8,8.2,0.5,0,7,16,0.5,0.1,1,9,7,57.4,0,0,1,0,2,7,7,N
5,11,9.9,0.5,0,7,19,0.5,0.1,1,12,7.7,76,0,0,1,0,2,7,7,N
8,7,21.7,0.8,0,14,34,0.3,0.2,3,20,6.1,132.8,0,75,11,6,2,14,16,N
3,8,11.2,1,0,3,13,1,0.3,1,10,4,45,0,50,4,1,2,3,2,N
2,5,5.1,0.5,0,4,9,0.5,0.2,0,5,5,25.3,0,50,4,1,2,6,6,N
2,5,6.2,0.5,0,4,11,0.5,0.2,0,7,5,30.9,0,80,7,4,2,6,6,N
3,6,6.7,0.3,0,10,21,0.3,0.1,0,11,10,66.6,0,50,4,1,3,10,12,N
2,5,5.1,0.5,0,4,9,0.5,0.2,0,5,5,25.3,0,50,4,1,2,6,6,N
2,5,6.2,0.5,0,4,11,0.5,0.2,0,7,5,30.9,0,80,7,4,2,6,6,N
3,6,6.7,0.3,0,10,21,0.3,0.1,0,11,10,66.6,0,50,4,1,3,10,12,N
2,9,4,0.5,0,7,18,0.5,0.1,0,11,15.8,62.3,0,50,4,1,2,6,6,N
2,6,8,1,0,2,8,1,0.3,0,6,3,24,0,50,4,1,2,2,1,N
2,6,8,1,0,2,8,1,0.3,0,6,3,24,0,50,4,1,2,2,1,N
2,6,8,1,0,2,8,1,0.3,0,6,3,24,0,50,4,1,2,2,1,N
2,6,8,1,0,2,8,1,0.3,0,6,3,24,0,50,5,1,2,2,1,N
3,8,11.2,1,4,3,13,1,0.3,1,10,4,45,0,83.3,8,1,2,3,2,N
3,8,7.8,1,0,4,12,0.5,0.2,1,8,5.3,41.5,0,0,2,0,1,6,6,N
8,15,10.5,0.8,0,29,63,0.3,0,2,34,27.2,285,0.1,80,17,12,2,13,15,N
10,16,13.1,0.8,0,31,69,0.3,0,3,38,24.8,324.3,0.1,80,17,12,2,14,16,N
5,8,12.3,1,0,6,16,0.5,0.2,2,10,4.8,59.2,0,80,7,4,1,7,7,N
6,8,13.9,1,0,7,17,0.5,0.2,2,10,4.7,64.7,0,80,7,4,2,7,7,N
3,8,6.2,1,0,8,19,0.5,0.1,2,11,10.7,65.7,0,66.7,5,2,0,8,8,N
7,9,15.9,1,0,9,23,1,0.2,3,14,5.8,92,0,80,7,4,2,9,10,N
8,9,17.4,1,0,10,24,1,0.2,3,14,5.6,98.1,0,80,8,4,3,9,10,N
6,8,13.5,1,0,14,33,0.3,0.1,4,19,9.3,125.6,0,75,6,3,0,15,16,N
5,8,12.3,1,0,6,16,0.5,0.2,2,10,4.8,59.2,0,80,7,4,1,7,7,N
6,8,13.9,1,0,7,17,0.5,0.2,2,10,4.7,64.7,0,80,7,4,2,7,7,N
3,8,6.2,1,0,8,19,0.5,0.1,2,11,10.7,65.7,0,66.7,5,2,0,8,8,N
5,8,12.3,1,0,6,16,0.5,0.2,2,10,4.8,59.2,0,80,7,4,1,7,7,N
6,8,13.9,1,0,7,17,0.5,0.2,2,10,4.7,64.7,0,80,7,4,2,7,7,N
3,8,6.2,1,0,8,19,0.5,0.1,2,11,10.7,65.7,0,66.7,5,2,0,8,8,N
5,8,12.3,1,0,6,16,0.5,0.2,2,10,4.8,59.2,0,80,7,4,1,7,7,N
6,8,13.9,1,0,7,17,0.5,0.2,2,10,4.7,64.7,0,80,7,4,2,7,7,N
3,8,6.2,1,0,8,19,0.5,0.1,2,11,10.7,65.7,0,66.7,5,2,0,8,8,N
5,8,12.3,1,0,6,16,0.5,0.2,2,10,4.8,59.2,0,80,7,4,1,7,7,N
6,8,13.9,1,0,7,17,0.5,0.2,2,10,4.7,64.7,0,80,7,4,2,7,7,N
3,8,6.2,1,0,8,19,0.5,0.1,2,11,10.7,65.7,0,66.7,5,2,0,8,8,N
1,6,6.6,1,0,1,7,1,0.3,1,6,3,19.7,0,50,4,1,0,3,2,N
15,17,27.8,0.9,2,20,63,0.6,0.1,9,43,11.3,315,0.1,90.9,24,18,1,22,28,N
2,5,6,0.5,0,3,8,0.5,0.3,0,5,3.8,22.5,0,50,4,1,0,5,5,N
6,16,10,1,0,13,39,0.3,0.1,3,26,17.3,173.9,0.1,80,7,4,1,14,15,N
6,7,16.7,1,0,8,21,0.5,0.2,3,13,4.7,77.7,0,75,10,6,1,7,7,N
7,7,20,1,0,8,21,0.5,0.3,3,13,4,80,0,77.8,11,7,1,8,8,N
9,19,11.8,0.8,1,25,65,0.3,0,3,40,26.4,312.5,0.1,87.5,18,13,1,18,20,N
15,17,20.1,0.8,5,39,89,0.2,0.1,8,50,22.1,445,0.2,86.2,31,20,1,30,34,N
7,12,11.1,0.5,1,13,29,0.5,0.1,2,16,11.1,123.2,0,70,12,6,2,7,7,N
10,18,13.2,1,1,19,47,0.3,0.1,4,28,17.1,226,0.1,75,15,8,3,13,14,N
11,18,14.4,1,1,21,51,0.3,0.1,5,30,17.2,247.8,0.1,75,15,8,3,14,15,N
9,17,13.4,1,1,19,51,0.3,0.1,4,32,17.9,239.7,0.1,76.9,15,9,1,15,16,N
2,5,6,0.5,0,3,8,0.5,0.3,0,5,3.8,22.5,0,0,2,0,0,5,5,N
7,9,15.9,1,0,9,23,1,0.2,2,14,5.8,92,0,80,8,4,2,9,10,N
7,9,16.6,1,0,9,24,1,0.2,2,15,5.8,96,0,71.4,10,5,2,9,10,N
11,21,14,0.8,1,36,96,0.2,0,4,60,34.4,480,0.2,89.5,21,16,1,26,29,N
13,17,18.5,1,1,26,64,0.3,0.1,4,38,17,314,0.1,76.9,16,9,4,18,20,N
16,20,20.1,1,1,51,124,0.1,0,4,73,31.9,641.1,0.2,88.9,22,15,6,32,37,N
13,17,18.2,1,1,26,63,0.3,0.1,4,37,17,309.1,0.1,76.9,17,9,5,18,20,N
9,17,14.4,1,1,26,75,0.3,0,5,49,24.6,352.5,0.1,78.6,16,10,1,23,25,N
2,5,6,0.5,0,3,8,0.5,0.3,0,5,3.8,22.5,0,50,4,1,0,5,5,N
9,15,12.4,1,0,24,54,0.3,0.1,4,30,20,247.6,0.1,85.7,9,6,1,20,22,N
9,13,14.1,1,0,21,48,0.3,0.1,4,27,15.2,214.1,0.1,80,12,8,0,16,18,N
5,12,9.8,0.7,0,8,23,1,0.1,2,15,9.6,94,0,75,6,3,1,10,11,N
5,7,13.7,1,0,6,16,0.5,0.2,2,10,4.2,57.4,0,80,7,4,1,7,7,N
5,7,13.7,1,0,6,16,0.5,0.2,2,10,4.2,57.4,0,80,7,4,1,7,7,N
9,19,11.9,0.8,1,26,68,0.3,0,3,42,27.4,326.9,0.1,88.2,19,14,1,19,21,N
8,16,13.8,1,0,16,48,0.3,0.1,3,32,16,220.1,0.1,85.7,9,6,1,14,15,N
6,9,13,1,0,10,25,0.5,0.1,2,15,7.5,97.7,0,71.4,9,5,0,7,7,N
13,17,17.2,0.8,5,37,85,0.2,0,7,48,24.2,417.1,0.1,86.2,31,20,1,29,33,N
7,18,8.8,1,1,18,44,0.3,0,3,26,23.1,204.3,0.1,75,14,8,2,12,13,N
7,17,10.2,1,1,17,46,0.3,0.1,3,29,20.6,210.9,0.1,76.9,15,9,1,14,15,N
3,8,11.2,1,0,3,13,1,0.3,1,10,4,45,0,50,4,1,2,3,2,N
2,5,6.2,0.5,0,4,11,0.5,0.2,0,7,5,30.9,0,80,7,4,2,6,6,N
2,5,6.2,0.5,0,4,11,0.5,0.2,0,7,5,30.9,0,80,7,4,2,6,6,N
2,6,8,1,0,2,8,1,0.3,0,6,3,24,0,50,4,1,2,2,1,N
2,6,8,1,0,2,8,1,0.3,0,6,3,24,0,50,4,1,2,2,1,N
2,9,5.9,0.3,0,6,23,0.3,0.1,0,17,13.5,79.6,0,50,4,1,2,6,7,N
2,6,8,1,0,2,8,1,0.3,0,6,3,24,0,50,4,1,2,2,1,N
3,8,11.2,1,4,3,13,1,0.3,1,10,4,45,0,83.3,8,1,2,3,2,N
2,6,7,0.5,0,4,14,0.5,0.2,0,10,6,42,0,50,4,1,2,5,5,N
2,6,8,1,0,2,8,1,0.3,0,6,3,24,0,50,4,1,2,2,1,N
3,8,7.8,1,0,4,12,0.5,0.2,1,8,5.3,41.5,0,0,2,0,1,6,6,N
8,15,10.5,0.8,0,29,63,0.3,0,2,34,27.2,285,0.1,80,17,12,2,13,15,N
10,16,13.1,0.8,0,31,69,0.3,0,3,38,24.8,324.3,0.1,80,17,12,2,14,16,N
47,17,77.1,0.3,17,117,272,0.1,0.1,10,155,21.2,1632,0.5,92.2,66,42,0,51,61,N
35,15,68.2,0.8,16,80,207,0.3,0.1,4,127,17.1,1168.3,0.4,96,52,32,0,21,23,N
5,8,12.3,1,0,6,16,0.5,0.2,2,10,4.8,59.2,0,80,7,4,1,7,7,N
6,8,13.9,1,0,7,17,0.5,0.2,2,10,4.7,64.7,0,80,7,4,2,7,7,N
3,8,6.2,1,0,8,19,0.5,0.1,2,11,10.7,65.7,0,66.7,5,2,0,8,8,N
5,8,12.3,1,0,6,16,0.5,0.2,2,10,4.8,59.2,0,80,7,4,1,7,7,N
6,8,13.9,1,0,7,17,0.5,0.2,2,10,4.7,64.7,0,80,7,4,2,7,7,N
3,8,6.2,1,0,8,19,0.5,0.1,2,11,10.7,65.7,0,66.7,5,2,0,8,8,N
7,9,15.9,1,0,9,23,1,0.2,3,14,5.8,92,0,80,7,4,2,9,10,N
8,9,17.4,1,0,10,24,1,0.2,3,14,5.6,98.1,0,80,8,4,3,9,10,N
6,8,13.5,1,0,14,33,0.3,0.1,4,19,9.3,125.6,0,75,6,3,0,15,16,N
5,8,12.3,1,0,6,16,0.5,0.2,2,10,4.8,59.2,0,80,7,4,1,7,7,N
6,8,13.9,1,0,7,17,0.5,0.2,2,10,4.7,64.7,0,80,7,4,2,7,7,N
3,8,6.2,1,0,8,19,0.5,0.1,2,11,10.7,65.7,0,66.7,5,2,0,8,8,N
5,8,12.3,1,0,6,16,0.5,0.2,2,10,4.8,59.2,0,80,7,4,1,7,7,N
6,8,13.9,1,0,7,17,0.5,0.2,2,10,4.7,64.7,0,80,7,4,2,7,7,N
3,8,6.2,1,0,8,19,0.5,0.1,2,11,10.7,65.7,0,66.7,5,2,0,8,8,N
5,8,12.3,1,0,6,16,0.5,0.2,2,10,4.8,59.2,0,80,7,4,1,7,7,N
6,8,13.9,1,0,7,17,0.5,0.2,2,10,4.7,64.7,0,80,7,4,2,7,7,N
3,8,6.2,1,0,8,19,0.5,0.1,2,11,10.7,65.7,0,66.7,5,2,0,8,8,N
2,5,6,0.5,0,3,8,0.5,0.3,0,5,3.8,22.5,0,50,4,1,0,5,5,N
6,16,10,1,0,13,39,0.3,0.1,3,26,17.3,173.9,0.1,80,7,4,1,14,15,N
6,7,16.7,1,0,8,21,0.5,0.2,3,13,4.7,77.7,0,75,10,6,1,7,7,N
7,7,20,1,0,8,21,0.5,0.3,3,13,4,80,0,77.8,11,7,1,8,8,N
9,19,11.8,0.8,1,25,65,0.3,0,3,40,26.4,312.5,0.1,87.5,18,13,1,18,20,N
15,17,20.1,0.8,5,39,89,0.2,0.1,8,50,22.1,445,0.2,86.2,31,20,1,30,34,N
7,12,11.1,0.5,1,13,29,0.5,0.1,2,16,11.1,123.2,0,70,12,6,2,7,7,N
10,18,13.2,1,1,19,47,0.3,0.1,4,28,17.1,226,0.1,75,15,8,3,13,14,N
11,18,14.4,1,1,21,51,0.3,0.1,5,30,17.2,247.8,0.1,75,15,8,3,14,15,N
9,17,13.4,1,1,19,51,0.3,0.1,4,32,17.9,239.7,0.1,76.9,15,9,1,15,16,N
2,5,6,0.5,0,3,8,0.5,0.3,0,5,3.8,22.5,0,0,2,0,0,5,5,N
7,9,15.9,1,0,9,23,1,0.2,2,14,5.8,92,0,80,8,4,2,9,10,N
7,9,16.6,1,0,9,24,1,0.2,2,15,5.8,96,0,71.4,10,5,2,9,10,N
11,21,14,0.8,1,36,96,0.2,0,4,60,34.4,480,0.2,89.5,21,16,1,26,29,N
13,17,18.5,1,1,26,64,0.3,0.1,4,38,17,314,0.1,76.9,16,9,4,18,20,N
16,20,20.1,1,1,51,124,0.1,0,4,73,31.9,641.1,0.2,88.9,22,15,6,32,37,N
13,17,18.2,1,1,26,63,0.3,0.1,4,37,17,309.1,0.1,76.9,17,9,5,18,20,N
9,17,14.4,1,1,26,75,0.3,0,5,49,24.6,352.5,0.1,78.6,16,10,1,23,25,N
2,5,6,0.5,0,3,8,0.5,0.3,0,5,3.8,22.5,0,50,4,1,0,5,5,N
9,15,12.4,1,0,24,54,0.3,0.1,4,30,20,247.6,0.1,85.7,9,6,1,20,22,N
9,13,14.1,1,0,21,48,0.3,0.1,4,27,15.2,214.1,0.1,80,12,8,0,16,18,N
5,12,9.8,0.7,0,8,23,1,0.1,2,15,9.6,94,0,75,6,3,1,10,11,N
5,7,13.7,1,0,6,16,0.5,0.2,2,10,4.2,57.4,0,80,7,4,1,7,7,N
5,7,13.7,1,0,6,16,0.5,0.2,2,10,4.2,57.4,0,80,7,4,1,7,7,N
9,19,11.9,0.8,1,26,68,0.3,0,3,42,27.4,326.9,0.1,88.2,19,14,1,19,21,N
8,16,13.8,1,0,16,48,0.3,0.1,3,32,16,220.1,0.1,85.7,9,6,1,14,15,N
6,9,13,1,0,10,25,0.5,0.1,2,15,7.5,97.7,0,71.4,9,5,0,7,7,N
13,17,17.2,0.8,5,37,85,0.2,0,7,48,24.2,417.1,0.1,86.2,31,20,1,29,33,N
7,18,8.8,1,1,18,44,0.3,0,3,26,23.1,204.3,0.1,75,14,8,2,12,13,N
7,17,10.2,1,1,17,46,0.3,0.1,3,29,20.6,210.9,0.1,76.9,15,9,1,14,15,N
4,8,8.2,0.5,0,7,16,0.5,0.1,1,9,7,57.4,0,0,1,0,2,7,7,N
5,11,9.9,0.5,0,7,19,0.5,0.1,1,12,7.7,76,0,0,1,0,2,7,7,N
2,5,5.1,0.5,0,4,9,0.5,0.2,0,5,5,25.3,0,50,4,1,2,6,6,N
3,6,6.7,0.3,0,10,21,0.3,0.1,0,11,10,66.6,0,50,4,1,3,10,12,N
2,5,5.1,0.5,0,4,9,0.5,0.2,0,5,5,25.3,0,50,4,1,2,6,6,N
3,6,6.7,0.3,0,10,21,0.3,0.1,0,11,10,66.6,0,50,4,1,3,10,12,N
2,9,4,0.5,0,7,18,0.5,0.1,0,11,15.8,62.3,0,50,4,1,2,6,6,N
2,6,8,1,0,2,8,1,0.3,0,6,3,24,0,50,4,1,2,2,1,N
2,6,8,1,0,2,8,1,0.3,0,6,3,24,0,50,4,1,2,2,1,N
2,6,8,1,0,2,8,1,0.3,0,6,3,24,0,50,5,1,2,2,1,N
78,17,149.8,0.6,26,237,589,0.1,0,17,352,25.8,3869.6,1.3,91.5,132,93,0,76,88,N
40,13,82.5,1,12,97,227,1,0.1,17,130,15.8,1300.2,0.4,89.7,70,49,1,50,54,N
195,16,515.4,1,26,474,1298,0.3,0.1,16,824,19.5,10022,3.3,97.6,169,134,4,128,130,N
52,14,115.8,0.4,9,152,392,0.1,0.1,4,240,20.5,2369.4,0.8,95.3,66,52,0,41,47,N
1,6,6.6,1,0,1,7,1,0.3,1,6,3,19.7,0,50,4,1,0,3,2,N
15,17,27.8,0.9,2,20,63,0.6,0.1,9,43,11.3,315,0.1,90.9,24,18,1,22,28,N
4,8,8.2,0.5,0,7,16,0.5,0.1,1,9,7,57.4,0,0,1,0,2,7,7,N
5,11,9.9,0.5,0,7,19,0.5,0.1,1,12,7.7,76,0,0,1,0,2,7,7,N
11,14,17.4,0.7,0,18,43,0.3,0.1,2,25,11.5,199.7,0.1,75,20,12,3,12,13,N
11,14,17.4,0.7,0,18,43,0.3,0.1,2,25,11.5,199.7,0.1,75,20,12,3,12,13,N
11,14,17.4,0.7,0,18,43,0.3,0.1,2,25,11.5,199.7,0.1,75,20,12,3,12,13,N
6,9,15.1,1,0,9,26,0.5,0.2,2,17,6.8,101.6,0,70,14,7,3,7,7,N
6,9,15.1,1,0,9,26,0.5,0.2,2,17,6.8,101.6,0,70,14,7,3,7,7,N
6,9,15.1,1,0,9,26,0.5,0.2,2,17,6.8,101.6,0,70,14,7,3,7,7,N
3,8,11.2,1,0,3,13,1,0.3,1,10,4,45,0,50,4,1,2,3,2,N
2,5,5.1,0.5,0,4,9,0.5,0.2,0,5,5,25.3,0,50,4,1,2,6,6,N
2,5,6.2,0.5,0,4,11,0.5,0.2,0,7,5,30.9,0,80,7,4,2,6,6,N
3,6,6.7,0.3,0,10,21,0.3,0.1,0,11,10,66.6,0,50,4,1,3,10,12,N
2,5,6.2,0.5,0,4,11,0.5,0.2,0,7,5,30.9,0,80,7,4,2,6,6,N
2,5,5.1,0.5,0,4,9,0.5,0.2,0,5,5,25.3,0,50,4,1,2,6,6,N
3,6,6.7,0.3,0,10,21,0.3,0.1,0,11,10,66.6,0,50,4,1,3,10,12,N
2,9,4,0.5,0,7,18,0.5,0.1,0,11,15.8,62.3,0,50,4,1,2,6,6,N
2,6,8,1,0,2,8,1,0.3,0,6,3,24,0,50,4,1,2,2,1,N
2,6,8,1,0,2,8,1,0.3,0,6,3,24,0,50,4,1,2,2,1,N
2,6,8,1,0,2,8,1,0.3,0,6,3,24,0,50,4,1,2,2,1,N
2,6,8,1,0,2,8,1,0.3,0,6,3,24,0,50,5,1,2,2,1,N
2,6,8,1,0,2,8,1,0.3,0,6,3,24,0,50,4,1,2,2,1,N
2,9,5.9,0.3,0,6,23,0.3,0.1,0,17,13.5,79.6,0,50,4,1,2,6,7,N
2,6,8,1,0,2,8,1,0.3,0,6,3,24,0,50,4,1,2,2,1,N
3,8,11.2,1,4,3,13,1,0.3,1,10,4,45,0,83.3,8,1,2,3,2,N
2,6,7,0.5,0,4,14,0.5,0.2,0,10,6,42,0,50,4,1,2,5,5,N
2,6,8,1,0,2,8,1,0.3,0,6,3,24,0,50,4,1,2,2,1,N
3,8,7.8,1,0,4,12,0.5,0.2,1,8,5.3,41.5,0,0,2,0,1,6,6,N
8,15,10.5,0.8,0,29,63,0.3,0,2,34,27.2,285,0.1,80,17,12,2,13,15,N
10,16,13.1,0.8,0,31,69,0.3,0,3,38,24.8,324.3,0.1,80,17,12,2,14,16,N
5,8,12.3,1,0,6,16,0.5,0.2,2,10,4.8,59.2,0,80,7,4,1,7,7,N
6,8,13.9,1,0,7,17,0.5,0.2,2,10,4.7,64.7,0,80,7,4,2,7,7,N
3,8,6.2,1,0,8,19,0.5,0.1,2,11,10.7,65.7,0,66.7,5,2,0,8,8,N
5,8,12.3,1,0,6,16,0.5,0.2,2,10,4.8,59.2,0,80,7,4,1,7,7,N
6,8,13.9,1,0,7,17,0.5,0.2,2,10,4.7,64.7,0,80,7,4,2,7,7,N
3,8,6.2,1,0,8,19,0.5,0.1,2,11,10.7,65.7,0,66.7,5,2,0,8,8,N
7,9,15.9,1,0,9,23,1,0.2,3,14,5.8,92,0,80,7,4,2,9,10,N
8,9,17.4,1,0,10,24,1,0.2,3,14,5.6,98.1,0,80,8,4,3,9,10,N
6,8,13.5,1,0,14,33,0.3,0.1,4,19,9.3,125.6,0,75,6,3,0,15,16,N
5,8,12.3,1,0,6,16,0.5,0.2,2,10,4.8,59.2,0,80,7,4,1,7,7,N
6,8,13.9,1,0,7,17,0.5,0.2,2,10,4.7,64.7,0,80,7,4,2,7,7,N
3,8,6.2,1,0,8,19,0.5,0.1,2,11,10.7,65.7,0,66.7,5,2,0,8,8,N
5,8,12.3,1,0,6,16,0.5,0.2,2,10,4.8,59.2,0,80,7,4,1,7,7,N
6,8,13.9,1,0,7,17,0.5,0.2,2,10,4.7,64.7,0,80,7,4,2,7,7,N
3,8,6.2,1,0,8,19,0.5,0.1,2,11,10.7,65.7,0,66.7,5,2,0,8,8,N
5,8,12.3,1,0,6,16,0.5,0.2,2,10,4.8,59.2,0,80,7,4,1,7,7,N
6,8,13.9,1,0,7,17,0.5,0.2,2,10,4.7,64.7,0,80,7,4,2,7,7,N
3,8,6.2,1,0,8,19,0.5,0.1,2,11,10.7,65.7,0,66.7,5,2,0,8,8,N
1,6,6.6,1,0,1,7,1,0.3,1,6,3,19.7,0,50,4,1,0,3,2,N
15,17,27.8,0.9,2,20,63,0.6,0.1,9,43,11.3,315,0.1,90.9,24,18,1,22,28,N
2,5,6,0.5,0,3,8,0.5,0.3,0,5,3.8,22.5,0,50,4,1,0,5,5,N
6,16,10,1,0,13,39,0.3,0.1,3,26,17.3,173.9,0.1,80,7,4,1,14,15,N
6,7,16.7,1,0,8,21,0.5,0.2,3,13,4.7,77.7,0,75,10,6,1,7,7,N
7,7,20,1,0,8,21,0.5,0.3,3,13,4,80,0,77.8,11,7,1,8,8,N
9,19,11.8,0.8,1,25,65,0.3,0,3,40,26.4,312.5,0.1,87.5,18,13,1,18,20,N
15,17,20.1,0.8,5,39,89,0.2,0.1,8,50,22.1,445,0.2,86.2,31,20,1,30,34,N
7,12,11.1,0.5,1,13,29,0.5,0.1,2,16,11.1,123.2,0,70,12,6,2,7,7,N
10,18,13.2,1,1,19,47,0.3,0.1,4,28,17.1,226,0.1,75,15,8,3,13,14,N
11,18,14.4,1,1,21,51,0.3,0.1,5,30,17.2,247.8,0.1,75,15,8,3,14,15,N
9,17,13.4,1,1,19,51,0.3,0.1,4,32,17.9,239.7,0.1,76.9,15,9,1,15,16,N
2,5,6,0.5,0,3,8,0.5,0.3,0,5,3.8,22.5,0,0,2,0,0,5,5,N
7,9,15.9,1,0,9,23,1,0.2,2,14,5.8,92,0,80,8,4,2,9,10,N
7,9,16.6,1,0,9,24,1,0.2,2,15,5.8,96,0,71.4,10,5,2,9,10,N
11,21,14,0.8,1,36,96,0.2,0,4,60,34.4,480,0.2,89.5,21,16,1,26,29,N
13,17,18.5,1,1,26,64,0.3,0.1,4,38,17,314,0.1,76.9,16,9,4,18,20,N
16,20,20.1,1,1,51,124,0.1,0,4,73,31.9,641.1,0.2,88.9,22,15,6,32,37,N
13,17,18.2,1,1,26,63,0.3,0.1,4,37,17,309.1,0.1,76.9,17,9,5,18,20,N
9,17,14.4,1,1,26,75,0.3,0,5,49,24.6,352.5,0.1,78.6,16,10,1,23,25,N
2,5,6,0.5,0,3,8,0.5,0.3,0,5,3.8,22.5,0,50,4,1,0,5,5,N
9,15,12.4,1,0,24,54,0.3,0.1,4,30,20,247.6,0.1,85.7,9,6,1,20,22,N
9,13,14.1,1,0,21,48,0.3,0.1,4,27,15.2,214.1,0.1,80,12,8,0,16,18,N
5,12,9.8,0.7,0,8,23,1,0.1,2,15,9.6,94,0,75,6,3,1,10,11,N
5,7,13.7,1,0,6,16,0.5,0.2,2,10,4.2,57.4,0,80,7,4,1,7,7,N
5,7,13.7,1,0,6,16,0.5,0.2,2,10,4.2,57.4,0,80,7,4,1,7,7,N
9,19,11.9,0.8,1,26,68,0.3,0,3,42,27.4,326.9,0.1,88.2,19,14,1,19,21,N
8,16,13.8,1,0,16,48,0.3,0.1,3,32,16,220.1,0.1,85.7,9,6,1,14,15,N
6,9,13,1,0,10,25,0.5,0.1,2,15,7.5,97.7,0,71.4,9,5,0,7,7,N
13,17,17.2,0.8,5,37,85,0.2,0,7,48,24.2,417.1,0.1,86.2,31,20,1,29,33,N
7,18,8.8,1,1,18,44,0.3,0,3,26,23.1,204.3,0.1,75,14,8,2,12,13,N
7,17,10.2,1,1,17,46,0.3,0.1,3,29,20.6,210.9,0.1,76.9,15,9,1,14,15,N
7,13,9.5,0.8,0,24,49,0.3,0,1,25,22.3,211.8,0.1,81.8,13,9,2,13,15,N
6,8,11.4,0.5,0,10,20,0.5,0.2,0,10,6.7,76.2,0,50,4,1,3,7,7,N
11,7,26.2,0.5,2,17,34,0.5,0.2,1,17,5.4,141.8,0.1,83.3,8,3,1,6,6,N
8,16,13.8,0.3,0,12,36,0.3,0.1,0,24,12,165.1,0.1,77.8,11,7,2,10,12,N
10,13,21.3,1,0,16,49,0.3,0.1,2,33,10.4,221.7,0.1,78.6,16,11,1,9,10,N
19,15,39.6,1,5,42,129,0.5,0.1,2,87,16.6,656.3,0.2,92.3,29,19,5,10,10,N
27,20,35.3,0.6,3,48,113,0.2,0.1,4,65,17.8,627.7,0.2,87,25,17,4,20,23,N
26,16,39.1,0.8,3,57,127,0.8,0.1,6,70,17.5,684.8,0.2,85.7,30,21,2,18,21,N
24,16,40.4,0.7,1,55,139,1,0.1,2,84,18.3,739.8,0.3,90,22,17,3,9,10,N
25,17,36.5,0.8,3,53,122,1,0.1,6,69,18,657.9,0.2,85.2,29,20,2,17,20,N
14,13,29.6,1,4,28,81,0.5,0.1,2,53,13,385.2,0.1,89.5,23,13,4,8,8,N
21,14,33.8,0.5,3,31,68,0.3,0.1,4,37,10.3,348.8,0.1,85.7,18,9,3,14,16,N
17,15,28.5,0.7,2,29,73,1,0.1,5,44,12.8,365,0.1,86.7,18,11,1,11,12,N
24,16,40.2,0.5,1,56,141,1,0.1,2,85,18.7,750.4,0.3,90,23,17,4,10,12,N
8,7,17.9,0.3,0,12,24,0.3,0.2,1,12,5.3,93.8,0,75,6,3,2,10,11,N
12,13,17.4,0.1,1,34,69,1,0.1,2,35,18.4,320.4,0.1,90.9,13,9,2,20,25,N
78,35,72.4,0.7,18,256,610,0.7,0,12,354,57.4,4160.3,1.4,86.7,146,106,3,110,143,N
2,5,6.2,0.5,0,4,11,0.5,0.2,0,7,5,30.9,0,80,7,4,2,6,6,N
2,5,6.2,0.5,0,4,11,0.5,0.2,0,7,5,30.9,0,80,7,4,2,6,6,N
3,8,7.8,1,0,4,12,0.5,0.2,1,8,5.3,41.5,0,0,2,0,1,6,6,N
4,8,8.2,0.5,0,7,16,0.5,0.1,1,9,7,57.4,0,0,1,0,2,7,7,N
5,11,9.9,0.5,0,7,19,0.5,0.1,1,12,7.7,76,0,0,1,0,2,7,7,N
2,5,5.1,0.5,0,4,9,0.5,0.2,0,5,5,25.3,0,50,4,1,2,6,6,N
3,6,6.7,0.3,0,10,21,0.3,0.1,0,11,10,66.6,0,50,4,1,3,10,12,N
2,5,5.1,0.5,0,4,9,0.5,0.2,0,5,5,25.3,0,50,4,1,2,6,6,N
3,6,6.7,0.3,0,10,21,0.3,0.1,0,11,10,66.6,0,50,4,1,3,10,12,N
2,9,4,0.5,0,7,18,0.5,0.1,0,11,15.8,62.3,0,50,4,1,2,6,6,N
2,6,8,1,0,2,8,1,0.3,0,6,3,24,0,50,4,1,2,2,1,N
2,6,8,1,0,2,8,1,0.3,0,6,3,24,0,50,4,1,2,2,1,N
2,6,8,1,0,2,8,1,0.3,0,6,3,24,0,50,5,1,2,2,1,N
5,8,10.8,0.5,0,9,21,0.5,0.1,3,12,7.2,77.7,0,80,7,4,2,8,8,N
8,13,15.5,0.8,1,16,46,0.3,0.1,5,30,13,202.1,0.1,81,23,16,2,13,15,N
2,6,9,1,5,2,9,0.5,0.3,2,7,3,27,0,87.5,10,2,0,6,6,N
2,5,9,1,4,2,8,0.5,0.4,2,6,2.5,22.5,0,75,10,2,0,6,6,N
3,6,7,0.5,4,5,11,0.5,0.2,0,6,5,34.9,0,83.3,8,1,0,6,6,N
11,13,19.6,0.5,3,17,43,0.5,0.1,1,26,10.1,197.2,0.1,83.3,17,7,4,8,8,N
245,31,310.3,0.8,111,843,2041,0.9,0,74,1198,53.3,16549.5,5.5,86.4,776,558,0,568,710,N
4,11,7.7,1,1,10,27,1,0.1,3,17,13.8,105.5,0,87.5,10,6,0,11,12,N
7,9,14.5,1,1,9,21,0.5,0.2,2,12,5.8,84,0,80,7,3,2,6,6,N
25,20,31.2,0.8,1,77,175,0.9,0,6,98,30.8,961.1,0.3,85.4,43,34,3,47,61,N
24,17,33.3,0.7,1,75,165,0.9,0,6,90,26.6,884,0.3,85.4,43,34,3,46,59,N
25,20,31.2,0.8,1,77,175,0.9,0,6,98,30.8,961.1,0.3,85.4,43,34,3,47,61,N
26,13,44.1,0.6,5,57,119,0.1,0.1,13,62,14.3,629,0.2,90.7,48,34,4,44,49,N
23,18,35.4,0.7,3,48,124,0.5,0.1,15,76,18.8,664.3,0.2,89.5,40,31,0,44,53,N
5,8,12.3,1,0,6,16,0.5,0.2,2,10,4.8,59.2,0,80,7,4,1,7,7,N
6,8,13.9,1,0,7,17,0.5,0.2,2,10,4.7,64.7,0,80,7,4,2,7,7,N
3,8,6.2,1,0,8,19,0.5,0.1,2,11,10.7,65.7,0,66.7,5,2,0,8,8,N
5,8,12.3,1,0,6,16,0.5,0.2,2,10,4.8,59.2,0,80,7,4,1,7,7,N
6,8,13.9,1,0,7,17,0.5,0.2,2,10,4.7,64.7,0,80,7,4,2,7,7,N
3,8,6.2,1,0,8,19,0.5,0.1,2,11,10.7,65.7,0,66.7,5,2,0,8,8,N
7,9,15.9,1,0,9,23,1,0.2,3,14,5.8,92,0,80,7,4,2,9,10,N
8,9,17.4,1,0,10,24,1,0.2,3,14,5.6,98.1,0,80,8,4,3,9,10,N
6,8,13.5,1,0,14,33,0.3,0.1,4,19,9.3,125.6,0,75,6,3,0,15,16,N
5,8,12.3,1,0,6,16,0.5,0.2,2,10,4.8,59.2,0,80,7,4,1,7,7,N
6,8,13.9,1,0,7,17,0.5,0.2,2,10,4.7,64.7,0,80,7,4,2,7,7,N
3,8,6.2,1,0,8,19,0.5,0.1,2,11,10.7,65.7,0,66.7,5,2,0,8,8,N
5,8,12.3,1,0,6,16,0.5,0.2,2,10,4.8,59.2,0,80,7,4,1,7,7,N
6,8,13.9,1,0,7,17,0.5,0.2,2,10,4.7,64.7,0,80,7,4,2,7,7,N
3,8,6.2,1,0,8,19,0.5,0.1,2,11,10.7,65.7,0,66.7,5,2,0,8,8,N
5,8,12.3,1,0,6,16,0.5,0.2,2,10,4.8,59.2,0,80,7,4,1,7,7,N
6,8,13.9,1,0,7,17,0.5,0.2,2,10,4.7,64.7,0,80,7,4,2,7,7,N
3,8,6.2,1,0,8,19,0.5,0.1,2,11,10.7,65.7,0,66.7,5,2,0,8,8,N
3,11,8.3,0.3,0,5,20,0.3,0.1,1,15,9.2,76.2,0,60,12,6,0,9,10,N
2,8,8.3,1,0,2,10,0.5,0.3,1,8,4,33.2,0,0,1,0,0,5,5,N
3,7,8.5,0.7,0,5,15,0.3,0.2,1,10,5.8,49.8,0,66.7,8,4,1,8,9,N
6,8,12.1,0.5,0,8,17,0.5,0.2,1,9,5.3,64.7,0,60,7,3,3,6,6,N
5,8,13.9,0.5,0,6,18,0.5,0.2,0,12,4.8,66.6,0,75,6,3,0,6,6,N
5,8,13.9,0.5,0,6,18,0.5,0.2,0,12,4.8,66.6,0,75,6,3,0,6,6,N
3,8,9.3,0.5,0,5,18,0.5,0.2,0,13,6.7,62.3,0,66.7,5,2,1,5,5,N
5,8,13.9,0.5,0,6,18,0.5,0.2,0,12,4.8,66.6,0,75,6,3,0,6,6,N
5,8,13.9,0.5,0,6,18,0.5,0.2,0,12,4.8,66.6,0,75,6,3,0,6,6,N
5,8,13.9,0.5,0,6,18,0.5,0.2,0,12,4.8,66.6,0,75,6,3,0,6,6,N
5,8,13.9,0.5,0,6,18,0.5,0.2,0,12,4.8,66.6,0,75,6,3,0,6,6,N
4,5,11.4,1,0,4,9,0.5,0.4,1,5,2.5,28.5,0,50,4,1,1,6,6,N
3,6,9.5,1,0,3,9,0.5,0.3,1,6,3,28.5,0,50,4,1,0,6,6,N
9,9,18.2,0.7,0,11,24,0.3,0.2,2,13,5.5,100.1,0,60,7,3,2,8,9,N
8,6,20.3,0.5,0,9,18,0.5,0.3,1,9,3.4,68.5,0,60,7,3,3,6,6,N
9,7,24.3,0.5,0,11,26,0.5,0.2,2,15,4.3,104,0,62.5,10,5,1,8,8,N
4,7,11.1,0.5,0,5,14,0.5,0.2,1,9,4.4,48.4,0,50,4,1,1,5,5,N
4,7,11.1,0.5,0,5,14,0.5,0.2,1,9,4.4,48.4,0,50,4,1,1,5,5,N
4,7,11.1,0.5,0,5,14,0.5,0.2,1,9,4.4,48.4,0,50,4,1,1,5,5,N
4,7,11.1,0.5,0,5,14,0.5,0.2,1,9,4.4,48.4,0,50,4,1,1,5,5,N
2,6,8,1,4,2,8,0.5,0.3,1,6,3,24,0,85.7,9,2,0,5,5,N
3,6,9.5,1,0,3,9,0.5,0.3,1,6,3,28.5,0,66.7,5,2,1,5,5,N
6,9,11.7,0.7,4,8,18,0.3,0.2,2,10,6,70.3,0,88.9,11,4,1,10,11,N
3,6,10.3,0.5,0,4,13,0.5,0.3,0,9,4,41.2,0,50,4,1,0,5,5,N
10,7,23.4,1,0,15,30,0.3,0.2,3,15,5.3,122.6,0,70,12,7,2,9,10,N
11,7,26.2,1,0,16,32,0.3,0.2,3,16,5.1,133.4,0,70,12,7,3,9,10,N
4,9,7.5,0.3,0,7,16,1,0.1,0,9,7.9,59.2,0,50,4,1,1,7,8,N
3,7,9.5,1,0,3,10,0.5,0.3,1,7,3.5,33.2,0,66.7,5,2,0,5,5,N
3,7,9.5,1,0,3,10,0.5,0.3,2,7,3.5,33.2,0,66.7,5,2,0,6,6,N
3,7,7.4,1,4,5,13,0.5,0.2,1,8,5.8,43.2,0,87.5,10,3,0,5,5,N
1,6,6.6,1,0,1,7,1,0.3,1,6,3,19.7,0,50,4,1,0,3,2,N
15,17,27.8,0.9,2,20,63,0.6,0.1,9,43,11.3,315,0.1,90.9,24,18,1,22,28,N
7,11,16.6,1,3,16,50,0.3,0.1,8,34,12.6,208.5,0.1,83.3,20,12,2,17,18,N
4,8,8.2,0.5,0,7,16,0.5,0.1,1,9,7,57.4,0,0,1,0,2,7,7,N
5,11,9.9,0.5,0,7,19,0.5,0.1,1,12,7.7,76,0,0,1,0,2,7,7,N
3,8,11.2,1,0,3,13,1,0.3,1,10,4,45,0,50,4,1,2,3,2,N
2,5,6.2,0.5,0,4,11,0.5,0.2,0,7,5,30.9,0,80,7,4,2,6,6,N
2,5,5.1,0.5,0,4,9,0.5,0.2,0,5,5,25.3,0,50,4,1,2,6,6,N
3,6,6.7,0.3,0,10,21,0.3,0.1,0,11,10,66.6,0,50,4,1,3,10,12,N
2,5,6.2,0.5,0,4,11,0.5,0.2,0,7,5,30.9,0,80,7,4,2,6,6,N
2,5,5.1,0.5,0,4,9,0.5,0.2,0,5,5,25.3,0,50,4,1,2,6,6,N
3,6,6.7,0.3,0,10,21,0.3,0.1,0,11,10,66.6,0,50,4,1,3,10,12,N
2,9,4,0.5,0,7,18,0.5,0.1,0,11,15.8,62.3,0,50,4,1,2,6,6,N
2,6,8,1,0,2,8,1,0.3,0,6,3,24,0,50,4,1,2,2,1,N
2,6,8,1,0,2,8,1,0.3,0,6,3,24,0,50,4,1,2,2,1,N
2,6,8,1,0,2,8,1,0.3,0,6,3,24,0,50,4,1,2,2,1,N
2,6,8,1,0,2,8,1,0.3,0,6,3,24,0,50,5,1,2,2,1,N
2,6,8,1,0,2,8,1,0.3,0,6,3,24,0,50,4,1,2,2,1,N
2,9,5.9,0.3,0,6,23,0.3,0.1,0,17,13.5,79.6,0,50,4,1,2,6,7,N
2,6,8,1,0,2,8,1,0.3,0,6,3,24,0,50,4,1,2,2,1,N
3,8,11.2,1,4,3,13,1,0.3,1,10,4,45,0,83.3,8,1,2,3,2,N
2,6,7,0.5,0,4,14,0.5,0.2,0,10,6,42,0,50,4,1,2,5,5,N
2,6,8,1,0,2,8,1,0.3,0,6,3,24,0,50,4,1,2,2,1,N
3,8,7.8,1,0,4,12,0.5,0.2,1,8,5.3,41.5,0,0,2,0,1,6,6,N
5,8,10.8,0.5,0,9,21,0.5,0.1,3,12,7.2,77.7,0,80,7,4,2,8,8,N
8,13,15.5,0.8,1,16,46,0.3,0.1,5,30,13,202.1,0.1,81,23,16,2,13,15,N
8,15,10.5,0.8,0,29,63,0.3,0,2,34,27.2,285,0.1,80,17,12,2,13,15,N
10,16,13.1,0.8,0,31,69,0.3,0,3,38,24.8,324.3,0.1,80,17,12,2,14,16,N
2,6,9,1,5,2,9,0.5,0.3,2,7,3,27,0,87.5,10,2,0,6,6,N
2,5,9,1,4,2,8,0.5,0.4,2,6,2.5,22.5,0,75,10,2,0,6,6,N
3,6,7,0.5,4,5,11,0.5,0.2,0,6,5,34.9,0,83.3,8,1,0,6,6,N
4,4,15,1,0,4,10,0.5,0.5,2,6,2,30,0,75,6,3,0,6,6,N
5,8,9.8,1,0,9,19,0.5,0.1,2,10,7.2,70.3,0,75,6,3,0,9,9,N
10,17,14.1,1,0,21,53,0.3,0.1,2,32,17.9,252,0.1,88.9,11,8,2,8,9,N
6,15,10,1,0,14,40,0.5,0.1,1,26,17.5,175.7,0.1,83.3,8,5,1,5,5,N
7,16,9.4,0.4,2,24,57,0.2,0,1,33,27.4,257.8,0.1,84.2,21,14,1,15,18,N
9,11,20.9,1,4,23,68,0.3,0.1,12,45,14.1,293.9,0.1,88.2,19,11,0,20,21,N
5,10,10.3,1,0,11,29,0.3,0.1,3,18,11,113.3,0,0,1,0,2,8,9,N
8,14,16.7,1,12,18,59,0.3,0.1,7,41,15.8,263.1,0.1,88,27,10,1,19,21,N
13,14,26.5,1,9,14,42,0.5,0.1,8,28,7.5,199.7,0.1,94.1,19,7,0,14,14,N
21,9,52,1,8,26,59,0.3,0.2,12,33,5.6,289.5,0.1,92.6,29,17,4,22,24,N
5,8,12.3,1,0,6,16,0.5,0.2,2,10,4.8,59.2,0,80,7,4,1,7,7,N
6,8,13.9,1,0,7,17,0.5,0.2,2,10,4.7,64.7,0,80,7,4,2,7,7,N
3,8,6.2,1,0,8,19,0.5,0.1,2,11,10.7,65.7,0,66.7,5,2,0,8,8,N
5,8,12.3,1,0,6,16,0.5,0.2,2,10,4.8,59.2,0,80,7,4,1,7,7,N
6,8,13.9,1,0,7,17,0.5,0.2,2,10,4.7,64.7,0,80,7,4,2,7,7,N
3,8,6.2,1,0,8,19,0.5,0.1,2,11,10.7,65.7,0,66.7,5,2,0,8,8,N
7,9,15.9,1,0,9,23,1,0.2,3,14,5.8,92,0,80,7,4,2,9,10,N
8,9,17.4,1,0,10,24,1,0.2,3,14,5.6,98.1,0,80,8,4,3,9,10,N
6,8,13.5,1,0,14,33,0.3,0.1,4,19,9.3,125.6,0,75,6,3,0,15,16,N
5,8,12.3,1,0,6,16,0.5,0.2,2,10,4.8,59.2,0,80,7,4,1,7,7,N
6,8,13.9,1,0,7,17,0.5,0.2,2,10,4.7,64.7,0,80,7,4,2,7,7,N
3,8,6.2,1,0,8,19,0.5,0.1,2,11,10.7,65.7,0,66.7,5,2,0,8,8,N
5,8,12.3,1,0,6,16,0.5,0.2,2,10,4.8,59.2,0,80,7,4,1,7,7,N
6,8,13.9,1,0,7,17,0.5,0.2,2,10,4.7,64.7,0,80,7,4,2,7,7,N
3,8,6.2,1,0,8,19,0.5,0.1,2,11,10.7,65.7,0,66.7,5,2,0,8,8,N
5,8,12.3,1,0,6,16,0.5,0.2,2,10,4.8,59.2,0,80,7,4,1,7,7,N
6,8,13.9,1,0,7,17,0.5,0.2,2,10,4.7,64.7,0,80,7,4,2,7,7,N
3,8,6.2,1,0,8,19,0.5,0.1,2,11,10.7,65.7,0,66.7,5,2,0,8,8,N
3,11,8.3,0.3,0,5,20,0.3,0.1,1,15,9.2,76.2,0,60,12,6,0,9,10,N
2,8,8.3,1,0,2,10,0.5,0.3,1,8,4,33.2,0,0,1,0,0,5,5,N
3,7,8.5,0.7,0,5,15,0.3,0.2,1,10,5.8,49.8,0,66.7,8,4,1,8,9,N
6,8,12.1,0.5,0,8,17,0.5,0.2,1,9,5.3,64.7,0,60,7,3,3,6,6,N
5,8,13.9,0.5,0,6,18,0.5,0.2,0,12,4.8,66.6,0,75,6,3,0,6,6,N
5,8,13.9,0.5,0,6,18,0.5,0.2,0,12,4.8,66.6,0,75,6,3,0,6,6,N
3,8,9.3,0.5,0,5,18,0.5,0.2,0,13,6.7,62.3,0,66.7,5,2,1,5,5,N
5,8,13.9,0.5,0,6,18,0.5,0.2,0,12,4.8,66.6,0,75,6,3,0,6,6,N
5,8,13.9,0.5,0,6,18,0.5,0.2,0,12,4.8,66.6,0,75,6,3,0,6,6,N
5,8,13.9,0.5,0,6,18,0.5,0.2,0,12,4.8,66.6,0,75,6,3,0,6,6,N
5,8,13.9,0.5,0,6,18,0.5,0.2,0,12,4.8,66.6,0,75,6,3,0,6,6,N
4,5,11.4,1,0,4,9,0.5,0.4,1,5,2.5,28.5,0,50,4,1,1,6,6,N
3,6,9.5,1,0,3,9,0.5,0.3,1,6,3,28.5,0,50,4,1,0,6,6,N
9,9,18.2,0.7,0,11,24,0.3,0.2,2,13,5.5,100.1,0,60,7,3,2,8,9,N
8,6,20.3,0.5,0,9,18,0.5,0.3,1,9,3.4,68.5,0,60,7,3,3,6,6,N
9,7,24.3,0.5,0,11,26,0.5,0.2,2,15,4.3,104,0,62.5,10,5,1,8,8,N
4,7,11.1,0.5,0,5,14,0.5,0.2,1,9,4.4,48.4,0,50,4,1,1,5,5,N
4,7,11.1,0.5,0,5,14,0.5,0.2,1,9,4.4,48.4,0,50,4,1,1,5,5,N
4,7,11.1,0.5,0,5,14,0.5,0.2,1,9,4.4,48.4,0,50,4,1,1,5,5,N
4,7,11.1,0.5,0,5,14,0.5,0.2,1,9,4.4,48.4,0,50,4,1,1,5,5,N
2,6,8,1,4,2,8,0.5,0.3,1,6,3,24,0,85.7,9,2,0,5,5,N
3,6,9.5,1,0,3,9,0.5,0.3,1,6,3,28.5,0,66.7,5,2,1,5,5,N
6,9,11.7,0.7,4,8,18,0.3,0.2,2,10,6,70.3,0,88.9,11,4,1,10,11,N
3,6,10.3,0.5,0,4,13,0.5,0.3,0,9,4,41.2,0,50,4,1,0,5,5,N
10,7,23.4,1,0,15,30,0.3,0.2,3,15,5.3,122.6,0,70,12,7,2,9,10,N
11,7,26.2,1,0,16,32,0.3,0.2,3,16,5.1,133.4,0,70,12,7,3,9,10,N
4,9,7.5,0.3,0,7,16,1,0.1,0,9,7.9,59.2,0,50,4,1,1,7,8,N
3,7,9.5,1,0,3,10,0.5,0.3,1,7,3.5,33.2,0,66.7,5,2,0,5,5,N
3,7,9.5,1,0,3,10,0.5,0.3,2,7,3.5,33.2,0,66.7,5,2,0,6,6,N
3,7,7.4,1,4,5,13,0.5,0.2,1,8,5.8,43.2,0,87.5,10,3,0,5,5,N
1,6,6.6,1,0,1,7,1,0.3,1,6,3,19.7,0,50,4,1,0,3,2,N
15,17,27.8,0.9,2,20,63,0.6,0.1,9,43,11.3,315,0.1,90.9,24,18,1,22,28,N
7,11,16.6,1,3,16,50,0.3,0.1,8,34,12.6,208.5,0.1,83.3,20,12,2,17,18,N
2,5,6,0.5,0,3,8,0.5,0.3,0,5,3.8,22.5,0,50,4,1,0,5,5,N
6,16,10,1,0,13,39,0.3,0.1,3,26,17.3,173.9,0.1,80,7,4,1,14,15,N
6,7,16.7,1,0,8,21,0.5,0.2,3,13,4.7,77.7,0,75,10,6,1,7,7,N
7,7,20,1,0,8,21,0.5,0.3,3,13,4,80,0,77.8,11,7,1,8,8,N
9,19,11.8,0.8,1,25,65,0.3,0,3,40,26.4,312.5,0.1,87.5,18,13,1,18,20,N
15,17,20.1,0.8,5,39,89,0.2,0.1,8,50,22.1,445,0.2,86.2,31,20,1,30,34,N
7,12,11.1,0.5,1,13,29,0.5,0.1,2,16,11.1,123.2,0,70,12,6,2,7,7,N
10,18,13.2,1,1,19,47,0.3,0.1,4,28,17.1,226,0.1,75,15,8,3,13,14,N
11,18,14.4,1,1,21,51,0.3,0.1,5,30,17.2,247.8,0.1,75,15,8,3,14,15,N
9,17,13.4,1,1,19,51,0.3,0.1,4,32,17.9,239.7,0.1,76.9,15,9,1,15,16,N
2,5,6,0.5,0,3,8,0.5,0.3,0,5,3.8,22.5,0,0,2,0,0,5,5,N
7,9,15.9,1,0,9,23,1,0.2,2,14,5.8,92,0,80,8,4,2,9,10,N
7,9,16.6,1,0,9,24,1,0.2,2,15,5.8,96,0,71.4,10,5,2,9,10,N
11,21,14,0.8,1,36,96,0.2,0,4,60,34.4,480,0.2,89.5,21,16,1,26,29,N
13,17,18.5,1,1,26,64,0.3,0.1,4,38,17,314,0.1,76.9,16,9,4,18,20,N
16,20,20.1,1,1,51,124,0.1,0,4,73,31.9,641.1,0.2,88.9,22,15,6,32,37,N
13,17,18.2,1,1,26,63,0.3,0.1,4,37,17,309.1,0.1,76.9,17,9,5,18,20,N
9,17,14.4,1,1,26,75,0.3,0,5,49,24.6,352.5,0.1,78.6,16,10,1,23,25,N
2,5,6,0.5,0,3,8,0.5,0.3,0,5,3.8,22.5,0,50,4,1,0,5,5,N
9,15,12.4,1,0,24,54,0.3,0.1,4,30,20,247.6,0.1,85.7,9,6,1,20,22,N
9,13,14.1,1,0,21,48,0.3,0.1,4,27,15.2,214.1,0.1,80,12,8,0,16,18,N
5,12,9.8,0.7,0,8,23,1,0.1,2,15,9.6,94,0,75,6,3,1,10,11,N
5,7,13.7,1,0,6,16,0.5,0.2,2,10,4.2,57.4,0,80,7,4,1,7,7,N
5,7,13.7,1,0,6,16,0.5,0.2,2,10,4.2,57.4,0,80,7,4,1,7,7,N
9,19,11.9,0.8,1,26,68,0.3,0,3,42,27.4,326.9,0.1,88.2,19,14,1,19,21,N
8,16,13.8,1,0,16,48,0.3,0.1,3,32,16,220.1,0.1,85.7,9,6,1,14,15,N
6,9,13,1,0,10,25,0.5,0.1,2,15,7.5,97.7,0,71.4,9,5,0,7,7,N
13,17,17.2,0.8,5,37,85,0.2,0,7,48,24.2,417.1,0.1,86.2,31,20,1,29,33,N
7,18,8.8,1,1,18,44,0.3,0,3,26,23.1,204.3,0.1,75,14,8,2,12,13,N
7,17,10.2,1,1,17,46,0.3,0.1,3,29,20.6,210.9,0.1,76.9,15,9,1,14,15,N
7,10,20,1,1,12,42,0.3,0.1,7,30,8.6,171.7,0.1,82.4,19,13,1,17,19,N
16,14,33.7,1,3,20,60,0.2,0.1,7,40,8.8,294.4,0.1,82.1,30,20,0,19,22,N
24,6,102.3,1,13,33,86,0.1,0.2,3,53,4.1,422,0.1,94.6,38,22,2,34,43,N
4,8,8.2,0.5,0,7,16,0.5,0.1,1,9,7,57.4,0,0,1,0,2,7,7,N
14,14,30.2,1,5,22,69,0.3,0.1,9,47,11,331.7,0.1,94.1,19,11,2,20,22,N
9,12,16.5,1,3,16,40,0.3,0.1,3,24,10.7,175.7,0.1,91.7,14,8,1,10,11,N
13,13,24.8,0.5,8,30,79,0.5,0.1,4,49,15,371.3,0.1,95.2,26,12,4,9,9,Y
6,10,10.8,0.5,2,16,36,0.5,0.1,1,20,13.3,144,0.1,85.7,9,4,2,7,7,N
8,12,12.7,0.5,2,15,33,0.5,0.1,1,18,11.3,142.6,0.1,85.7,9,4,1,8,8,N
17,12,31.1,0.7,5,39,88,0.3,0.1,3,49,13.8,427.5,0.1,88.9,20,11,0,15,16,N
36,16,55.6,0.6,4,138,299,0.6,0,3,161,30.7,1704.4,0.6,90,42,32,0,23,26,N
8,12,12.7,0.5,2,15,33,0.5,0.1,1,18,11.3,142.6,0.1,85.7,9,4,1,8,8,N
18,12,33.8,1,4,27,62,0.5,0.1,12,35,9,304.2,0.1,81.3,17,9,2,20,20,N
6,10,11.4,0.7,0,8,19,1,0.2,1,11,6.7,76,0,75,6,3,1,6,7,N
4,12,8,1,0,10,30,0.5,0.1,2,20,15,120,0,83.3,8,5,1,7,7,N
19,18,28.7,1,0,49,128,0.2,0,14,79,23.2,666.8,0.2,81.5,29,22,2,31,35,N
5,6,13.2,1,0,7,16,0.5,0.2,2,9,4.2,55.4,0,83.3,8,5,1,7,7,N
6,10,11.4,0.7,0,8,19,1,0.2,1,11,6.7,76,0,75,6,3,1,6,7,N
7,10,12,0.7,0,11,23,0.3,0.1,2,12,7.9,94,0,80,7,4,1,11,12,N
2,7,6,1,0,3,10,0.5,0.2,1,7,5.3,31.7,0,66.7,5,2,0,5,5,N
3,8,7.4,1,0,6,17,0.5,0.1,2,11,8,58.8,0,57.1,9,4,1,7,7,N
3,7,7.8,1,0,4,11,0.5,0.2,2,7,4.7,36.5,0,50,6,2,1,6,6,N
17,15,27.8,1,2,40,98,0.7,0.1,8,58,17.7,490,0.2,94.7,21,16,1,25,29,N
11,12,19.8,0.8,0,21,50,0.3,0.1,6,29,11.5,226.2,0.1,76.5,19,13,1,20,22,N
19,17,26.4,0.6,0,50,114,0.6,0,9,64,22.4,589.4,0.2,84,28,21,2,35,44,N
6,9,12.5,1,0,10,24,0.5,0.1,3,14,7.5,93.8,0,66.7,5,2,3,9,9,N
6,9,14.9,1,0,7,20,0.5,0.2,3,13,5.3,78.1,0,75,10,6,1,8,8,N
8,9,14.9,1,0,18,37,0.5,0.1,5,19,10.1,151.2,0.1,66.7,13,6,3,12,12,N
13,18,17.5,0.6,0,20,49,1,0.1,3,29,13.9,242.8,0.1,83.3,14,10,2,13,16,N
6,9,13.5,1,0,10,26,0.5,0.1,1,16,7.5,101.6,0,85.7,9,6,1,6,6,N
10,13,16.4,1,0,14,33,1,0.1,3,19,9.1,149.3,0.1,87.5,11,7,2,8,9,N
6,8,13.1,1,0,10,23,0.5,0.2,3,13,6.7,87.6,0,66.7,5,2,3,9,9,N
8,12,15.5,1,0,13,35,0.3,0.1,3,22,9.8,151.3,0.1,81.8,13,9,1,11,12,N
8,9,14.9,1,0,18,37,0.5,0.1,5,19,10.1,151.2,0.1,66.7,13,6,3,12,12,N
12,16,17.6,1,0,18,44,1,0.1,4,26,12,211.5,0.1,83.3,14,10,2,13,15,N
9,7,24,1,0,15,35,0.3,0.2,4,20,5.8,140,0.1,75,6,3,3,15,16,N
10,12,19.2,1,0,17,44,0.8,0.1,4,27,10.2,196.2,0.1,81.8,13,9,2,15,17,N
13,8,29.9,1,0,31,65,0.3,0.1,7,34,9.5,285.5,0.1,72.7,15,8,5,19,20,N
14,16,20.9,1,0,21,51,1,0.1,5,30,12,250.3,0.1,83.3,15,10,3,16,19,N
5,8,11.8,1,0,9,23,0.5,0.1,2,14,7.2,85.1,0,85.7,9,6,1,6,6,N
14,17,20,0.8,0,22,54,1,0.1,3,32,13.4,267.5,0.1,90,13,9,2,12,15,N
6,8,13.1,1,0,10,23,0.5,0.2,3,13,6.7,87.6,0,66.7,5,2,3,9,9,N
6,9,14.9,1,0,7,20,0.5,0.2,3,13,5.3,78.1,0,75,10,6,1,8,8,N
8,9,14.9,1,0,18,37,0.5,0.1,5,19,10.1,151.2,0.1,66.7,13,6,3,12,12,N
12,16,17.6,1,0,18,44,1,0.1,4,26,12,211.5,0.1,83.3,14,10,2,13,15,N
1,4,3.5,0.5,0,2,6,0.5,0.3,0,4,4,13.9,0,66.7,5,2,0,5,5,N
8,10,16.4,1,1,11,27,0.5,0.2,3,16,6.9,112.6,0,75,14,8,3,6,6,N
6,10,12,0.7,1,10,25,0.3,0.1,1,15,8.3,100,0,72.7,13,7,1,10,11,N
7,10,14.3,0.5,1,14,35,1,0.1,1,21,10,143.1,0.1,76.9,15,9,2,13,15,N
7,10,14.3,0.5,1,14,35,1,0.1,1,21,10,143.1,0.1,76.9,15,9,2,13,15,N
14,14,24,0.8,2,22,55,1,0.1,5,33,11,264.4,0.1,80,17,10,2,17,19,N
8,10,15.7,0.5,1,14,33,0.3,0.1,1,19,8.8,137.6,0.1,75,14,8,3,13,15,N
4,10,7.8,1,0,9,23,0.3,0.1,2,14,11.3,87.6,0,75,6,3,0,10,11,N
4,12,7,1,0,11,29,0.3,0.1,2,18,16.5,116,0,75,6,3,0,10,11,N
5,8,11.8,1,0,9,23,0.5,0.1,2,14,7.2,85.1,0,85.7,9,6,1,6,6,N
10,13,16.4,1,0,14,33,1,0.1,3,19,9.1,149.3,0.1,87.5,11,7,2,8,9,N
6,8,13.1,1,0,10,23,0.5,0.2,3,13,6.7,87.6,0,66.7,5,2,3,9,9,N
8,11,15.9,1,0,14,36,0.3,0.1,4,22,9.6,152.9,0.1,81.8,13,9,1,11,12,N
8,9,14.9,1,0,18,37,0.5,0.1,5,19,10.1,151.2,0.1,66.7,13,6,3,12,12,N
12,16,17.6,1,0,18,44,1,0.1,4,26,12,211.5,0.1,83.3,14,10,2,13,15,N
25,16,40.7,1,5,74,180,0.8,0,8,106,23.7,964.4,0.3,94.4,41,29,4,45,54,N
15,14,24.6,0.7,0,41,97,0.1,0.1,7,56,19.1,471.2,0.2,82.8,31,24,1,34,39,N
23,17,34,0.9,0,81,191,0.9,0,10,110,29.9,1016.5,0.3,87.8,44,36,2,51,62,N
18,14,29.4,0.9,2,42,96,0.9,0.1,9,54,16.3,480,0.2,87,25,18,2,30,35,N
9,15,12.8,1,0,15,35,1,0.1,2,20,12.5,160.5,0.1,77.8,11,7,3,11,12,N
5,8,11.8,1,0,9,23,0.5,0.1,2,14,7.2,85.1,0,85.7,9,6,1,6,6,N
14,16,20.7,0.8,0,22,53,1,0.1,3,31,12.6,260.1,0.1,90,13,9,2,12,15,N
6,8,13.1,1,0,10,23,0.5,0.2,3,13,6.7,87.6,0,66.7,5,2,3,9,9,N
6,9,14.9,1,0,7,20,0.5,0.2,3,13,5.3,78.1,0,75,10,6,1,8,8,N
8,9,14.9,1,0,18,37,0.5,0.1,5,19,10.1,151.2,0.1,66.7,13,6,3,12,12,N
12,16,17.6,1,0,18,44,1,0.1,4,26,12,211.5,0.1,83.3,14,10,2,13,15,N
4,9,12.1,1,2,6,22,0.3,0.2,2,16,6.8,81.4,0,73.3,17,9,2,9,10,N
5,10,11.2,1,0,8,23,0.5,0.1,2,15,8,89.9,0,0,1,0,2,6,6,N
16,9,35,1,2,17,36,0.5,0.2,4,19,4.8,167.2,0.1,77.8,17,5,11,8,8,N
25,29,27,0.6,22,69,188,0.5,0,13,119,40,1081.9,0.4,91.6,75,43,3,43,51,N
5,10,11.2,1,0,8,23,0.5,0.1,2,15,8,89.9,0,0,1,0,2,6,6,N
12,15,19.6,1,0,31,80,1,0.1,7,49,19.4,380.4,0.1,76.2,23,16,2,18,21,N
12,16,17.9,1,0,33,82,1,0.1,8,49,22,394.2,0.1,79,22,15,4,18,20,N
15,18,21.7,1,0,43,111,1,0,10,68,25.8,559.9,0.2,81.8,26,18,6,23,27,N
4,9,9.9,1,0,6,18,0.5,0.2,2,12,6.8,66.6,0,80,7,4,1,7,7,N
4,9,9.9,1,0,6,18,0.5,0.2,2,12,6.8,66.6,0,80,7,4,1,7,7,N
12,16,18.1,1,0,35,88,0.7,0,6,53,23.3,423.1,0.1,84.2,22,16,4,20,24,N
8,10,14.9,1,1,13,29,0.5,0.1,4,16,8.1,120.9,0,66.7,11,5,2,8,8,N
15,18,21.7,1,0,43,111,1,0,10,68,25.8,559.9,0.2,81.8,26,18,6,23,27,N
4,9,9.9,1,0,6,18,0.5,0.2,2,12,6.8,66.6,0,80,7,4,1,7,7,N
4,9,9.9,1,0,6,18,0.5,0.2,2,12,6.8,66.6,0,80,7,4,1,7,7,N
19,18,27.6,1,0,53,133,1,0,10,80,25.1,692.9,0.2,84,30,21,8,27,33,N
5,10,11.3,1,0,9,26,1,0.1,3,17,9,101.6,0,80,7,4,2,9,10,N
5,10,11.3,1,0,9,26,1,0.1,3,17,9,101.6,0,80,7,4,2,9,10,N
12,15,19.6,1,0,31,80,1,0.1,7,49,19.4,380.4,0.1,76.2,23,16,2,18,21,N
12,16,17.9,1,0,33,82,1,0.1,8,49,22,394.2,0.1,79,22,15,4,18,20,N
15,18,21.7,1,0,43,111,1,0,10,68,25.8,559.9,0.2,81.8,26,18,6,23,27,N
4,9,9.9,1,0,6,18,0.5,0.2,2,12,6.8,66.6,0,80,7,4,1,7,7,N
4,9,9.9,1,0,6,18,0.5,0.2,2,12,6.8,66.6,0,80,7,4,1,7,7,N
13,16,20.2,1,0,32,82,1,0.1,7,50,19.7,398.4,0.1,76.2,23,16,3,18,21,N
13,16,19.5,1,0,34,84,1,0.1,8,50,20.9,408.1,0.1,79,22,15,5,18,20,N
4,8,8.7,1,0,7,17,0.5,0.1,2,10,7,60.9,0,60,7,3,1,6,6,N
12,15,19.6,1,0,31,80,1,0.1,7,49,19.4,380.4,0.1,76.2,23,16,2,18,21,N
12,16,17.9,1,0,33,82,1,0.1,8,49,22,394.2,0.1,79,22,15,4,18,20,N
15,18,21.7,1,0,43,111,1,0,10,68,25.8,559.9,0.2,81.8,26,18,6,23,27,N
4,9,9.9,1,0,6,18,0.5,0.2,2,12,6.8,66.6,0,80,7,4,1,7,7,N
4,9,9.9,1,0,6,18,0.5,0.2,2,12,6.8,66.6,0,80,7,4,1,7,7,N
12,15,19.6,1,0,31,80,1,0.1,7,49,19.4,380.4,0.1,76.2,23,16,2,18,21,N
12,16,17.9,1,0,33,82,1,0.1,8,49,22,394.2,0.1,79,22,15,4,18,20,N
12,15,19.6,1,0,31,80,1,0.1,7,49,19.4,380.4,0.1,76.2,23,16,2,18,21,N
12,16,17.9,1,0,33,82,1,0.1,8,49,22,394.2,0.1,79,22,15,4,18,20,N
15,18,21.7,1,0,43,111,1,0,10,68,25.8,559.9,0.2,81.8,26,18,6,23,27,N
4,9,9.9,1,0,6,18,0.5,0.2,2,12,6.8,66.6,0,80,7,4,1,7,7,N
4,9,9.9,1,0,6,18,0.5,0.2,2,12,6.8,66.6,0,80,7,4,1,7,7,N
14,16,21.4,0.6,17,77,192,0.8,0,4,115,44,942.1,0.3,89.3,61,33,4,28,36,Y
19,17,27.1,0.7,16,78,183,0.1,0,4,105,34.9,946.1,0.3,87.3,58,32,2,30,35,N
29,17,45.3,0.4,9,82,197,0.6,0,4,115,24,1088.1,0.4,89.8,51,35,0,28,33,N
34,11,77.1,0.6,2,115,261,0.2,0.1,4,146,18.6,1433.4,0.5,91.7,50,42,0,28,31,N
9,15,13.5,1,0,20,49,1,0.1,7,29,16.7,224.7,0.1,73.3,17,11,2,13,14,N
15,8,35.6,0.7,2,40,84,0.3,0.1,2,44,10.7,380,0.1,83.3,26,18,3,14,15,N
10,11,16.9,0.4,0,34,72,0.2,0.1,1,38,18.7,316.3,0.1,84.2,21,16,1,15,18,N
15,12,27.3,1,3,30,69,0.3,0.1,2,39,12,328.1,0.1,89.5,21,14,1,12,13,N
11,12,19.9,1,0,15,36,1,0.1,5,21,8.2,162.9,0.1,88.9,12,8,2,10,11,N
32,16,49.8,0.1,15,172,383,0.1,0,5,211,43,2139,0.7,91.4,76,49,5,43,49,N
15,15,30.3,1,4,22,68,0.2,0.1,6,46,11,333.7,0.1,84,27,17,0,21,24,N
11,12,20.7,1,6,16,40,0.3,0.1,6,24,8.7,180.9,0.1,92.9,16,7,2,12,13,N
4,8,8.2,0.5,0,7,16,0.5,0.1,1,9,7,57.4,0,0,1,0,2,7,7,N
5,11,9.9,0.5,0,7,19,0.5,0.1,1,12,7.7,76,0,0,1,0,2,7,7,N
3,8,11.2,1,0,3,13,1,0.3,1,10,4,45,0,50,4,1,2,3,2,N
2,5,6.2,0.5,0,4,11,0.5,0.2,0,7,5,30.9,0,80,7,4,2,6,6,N
2,5,5.1,0.5,0,4,9,0.5,0.2,0,5,5,25.3,0,50,4,1,2,6,6,N
3,6,6.7,0.3,0,10,21,0.3,0.1,0,11,10,66.6,0,50,4,1,3,10,12,N
2,5,6.2,0.5,0,4,11,0.5,0.2,0,7,5,30.9,0,80,7,4,2,6,6,N
2,5,5.1,0.5,0,4,9,0.5,0.2,0,5,5,25.3,0,50,4,1,2,6,6,N
3,6,6.7,0.3,0,10,21,0.3,0.1,0,11,10,66.6,0,50,4,1,3,10,12,N
2,9,4,0.5,0,7,18,0.5,0.1,0,11,15.8,62.3,0,50,4,1,2,6,6,N
2,6,8,1,0,2,8,1,0.3,0,6,3,24,0,50,4,1,2,2,1,N
2,6,8,1,0,2,8,1,0.3,0,6,3,24,0,50,4,1,2,2,1,N
2,6,8,1,0,2,8,1,0.3,0,6,3,24,0,50,4,1,2,2,1,N
2,6,8,1,0,2,8,1,0.3,0,6,3,24,0,50,5,1,2,2,1,N
2,6,8,1,0,2,8,1,0.3,0,6,3,24,0,50,4,1,2,2,1,N
2,9,5.9,0.3,0,6,23,0.3,0.1,0,17,13.5,79.6,0,50,4,1,2,6,7,N
2,6,8,1,0,2,8,1,0.3,0,6,3,24,0,50,4,1,2,2,1,N
3,8,11.2,1,4,3,13,1,0.3,1,10,4,45,0,83.3,8,1,2,3,2,N
2,6,7,0.5,0,4,14,0.5,0.2,0,10,6,42,0,50,4,1,2,5,5,N
2,6,8,1,0,2,8,1,0.3,0,6,3,24,0,50,4,1,2,2,1,N
3,8,7.8,1,0,4,12,0.5,0.2,1,8,5.3,41.5,0,0,2,0,1,6,6,N
8,15,10.5,0.8,0,29,63,0.3,0,2,34,27.2,285,0.1,80,17,12,2,13,15,N
10,16,13.1,0.8,0,31,69,0.3,0,3,38,24.8,324.3,0.1,80,17,12,2,14,16,N
5,8,12.3,1,0,6,16,0.5,0.2,2,10,4.8,59.2,0,80,7,4,1,7,7,N
6,8,13.9,1,0,7,17,0.5,0.2,2,10,4.7,64.7,0,80,7,4,2,7,7,N
3,8,6.2,1,0,8,19,0.5,0.1,2,11,10.7,65.7,0,66.7,5,2,0,8,8,N
7,9,15.9,1,0,9,23,1,0.2,3,14,5.8,92,0,80,7,4,2,9,10,N
8,9,17.4,1,0,10,24,1,0.2,3,14,5.6,98.1,0,80,8,4,3,9,10,N
6,8,13.5,1,0,14,33,0.3,0.1,4,19,9.3,125.6,0,75,6,3,0,15,16,N
10,11,16.9,0.4,0,34,72,0.2,0.1,1,38,18.7,316.3,0.1,84.2,21,16,1,15,18,N
5,8,12.3,1,0,6,16,0.5,0.2,2,10,4.8,59.2,0,80,7,4,1,7,7,N
6,8,13.9,1,0,7,17,0.5,0.2,2,10,4.7,64.7,0,80,7,4,2,7,7,N
3,8,6.2,1,0,8,19,0.5,0.1,2,11,10.7,65.7,0,66.7,5,2,0,8,8,N
5,8,12.3,1,0,6,16,0.5,0.2,2,10,4.8,59.2,0,80,7,4,1,7,7,N
6,8,13.9,1,0,7,17,0.5,0.2,2,10,4.7,64.7,0,80,7,4,2,7,7,N
3,8,6.2,1,0,8,19,0.5,0.1,2,11,10.7,65.7,0,66.7,5,2,0,8,8,N
5,8,12.3,1,0,6,16,0.5,0.2,2,10,4.8,59.2,0,80,7,4,1,7,7,N
6,8,13.9,1,0,7,17,0.5,0.2,2,10,4.7,64.7,0,80,7,4,2,7,7,N
3,8,6.2,1,0,8,19,0.5,0.1,2,11,10.7,65.7,0,66.7,5,2,0,8,8,N
5,8,12.3,1,0,6,16,0.5,0.2,2,10,4.8,59.2,0,80,7,4,1,7,7,N
6,8,13.9,1,0,7,17,0.5,0.2,2,10,4.7,64.7,0,80,7,4,2,7,7,N
3,8,6.2,1,0,8,19,0.5,0.1,2,11,10.7,65.7,0,66.7,5,2,0,8,8,N
7,9,15.2,0.6,3,27,66,0.1,0.1,3,39,17.4,264,0.1,93.3,17,11,0,29,35,N
16,17,25.4,1,17,82,219,0.1,0,16,137,43.6,1104.7,0.4,90.6,66,41,0,74,90,N
111,37,113.8,0.8,43,341,897,0.4,0,42,556,56.8,6466.9,2.2,85.8,361,265,0,213,265,Y
69,22,93.5,0.8,73,286,655,0.5,0,18,369,45.6,4262.6,1.4,92.2,223,129,2,102,120,N
175,21,286.8,1,72,462,1044,0,0,63,582,27.7,7949.8,2.7,95.8,289,204,2,213,250,N
20,16,35.3,1,12,41,112,1,0.1,9,71,16.4,579,0.2,88.9,47,28,0,31,35,N
3,7,8.5,0.7,0,5,15,0.3,0.2,1,10,5.8,49.8,0,66.7,8,4,1,8,9,N
6,8,12.1,0.5,0,8,17,0.5,0.2,1,9,5.3,64.7,0,60,7,3,3,6,6,N
9,9,18.2,0.7,0,11,24,0.3,0.2,2,13,5.5,100.1,0,60,7,3,2,8,9,N
8,6,20.3,0.5,0,9,18,0.5,0.3,1,9,3.4,68.5,0,60,7,3,3,6,6,N
9,7,24.3,0.5,0,11,26,0.5,0.2,2,15,4.3,104,0,62.5,10,5,1,8,8,N
4,9,7.5,0.3,0,7,16,1,0.1,0,9,7.9,59.2,0,50,4,1,1,7,8,N
3,7,9.5,1,0,3,10,0.5,0.3,1,7,3.5,33.2,0,66.7,5,2,0,5,5,N
3,7,9.5,1,0,3,10,0.5,0.3,2,7,3.5,33.2,0,66.7,5,2,0,6,6,N
3,7,7.4,1,4,5,13,0.5,0.2,1,8,5.8,43.2,0,87.5,10,3,0,5,5,N
1,6,6.6,1,0,1,7,1,0.3,1,6,3,19.7,0,50,4,1,0,3,2,N
15,17,27.8,0.9,2,20,63,0.6,0.1,9,43,11.3,315,0.1,90.9,24,18,1,22,28,N
2,5,6,0.5,0,3,8,0.5,0.3,0,5,3.8,22.5,0,50,4,1,0,5,5,N
6,16,10,1,0,13,39,0.3,0.1,3,26,17.3,173.9,0.1,80,7,4,1,14,15,N
6,7,16.7,1,0,8,21,0.5,0.2,3,13,4.7,77.7,0,75,10,6,1,7,7,N
7,7,20,1,0,8,21,0.5,0.3,3,13,4,80,0,77.8,11,7,1,8,8,N
9,19,11.8,0.8,1,25,65,0.3,0,3,40,26.4,312.5,0.1,87.5,18,13,1,18,20,N
15,17,20.1,0.8,5,39,89,0.2,0.1,8,50,22.1,445,0.2,86.2,31,20,1,30,34,N
7,12,11.1,0.5,1,13,29,0.5,0.1,2,16,11.1,123.2,0,70,12,6,2,7,7,N
10,18,13.2,1,1,19,47,0.3,0.1,4,28,17.1,226,0.1,75,15,8,3,13,14,N
11,18,14.4,1,1,21,51,0.3,0.1,5,30,17.2,247.8,0.1,75,15,8,3,14,15,N
9,17,13.4,1,1,19,51,0.3,0.1,4,32,17.9,239.7,0.1,76.9,15,9,1,15,16,N
2,5,6,0.5,0,3,8,0.5,0.3,0,5,3.8,22.5,0,0,2,0,0,5,5,N
7,9,15.9,1,0,9,23,1,0.2,2,14,5.8,92,0,80,8,4,2,9,10,N
7,9,16.6,1,0,9,24,1,0.2,2,15,5.8,96,0,71.4,10,5,2,9,10,N
11,21,14,0.8,1,36,96,0.2,0,4,60,34.4,480,0.2,89.5,21,16,1,26,29,N
13,17,18.5,1,1,26,64,0.3,0.1,4,38,17,314,0.1,76.9,16,9,4,18,20,N
16,20,20.1,1,1,51,124,0.1,0,4,73,31.9,641.1,0.2,88.9,22,15,6,32,37,N
13,17,18.2,1,1,26,63,0.3,0.1,4,37,17,309.1,0.1,76.9,17,9,5,18,20,N
9,17,14.4,1,1,26,75,0.3,0,5,49,24.6,352.5,0.1,78.6,16,10,1,23,25,N
2,5,6,0.5,0,3,8,0.5,0.3,0,5,3.8,22.5,0,50,4,1,0,5,5,N
9,15,12.4,1,0,24,54,0.3,0.1,4,30,20,247.6,0.1,85.7,9,6,1,20,22,N
9,13,14.1,1,0,21,48,0.3,0.1,4,27,15.2,214.1,0.1,80,12,8,0,16,18,N
5,12,9.8,0.7,0,8,23,1,0.1,2,15,9.6,94,0,75,6,3,1,10,11,N
5,7,13.7,1,0,6,16,0.5,0.2,2,10,4.2,57.4,0,80,7,4,1,7,7,N
5,7,13.7,1,0,6,16,0.5,0.2,2,10,4.2,57.4,0,80,7,4,1,7,7,N
9,19,11.9,0.8,1,26,68,0.3,0,3,42,27.4,326.9,0.1,88.2,19,14,1,19,21,N
8,16,13.8,1,0,16,48,0.3,0.1,3,32,16,220.1,0.1,85.7,9,6,1,14,15,N
6,9,13,1,0,10,25,0.5,0.1,2,15,7.5,97.7,0,71.4,9,5,0,7,7,N
13,17,17.2,0.8,5,37,85,0.2,0,7,48,24.2,417.1,0.1,86.2,31,20,1,29,33,N
7,18,8.8,1,1,18,44,0.3,0,3,26,23.1,204.3,0.1,75,14,8,2,12,13,N
7,17,10.2,1,1,17,46,0.3,0.1,3,29,20.6,210.9,0.1,76.9,15,9,1,14,15,N
17,18,26.9,1,29,40,111,0.5,0.1,4,71,21.2,569.4,0.2,95.8,50,17,1,10,10,N
21,21,27.6,0.6,22,66,169,0.1,0,5,103,33,911.3,0.3,95.5,73,41,6,29,35,N
14,13,25.1,1,9,44,108,0.5,0.1,1,64,20.4,513.5,0.2,96.9,36,22,3,9,9,N
10,14,15.5,0.7,10,27,64,1,0.1,1,37,18.9,293.4,0.1,86.4,24,9,3,8,9,N
38,28,39.4,0.5,13,153,367,0.3,0,6,214,56.4,2218.3,0.7,90.9,79,57,0,38,47,N
13,9,27.1,1,2,20,42,0.5,0.1,2,22,6.9,187.3,0.1,81.8,13,7,0,9,9,N
37,23,43.3,0.2,6,205,467,0.2,0,3,262,63.7,2758.5,0.9,88.2,78,61,0,54,66,N
23,17,37.2,0.8,6,43,111,0.3,0.1,7,68,15.9,590.7,0.2,90,32,21,2,21,23,Y
9,7,18.5,1,4,15,27,0.5,0.2,5,12,5.8,108,0,85.7,15,8,2,12,12,N
12,12,22,1,1,20,48,0.5,0.1,2,28,10,220.1,0.1,83.3,14,9,0,10,10,N
9,7,17.1,1,7,18,30,0.5,0.1,5,12,7,120,0,90,22,11,2,12,12,N
13,12,23.1,0.3,1,37,85,0.3,0.1,1,48,17.1,394.7,0.1,84.6,15,10,0,13,14,N
6,7,12.1,0.5,1,11,21,0.5,0.2,0,10,6.4,77.7,0,80,10,3,4,6,6,N
5,6,10.9,0.5,1,9,17,0.5,0.2,0,8,5.4,58.8,0,80,7,3,3,6,6,N
16,20,18,0.6,20,197,429,0.1,0,1,232,123.1,2217.9,0.7,93.2,77,48,2,18,24,N
7,9,12.4,0.5,0,14,28,0.5,0.1,0,14,9,112,0,85.7,11,6,3,6,6,N
13,13,21,0.8,6,30,67,1,0.1,2,37,15,314.9,0.1,94.4,22,11,5,10,12,N
17,13,27.2,0.1,8,161,341,1,0,2,180,61.6,1673.3,0.6,97.7,47,34,5,23,28,N
16,15,23.1,0.1,5,125,273,1,0,2,148,58.6,1352.5,0.5,92.3,43,31,4,23,29,N
16,14,26.9,0.7,0,25,60,0.3,0.1,2,35,10.9,294.4,0.1,82.4,19,14,3,12,13,N
12,11,26.9,0.3,5,262,714,0.3,0,0,452,120.1,3229.8,1.1,93.9,51,41,2,14,16,N
8,10,17.1,0.3,0,18,46,0.3,0.1,1,28,11.3,191.8,0.1,82.4,21,14,3,8,9,N
7,10,11.4,0.5,3,15,30,0.5,0.1,1,15,10.7,122.6,0,90,13,6,2,7,7,N
2,5,6.2,0.5,0,4,11,0.5,0.2,0,7,5,30.9,0,80,8,4,2,6,6,N
23,17,31.1,0.1,2,95,205,0.5,0,0,110,35.1,1091,0.4,87.2,55,39,7,38,48,N
10,8,19.9,0.3,2,22,42,0.3,0.1,0,20,8.8,175.1,0.1,83.3,17,8,3,11,12,N
10,8,19.9,0.3,2,22,42,0.3,0.1,0,20,8.8,175.1,0.1,83.3,17,8,3,11,12,N
10,12,15.1,0.5,3,31,63,0.3,0.1,1,32,18.6,280.9,0.1,85,25,14,4,15,17,N
5,7,10.2,0.5,0,13,26,0.5,0.1,0,13,9.1,93.2,0,80,9,4,2,6,6,N
10,9,18.9,0.5,0,82,164,0.5,0,0,82,36.9,696.7,0.2,88.9,13,8,3,6,6,N
10,12,15.3,0.5,4,19,39,0.5,0.1,2,20,11.4,173.9,0.1,91.7,14,7,2,8,8,N
7,8,13,0.3,2,21,40,0.3,0.1,0,19,12,156.3,0.1,90,12,7,2,14,16,Y
15,14,23.6,0.8,5,38,86,1,0.1,2,48,17.7,417.8,0.1,94.7,23,13,5,9,11,N
15,18,19.6,0.7,19,126,293,1,0,3,167,75.6,1478,0.5,92.5,44,18,5,20,24,N
15,19,18.4,0.5,16,137,314,1,0,3,177,86.8,1597.5,0.5,93.6,51,28,4,34,43,N
13,13,18.2,0.5,3,49,95,0.2,0,2,46,24.5,446.5,0.2,81,23,14,2,22,26,N
15,14,19.9,0.3,1,44,84,0.3,0.1,1,40,20.5,408.1,0.1,92.9,19,12,4,15,17,N
18,13,28.3,0.3,3,51,105,0.3,0.1,3,54,18.4,520.2,0.2,85.7,30,21,2,12,13,N
6,7,12.1,0.5,1,10,19,0.5,0.2,0,9,5.8,70.3,0,80,7,3,4,6,6,N
5,8,10.8,1,2,9,21,0.5,0.1,1,12,7.2,77.7,0,88.9,11,6,2,6,6,N
6,7,12.1,0.5,1,11,21,0.5,0.2,0,10,6.4,77.7,0,80,11,3,4,6,6,N
6,7,12,0.5,2,9,17,0.5,0.2,0,8,5.3,62.9,0,83.3,8,3,3,6,6,N
5,6,10.8,0.5,1,8,15,0.5,0.2,0,7,4.8,51.9,0,80,7,3,2,6,6,N
2,5,6.2,0.5,0,4,11,0.5,0.2,0,7,5,30.9,0,80,8,4,2,6,6,N
4,7,10.5,1,0,6,16,0.5,0.2,1,10,5.3,55.4,0,80,9,4,2,6,6,N
19,14,28.2,1,6,51,105,0.3,0.1,6,54,18.8,529.7,0.2,94.4,20,11,2,17,18,N
4,6,11.5,1,1,5,13,0.5,0.3,1,8,3.8,43.2,0,83.3,8,4,1,6,6,N
12,12,22,0.2,8,190,455,0.2,0,0,265,95,2086.2,0.7,92.3,55,40,3,17,20,N
11,15,13.8,0.7,8,19,38,0.3,0.1,1,19,13,178.6,0.1,93.8,18,7,4,10,11,N
11,15,13.8,0.7,8,19,38,0.3,0.1,1,19,13,178.6,0.1,93.8,18,7,4,10,11,N
11,15,13.8,0.7,8,19,38,0.3,0.1,1,19,13,178.6,0.1,93.8,18,7,4,10,11,N
11,15,13.8,0.7,6,19,38,0.3,0.1,1,19,13,178.6,0.1,92.9,16,7,4,10,11,N
11,15,13.8,0.7,6,19,38,0.3,0.1,1,19,13,178.6,0.1,92.9,16,7,4,10,11,N
10,12,16.5,1,1,14,31,0.5,0.1,1,17,8.4,138.2,0.1,85.7,9,5,4,5,5,N
10,12,16.5,1,1,14,31,0.5,0.1,1,17,8.4,138.2,0.1,85.7,9,5,4,5,5,N
41,31,51.9,0.2,36,140,445,0.1,0,2,305,52.9,2745.6,0.9,96.4,142,99,2,59,90,N
18,18,35.7,1,6,46,159,0.7,0,9,113,23,822,0.3,86.4,46,32,2,38,43,N
6,12,10.7,0.7,4,9,23,1,0.1,1,14,9,95.9,0,87.5,10,3,1,6,7,N
170,32,186.9,0.9,110,543,1247,0.6,0,49,704,51.1,9549.8,3.2,93.7,400,263,2,237,290,N
5,8,10.8,0.5,0,9,21,0.5,0.1,3,12,7.2,77.7,0,80,7,4,2,8,8,N
8,13,15.5,0.8,1,16,46,0.3,0.1,5,30,13,202.1,0.1,81,23,16,2,13,15,N
2,6,9,1,5,2,9,0.5,0.3,2,7,3,27,0,87.5,10,2,0,6,6,N
2,5,9,1,4,2,8,0.5,0.4,2,6,2.5,22.5,0,75,10,2,0,6,6,N
3,6,7,0.5,4,5,11,0.5,0.2,0,6,5,34.9,0,83.3,8,1,0,6,6,N
4,4,15,1,0,4,10,0.5,0.5,2,6,2,30,0,75,6,3,0,6,6,N
5,8,9.8,1,0,9,19,0.5,0.1,2,10,7.2,70.3,0,75,6,3,0,9,9,N
10,17,14.1,1,0,21,53,0.3,0.1,2,32,17.9,252,0.1,88.9,11,8,2,8,9,N
6,15,10,1,0,14,40,0.5,0.1,1,26,17.5,175.7,0.1,83.3,8,5,1,5,5,N
7,16,9.4,0.4,2,24,57,0.2,0,1,33,27.4,257.8,0.1,84.2,21,14,1,15,18,N
3,11,8.3,0.3,0,5,20,0.3,0.1,1,15,9.2,76.2,0,60,12,6,0,9,10,N
2,8,8.3,1,0,2,10,0.5,0.3,1,8,4,33.2,0,0,1,0,0,5,5,N
5,8,13.9,0.5,0,6,18,0.5,0.2,0,12,4.8,66.6,0,75,6,3,0,6,6,N
5,8,13.9,0.5,0,6,18,0.5,0.2,0,12,4.8,66.6,0,75,6,3,0,6,6,N
3,8,9.3,0.5,0,5,18,0.5,0.2,0,13,6.7,62.3,0,66.7,5,2,1,5,5,N
5,8,13.9,0.5,0,6,18,0.5,0.2,0,12,4.8,66.6,0,75,6,3,0,6,6,N
5,8,13.9,0.5,0,6,18,0.5,0.2,0,12,4.8,66.6,0,75,6,3,0,6,6,N
5,8,13.9,0.5,0,6,18,0.5,0.2,0,12,4.8,66.6,0,75,6,3,0,6,6,N
5,8,13.9,0.5,0,6,18,0.5,0.2,0,12,4.8,66.6,0,75,6,3,0,6,6,N
4,5,11.4,1,0,4,9,0.5,0.4,1,5,2.5,28.5,0,50,4,1,1,6,6,N
3,6,9.5,1,0,3,9,0.5,0.3,1,6,3,28.5,0,50,4,1,0,6,6,N
4,7,11.1,0.5,0,5,14,0.5,0.2,1,9,4.4,48.4,0,50,4,1,1,5,5,N
4,7,11.1,0.5,0,5,14,0.5,0.2,1,9,4.4,48.4,0,50,4,1,1,5,5,N
4,7,11.1,0.5,0,5,14,0.5,0.2,1,9,4.4,48.4,0,50,4,1,1,5,5,N
4,7,11.1,0.5,0,5,14,0.5,0.2,1,9,4.4,48.4,0,50,4,1,1,5,5,N
2,6,8,1,4,2,8,0.5,0.3,1,6,3,24,0,85.7,9,2,0,5,5,N
3,6,9.5,1,0,3,9,0.5,0.3,1,6,3,28.5,0,66.7,5,2,1,5,5,N
6,9,11.7,0.7,4,8,18,0.3,0.2,2,10,6,70.3,0,88.9,11,4,1,10,11,N
3,6,10.3,0.5,0,4,13,0.5,0.3,0,9,4,41.2,0,50,4,1,0,5,5,N
10,7,23.4,1,0,15,30,0.3,0.2,3,15,5.3,122.6,0,70,12,7,2,9,10,N
11,7,26.2,1,0,16,32,0.3,0.2,3,16,5.1,133.4,0,70,12,7,3,9,10,N
7,11,16.6,1,3,16,50,0.3,0.1,8,34,12.6,208.5,0.1,83.3,20,12,2,17,18,N
4,8,8.2,0.5,0,7,16,0.5,0.1,1,9,7,57.4,0,0,1,0,2,7,7,N
5,11,9.9,0.5,0,7,19,0.5,0.1,1,12,7.7,76,0,0,1,0,2,7,7,N
3,8,11.2,1,0,3,13,1,0.3,1,10,4,45,0,50,4,1,2,3,2,N
2,5,5.1,0.5,0,4,9,0.5,0.2,0,5,5,25.3,0,50,4,1,2,6,6,N
3,6,6.7,0.3,0,10,21,0.3,0.1,0,11,10,66.6,0,50,4,1,3,10,12,N
2,5,5.1,0.5,0,4,9,0.5,0.2,0,5,5,25.3,0,50,4,1,2,6,6,N
3,6,6.7,0.3,0,10,21,0.3,0.1,0,11,10,66.6,0,50,4,1,3,10,12,N
2,9,4,0.5,0,7,18,0.5,0.1,0,11,15.8,62.3,0,50,4,1,2,6,6,N
2,6,8,1,0,2,8,1,0.3,0,6,3,24,0,50,4,1,2,2,1,N
2,6,8,1,0,2,8,1,0.3,0,6,3,24,0,50,4,1,2,2,1,N
2,6,8,1,0,2,8,1,0.3,0,6,3,24,0,50,4,1,2,2,1,N
2,6,8,1,0,2,8,1,0.3,0,6,3,24,0,50,5,1,2,2,1,N
2,6,8,1,0,2,8,1,0.3,0,6,3,24,0,50,4,1,2,2,1,N
2,9,5.9,0.3,0,6,23,0.3,0.1,0,17,13.5,79.6,0,50,4,1,2,6,7,N
2,6,8,1,0,2,8,1,0.3,0,6,3,24,0,50,4,1,2,2,1,N
3,8,11.2,1,4,3,13,1,0.3,1,10,4,45,0,83.3,8,1,2,3,2,N
2,6,7,0.5,0,4,14,0.5,0.2,0,10,6,42,0,50,4,1,2,5,5,N
2,6,8,1,0,2,8,1,0.3,0,6,3,24,0,50,4,1,2,2,1,N
5,8,10.8,0.5,0,9,21,0.5,0.1,3,12,7.2,77.7,0,80,7,4,2,8,8,N
8,13,15.5,0.8,1,16,46,0.3,0.1,5,30,13,202.1,0.1,81,23,16,2,13,15,N
8,15,10.5,0.8,0,29,63,0.3,0,2,34,27.2,285,0.1,80,17,12,2,13,15,N
10,16,13.1,0.8,0,31,69,0.3,0,3,38,24.8,324.3,0.1,80,17,12,2,14,16,N
2,6,9,1,5,2,9,0.5,0.3,2,7,3,27,0,87.5,10,2,0,6,6,N
2,5,9,1,4,2,8,0.5,0.4,2,6,2.5,22.5,0,75,10,2,0,6,6,N
3,6,7,0.5,4,5,11,0.5,0.2,0,6,5,34.9,0,83.3,8,1,0,6,6,N
5,8,12.3,1,0,6,16,0.5,0.2,2,10,4.8,59.2,0,80,7,4,1,7,7,N
6,8,13.9,1,0,7,17,0.5,0.2,2,10,4.7,64.7,0,80,7,4,2,7,7,N
3,8,6.2,1,0,8,19,0.5,0.1,2,11,10.7,65.7,0,66.7,5,2,0,8,8,N
5,8,12.3,1,0,6,16,0.5,0.2,2,10,4.8,59.2,0,80,7,4,1,7,7,N
6,8,13.9,1,0,7,17,0.5,0.2,2,10,4.7,64.7,0,80,7,4,2,7,7,N
3,8,6.2,1,0,8,19,0.5,0.1,2,11,10.7,65.7,0,66.7,5,2,0,8,8,N
7,9,15.9,1,0,9,23,1,0.2,3,14,5.8,92,0,80,7,4,2,9,10,N
8,9,17.4,1,0,10,24,1,0.2,3,14,5.6,98.1,0,80,8,4,3,9,10,N
6,8,13.5,1,0,14,33,0.3,0.1,4,19,9.3,125.6,0,75,6,3,0,15,16,N
5,8,12.3,1,0,6,16,0.5,0.2,2,10,4.8,59.2,0,80,7,4,1,7,7,N
6,8,13.9,1,0,7,17,0.5,0.2,2,10,4.7,64.7,0,80,7,4,2,7,7,N
3,8,6.2,1,0,8,19,0.5,0.1,2,11,10.7,65.7,0,66.7,5,2,0,8,8,N
5,8,12.3,1,0,6,16,0.5,0.2,2,10,4.8,59.2,0,80,7,4,1,7,7,N
6,8,13.9,1,0,7,17,0.5,0.2,2,10,4.7,64.7,0,80,7,4,2,7,7,N
3,8,6.2,1,0,8,19,0.5,0.1,2,11,10.7,65.7,0,66.7,5,2,0,8,8,N
5,8,12.3,1,0,6,16,0.5,0.2,2,10,4.8,59.2,0,80,7,4,1,7,7,N
6,8,13.9,1,0,7,17,0.5,0.2,2,10,4.7,64.7,0,80,7,4,2,7,7,N
3,8,6.2,1,0,8,19,0.5,0.1,2,11,10.7,65.7,0,66.7,5,2,0,8,8,N
3,11,8.3,0.3,0,5,20,0.3,0.1,1,15,9.2,76.2,0,60,12,6,0,9,10,N
2,8,8.3,1,0,2,10,0.5,0.3,1,8,4,33.2,0,0,1,0,0,5,5,N
3,7,8.5,0.7,0,5,15,0.3,0.2,1,10,5.8,49.8,0,66.7,8,4,1,8,9,N
6,8,12.1,0.5,0,8,17,0.5,0.2,1,9,5.3,64.7,0,60,7,3,3,6,6,N
5,8,13.9,0.5,0,6,18,0.5,0.2,0,12,4.8,66.6,0,75,6,3,0,6,6,N
5,8,13.9,0.5,0,6,18,0.5,0.2,0,12,4.8,66.6,0,75,6,3,0,6,6,N
3,8,9.3,0.5,0,5,18,0.5,0.2,0,13,6.7,62.3,0,66.7,5,2,1,5,5,N
5,8,13.9,0.5,0,6,18,0.5,0.2,0,12,4.8,66.6,0,75,6,3,0,6,6,N
5,8,13.9,0.5,0,6,18,0.5,0.2,0,12,4.8,66.6,0,75,6,3,0,6,6,N
5,8,13.9,0.5,0,6,18,0.5,0.2,0,12,4.8,66.6,0,75,6,3,0,6,6,N
5,8,13.9,0.5,0,6,18,0.5,0.2,0,12,4.8,66.6,0,75,6,3,0,6,6,N
4,5,11.4,1,0,4,9,0.5,0.4,1,5,2.5,28.5,0,50,4,1,1,6,6,N
3,6,9.5,1,0,3,9,0.5,0.3,1,6,3,28.5,0,50,4,1,0,6,6,N
9,9,18.2,0.7,0,11,24,0.3,0.2,2,13,5.5,100.1,0,60,7,3,2,8,9,N
8,6,20.3,0.5,0,9,18,0.5,0.3,1,9,3.4,68.5,0,60,7,3,3,6,6,N
9,7,24.3,0.5,0,11,26,0.5,0.2,2,15,4.3,104,0,62.5,10,5,1,8,8,N
10,13,25,1,3,17,61,0.8,0.1,6,44,11.1,275.9,0.1,86.7,17,10,0,19,22,N
23,21,32.5,1,24,54,147,0.1,0,11,93,24.7,802.5,0.3,90.9,68,36,0,40,49,N
39,31,46.5,0.9,17,67,202,0.4,0,14,135,26.6,1238.1,0.4,87.9,93,63,0,53,67,N
7,13,15.1,1,0,8,26,0.5,0.1,4,18,7.4,112.4,0,75,6,3,2,8,8,N
25,10,59.5,1,6,28,65,0.3,0.2,12,37,5.6,333.4,0.1,91.3,28,15,5,24,26,N
4,7,11.1,0.5,0,5,14,0.5,0.2,1,9,4.4,48.4,0,50,4,1,1,5,5,N
4,7,11.1,0.5,0,5,14,0.5,0.2,1,9,4.4,48.4,0,50,4,1,1,5,5,N
4,7,11.1,0.5,0,5,14,0.5,0.2,1,9,4.4,48.4,0,50,4,1,1,5,5,N
4,7,11.1,0.5,0,5,14,0.5,0.2,1,9,4.4,48.4,0,50,4,1,1,5,5,N
2,6,8,1,4,2,8,0.5,0.3,1,6,3,24,0,85.7,9,2,0,5,5,N
3,6,9.5,1,0,3,9,0.5,0.3,1,6,3,28.5,0,66.7,5,2,1,5,5,N
6,9,11.7,0.7,4,8,18,0.3,0.2,2,10,6,70.3,0,88.9,11,4,1,10,11,N
3,6,10.3,0.5,0,4,13,0.5,0.3,0,9,4,41.2,0,50,4,1,0,5,5,N
10,7,23.4,1,0,15,30,0.3,0.2,3,15,5.3,122.6,0,70,12,7,2,9,10,N
11,7,26.2,1,0,16,32,0.3,0.2,3,16,5.1,133.4,0,70,12,7,3,9,10,N
4,9,7.5,0.3,0,7,16,1,0.1,0,9,7.9,59.2,0,50,4,1,1,7,8,N
3,7,9.5,1,0,3,10,0.5,0.3,1,7,3.5,33.2,0,66.7,5,2,0,5,5,N
3,7,9.5,1,0,3,10,0.5,0.3,2,7,3.5,33.2,0,66.7,5,2,0,6,6,N
3,7,7.4,1,4,5,13,0.5,0.2,1,8,5.8,43.2,0,87.5,10,3,0,5,5,N
1,6,6.6,1,0,1,7,1,0.3,1,6,3,19.7,0,50,4,1,0,3,2,N
15,17,27.8,0.9,2,20,63,0.6,0.1,9,43,11.3,315,0.1,90.9,24,18,1,22,28,N
7,11,16.6,1,3,16,50,0.3,0.1,8,34,12.6,208.5,0.1,83.3,20,12,2,17,18,N
2,5,6,0.5,0,3,8,0.5,0.3,0,5,3.8,22.5,0,50,4,1,0,5,5,N
6,16,10,1,0,13,39,0.3,0.1,3,26,17.3,173.9,0.1,80,7,4,1,14,15,N
6,7,16.7,1,0,8,21,0.5,0.2,3,13,4.7,77.7,0,75,10,6,1,7,7,N
7,7,20,1,0,8,21,0.5,0.3,3,13,4,80,0,77.8,11,7,1,8,8,N
9,19,11.8,0.8,1,25,65,0.3,0,3,40,26.4,312.5,0.1,87.5,18,13,1,18,20,N
15,17,20.1,0.8,5,39,89,0.2,0.1,8,50,22.1,445,0.2,86.2,31,20,1,30,34,N
7,12,11.1,0.5,1,13,29,0.5,0.1,2,16,11.1,123.2,0,70,12,6,2,7,7,N
10,18,13.2,1,1,19,47,0.3,0.1,4,28,17.1,226,0.1,75,15,8,3,13,14,N
11,18,14.4,1,1,21,51,0.3,0.1,5,30,17.2,247.8,0.1,75,15,8,3,14,15,N
9,17,13.4,1,1,19,51,0.3,0.1,4,32,17.9,239.7,0.1,76.9,15,9,1,15,16,N
2,5,6,0.5,0,3,8,0.5,0.3,0,5,3.8,22.5,0,0,2,0,0,5,5,N
7,9,15.9,1,0,9,23,1,0.2,2,14,5.8,92,0,80,8,4,2,9,10,N
7,9,16.6,1,0,9,24,1,0.2,2,15,5.8,96,0,71.4,10,5,2,9,10,N
11,21,14,0.8,1,36,96,0.2,0,4,60,34.4,480,0.2,89.5,21,16,1,26,29,N
13,17,18.5,1,1,26,64,0.3,0.1,4,38,17,314,0.1,76.9,16,9,4,18,20,N
16,20,20.1,1,1,51,124,0.1,0,4,73,31.9,641.1,0.2,88.9,22,15,6,32,37,N
13,17,18.2,1,1,26,63,0.3,0.1,4,37,17,309.1,0.1,76.9,17,9,5,18,20,N
9,17,14.4,1,1,26,75,0.3,0,5,49,24.6,352.5,0.1,78.6,16,10,1,23,25,N
2,5,6,0.5,0,3,8,0.5,0.3,0,5,3.8,22.5,0,50,4,1,0,5,5,N
9,15,12.4,1,0,24,54,0.3,0.1,4,30,20,247.6,0.1,85.7,9,6,1,20,22,N
9,13,14.1,1,0,21,48,0.3,0.1,4,27,15.2,214.1,0.1,80,12,8,0,16,18,N
5,12,9.8,0.7,0,8,23,1,0.1,2,15,9.6,94,0,75,6,3,1,10,11,N
5,7,13.7,1,0,6,16,0.5,0.2,2,10,4.2,57.4,0,80,7,4,1,7,7,N
5,7,13.7,1,0,6,16,0.5,0.2,2,10,4.2,57.4,0,80,7,4,1,7,7,N
9,19,11.9,0.8,1,26,68,0.3,0,3,42,27.4,326.9,0.1,88.2,19,14,1,19,21,N
8,16,13.8,1,0,16,48,0.3,0.1,3,32,16,220.1,0.1,85.7,9,6,1,14,15,N
6,9,13,1,0,10,25,0.5,0.1,2,15,7.5,97.7,0,71.4,9,5,0,7,7,N
13,17,17.2,0.8,5,37,85,0.2,0,7,48,24.2,417.1,0.1,86.2,31,20,1,29,33,N
7,18,8.8,1,1,18,44,0.3,0,3,26,23.1,204.3,0.1,75,14,8,2,12,13,N
7,17,10.2,1,1,17,46,0.3,0.1,3,29,20.6,210.9,0.1,76.9,15,9,1,14,15,N
4,8,8.2,0.5,0,7,16,0.5,0.1,1,9,7,57.4,0,0,1,0,2,7,7,N
24,18,30.6,1,12,56,119,0.3,0.1,5,63,21,641.7,0.2,93.6,33,17,3,18,20,N
3,5,8.6,1,2,5,12,0.5,0.2,1,7,4.2,36,0,75,10,4,0,5,5,N
9,8,23,1,0,10,25,0.3,0.2,3,15,4.4,102.2,0,75,10,6,2,9,10,N
33,28,36.6,0.9,8,87,228,0.3,0,11,141,36.9,1352.2,0.5,87.5,77,55,4,57,70,N
9,7,22,1,1,14,30,0.5,0.2,3,16,5.4,120,0,87.5,10,6,2,7,7,N
27,19,38.3,1,18,68,166,1,0,10,98,23.9,916.9,0.3,96.1,59,31,7,21,22,Y
19,21,26.6,0.8,13,47,130,0.3,0,8,83,26,691.9,0.2,89.8,51,31,1,35,44,N
2,9,6.2,1,1,6,24,0.5,0.1,2,18,13.5,83,0,77.8,11,6,1,6,6,N
37,26,40.3,0.7,19,71,168,0.6,0,13,97,25,1004.2,0.3,88.6,72,43,0,52,64,N
21,17,32.3,0.9,7,45,112,0.7,0.1,7,67,18.2,587.8,0.2,86.2,34,18,4,24,29,N
27,25,31.8,0.7,28,82,212,0.7,0,21,130,38,1208.5,0.4,93.7,81,46,1,80,93,N
7,13,15.1,1,0,8,26,0.5,0.1,4,18,7.4,112.4,0,66.7,5,2,3,8,8,N
9,13,18.5,1,0,11,33,0.5,0.1,4,22,7.9,147.2,0.1,77.8,11,7,1,8,8,N
3,5,7.9,1,1,5,11,0.5,0.2,1,6,4.2,33,0,80,7,3,0,5,5,N
7,8,15.2,1,2,9,20,0.5,0.2,4,11,5.1,78.1,0,85.7,9,4,0,12,12,N
34,17,53.5,0.9,11,56,132,0.1,0.1,18,76,14,748.8,0.3,93.8,50,34,2,45,50,N
8,11,16.9,1,0,11,30,0.5,0.1,4,19,7.6,127.4,0,77.8,11,7,1,8,8,N
22,17,33.3,1,15,62,151,0.3,0,7,89,24,798.1,0.3,97.5,46,24,5,19,21,N
2,8,4.7,1,0,6,17,0.5,0.1,3,11,12,56.5,0,66.7,5,2,0,9,9,N
8,7,16.9,1,0,9,17,0.5,0.3,2,8,3.9,66.4,0,80,11,8,1,6,6,N
4,8,8.2,0.5,0,7,16,0.5,0.1,1,9,7,57.4,0,0,1,0,2,7,7,N
5,11,9.9,0.5,0,7,19,0.5,0.1,1,12,7.7,76,0,0,1,0,2,7,7,N
3,8,11.2,1,0,3,13,1,0.3,1,10,4,45,0,50,4,1,2,3,2,N
2,5,5.1,0.5,0,4,9,0.5,0.2,0,5,5,25.3,0,50,4,1,2,6,6,N
2,5,6.2,0.5,0,4,11,0.5,0.2,0,7,5,30.9,0,80,7,4,2,6,6,N
3,6,6.7,0.3,0,10,21,0.3,0.1,0,11,10,66.6,0,50,4,1,3,10,12,N
2,5,5.1,0.5,0,4,9,0.5,0.2,0,5,5,25.3,0,50,4,1,2,6,6,N
2,5,6.2,0.5,0,4,11,0.5,0.2,0,7,5,30.9,0,80,7,4,2,6,6,N
3,6,6.7,0.3,0,10,21,0.3,0.1,0,11,10,66.6,0,50,4,1,3,10,12,N
2,9,4,0.5,0,7,18,0.5,0.1,0,11,15.8,62.3,0,50,4,1,2,6,6,N
2,6,8,1,0,2,8,1,0.3,0,6,3,24,0,50,4,1,2,2,1,N
2,6,8,1,0,2,8,1,0.3,0,6,3,24,0,50,4,1,2,2,1,N
2,6,8,1,0,2,8,1,0.3,0,6,3,24,0,50,4,1,2,2,1,N
2,6,8,1,0,2,8,1,0.3,0,6,3,24,0,50,5,1,2,2,1,N
2,6,8,1,0,2,8,1,0.3,0,6,3,24,0,50,4,1,2,2,1,N
2,9,5.9,0.3,0,6,23,0.3,0.1,0,17,13.5,79.6,0,50,4,1,2,6,7,N
2,6,8,1,0,2,8,1,0.3,0,6,3,24,0,50,4,1,2,2,1,N
3,8,11.2,1,4,3,13,1,0.3,1,10,4,45,0,83.3,8,1,2,3,2,N
2,6,7,0.5,0,4,14,0.5,0.2,0,10,6,42,0,50,4,1,2,5,5,N
2,6,8,1,0,2,8,1,0.3,0,6,3,24,0,50,4,1,2,2,1,N
3,8,7.8,1,0,4,12,0.5,0.2,1,8,5.3,41.5,0,0,2,0,1,6,6,N
13,10,27.2,0.8,4,16,37,0.3,0.2,4,21,6.2,167.4,0.1,86.7,17,9,2,11,13,N
14,11,27.2,0.8,3,20,46,0.3,0.1,5,26,7.9,213.6,0.1,86.7,17,10,2,12,14,N
14,11,27,0.8,3,21,48,0.3,0.1,5,27,8.3,222.9,0.1,86.7,17,10,2,12,14,N
8,15,10.5,0.8,0,29,63,0.3,0,2,34,27.2,285,0.1,80,17,12,2,13,15,N
10,16,13.1,0.8,0,31,69,0.3,0,3,38,24.8,324.3,0.1,80,17,12,2,14,16,N
5,8,12.3,1,0,6,16,0.5,0.2,2,10,4.8,59.2,0,80,7,4,1,7,7,N
6,8,13.9,1,0,7,17,0.5,0.2,2,10,4.7,64.7,0,80,7,4,2,7,7,N
3,8,6.2,1,0,8,19,0.5,0.1,2,11,10.7,65.7,0,66.7,5,2,0,8,8,N
5,8,12.3,1,0,6,16,0.5,0.2,2,10,4.8,59.2,0,80,7,4,1,7,7,N
6,8,13.9,1,0,7,17,0.5,0.2,2,10,4.7,64.7,0,80,7,4,2,7,7,N
3,8,6.2,1,0,8,19,0.5,0.1,2,11,10.7,65.7,0,66.7,5,2,0,8,8,N
7,9,15.9,1,0,9,23,1,0.2,3,14,5.8,92,0,80,7,4,2,9,10,N
8,9,17.4,1,0,10,24,1,0.2,3,14,5.6,98.1,0,80,8,4,3,9,10,N
6,8,13.5,1,0,14,33,0.3,0.1,4,19,9.3,125.6,0,75,6,3,0,15,16,N
5,8,12.3,1,0,6,16,0.5,0.2,2,10,4.8,59.2,0,80,7,4,1,7,7,N
6,8,13.9,1,0,7,17,0.5,0.2,2,10,4.7,64.7,0,80,7,4,2,7,7,N
3,8,6.2,1,0,8,19,0.5,0.1,2,11,10.7,65.7,0,66.7,5,2,0,8,8,N
5,8,12.3,1,0,6,16,0.5,0.2,2,10,4.8,59.2,0,80,7,4,1,7,7,N
6,8,13.9,1,0,7,17,0.5,0.2,2,10,4.7,64.7,0,80,7,4,2,7,7,N
3,8,6.2,1,0,8,19,0.5,0.1,2,11,10.7,65.7,0,66.7,5,2,0,8,8,N
5,8,12.3,1,0,6,16,0.5,0.2,2,10,4.8,59.2,0,80,7,4,1,7,7,N
6,8,13.9,1,0,7,17,0.5,0.2,2,10,4.7,64.7,0,80,7,4,2,7,7,N
3,8,6.2,1,0,8,19,0.5,0.1,2,11,10.7,65.7,0,66.7,5,2,0,8,8,N
13,10,27.2,0.8,4,16,37,0.3,0.2,4,21,6.2,167.4,0.1,86.7,17,9,2,11,13,N
22,20,27.6,0.8,7,46,107,0.8,0.1,6,61,20.9,577,0.2,87.5,43,28,3,24,30,N
13,10,25.9,0.8,0,20,44,0.3,0.1,5,24,7.7,199,0.1,90,12,9,2,12,14,N
14,10,28.1,0.8,0,21,46,0.3,0.1,5,25,7.5,210.9,0.1,90,12,9,2,12,14,N
1,6,6.6,1,0,1,7,1,0.3,1,6,3,19.7,0,50,4,1,0,3,2,N
15,17,27.8,0.9,2,20,63,0.6,0.1,9,43,11.3,315,0.1,90.9,24,18,1,22,28,N
2,5,6,0.5,0,3,8,0.5,0.3,0,5,3.8,22.5,0,50,4,1,0,5,5,N
6,16,10,1,0,13,39,0.3,0.1,3,26,17.3,173.9,0.1,80,7,4,1,14,15,N
6,7,16.7,1,0,8,21,0.5,0.2,3,13,4.7,77.7,0,75,10,6,1,7,7,N
7,7,20,1,0,8,21,0.5,0.3,3,13,4,80,0,77.8,11,7,1,8,8,N
9,19,11.8,0.8,1,25,65,0.3,0,3,40,26.4,312.5,0.1,87.5,18,13,1,18,20,N
15,17,20.1,0.8,5,39,89,0.2,0.1,8,50,22.1,445,0.2,86.2,31,20,1,30,34,N
7,12,11.1,0.5,1,13,29,0.5,0.1,2,16,11.1,123.2,0,70,12,6,2,7,7,N
10,18,13.2,1,1,19,47,0.3,0.1,4,28,17.1,226,0.1,75,15,8,3,13,14,N
11,18,14.4,1,1,21,51,0.3,0.1,5,30,17.2,247.8,0.1,75,15,8,3,14,15,N
9,17,13.4,1,1,19,51,0.3,0.1,4,32,17.9,239.7,0.1,76.9,15,9,1,15,16,N
2,5,6,0.5,0,3,8,0.5,0.3,0,5,3.8,22.5,0,0,2,0,0,5,5,N
7,9,15.9,1,0,9,23,1,0.2,2,14,5.8,92,0,80,8,4,2,9,10,N
7,9,16.6,1,0,9,24,1,0.2,2,15,5.8,96,0,71.4,10,5,2,9,10,N
11,21,14,0.8,1,36,96,0.2,0,4,60,34.4,480,0.2,89.5,21,16,1,26,29,N
13,17,18.5,1,1,26,64,0.3,0.1,4,38,17,314,0.1,76.9,16,9,4,18,20,N
16,20,20.1,1,1,51,124,0.1,0,4,73,31.9,641.1,0.2,88.9,22,15,6,32,37,N
13,17,18.2,1,1,26,63,0.3,0.1,4,37,17,309.1,0.1,76.9,17,9,5,18,20,N
9,17,14.4,1,1,26,75,0.3,0,5,49,24.6,352.5,0.1,78.6,16,10,1,23,25,N
2,5,6,0.5,0,3,8,0.5,0.3,0,5,3.8,22.5,0,50,4,1,0,5,5,N
9,15,12.4,1,0,24,54,0.3,0.1,4,30,20,247.6,0.1,85.7,9,6,1,20,22,N
9,13,14.1,1,0,21,48,0.3,0.1,4,27,15.2,214.1,0.1,80,12,8,0,16,18,N
5,12,9.8,0.7,0,8,23,1,0.1,2,15,9.6,94,0,75,6,3,1,10,11,N
5,7,13.7,1,0,6,16,0.5,0.2,2,10,4.2,57.4,0,80,7,4,1,7,7,N
5,7,13.7,1,0,6,16,0.5,0.2,2,10,4.2,57.4,0,80,7,4,1,7,7,N
9,19,11.9,0.8,1,26,68,0.3,0,3,42,27.4,326.9,0.1,88.2,19,14,1,19,21,N
8,16,13.8,1,0,16,48,0.3,0.1,3,32,16,220.1,0.1,85.7,9,6,1,14,15,N
6,9,13,1,0,10,25,0.5,0.1,2,15,7.5,97.7,0,71.4,9,5,0,7,7,N
13,17,17.2,0.8,5,37,85,0.2,0,7,48,24.2,417.1,0.1,86.2,31,20,1,29,33,N
7,18,8.8,1,1,18,44,0.3,0,3,26,23.1,204.3,0.1,75,14,8,2,12,13,N
7,17,10.2,1,1,17,46,0.3,0.1,3,29,20.6,210.9,0.1,76.9,15,9,1,14,15,N
2,6,7.3,1,1,3,11,0.5,0.2,2,8,4.5,33,0,80,7,3,0,6,6,N
16,24,19.4,1,7,55,150,0.8,0,6,95,41.3,798.3,0.3,90.7,47,32,3,30,37,N
6,9,12.7,1,0,7,17,0.5,0.2,5,10,5.3,66.4,0,66.7,7,4,0,9,9,N
7,9,16.9,1,0,7,19,0.5,0.2,2,12,4.5,76,0,66.7,5,2,3,6,6,N
9,12,18,0.7,1,11,30,1,0.1,2,19,7.3,131.8,0,88.9,14,7,4,8,9,N
5,7,13.3,1,0,5,13,0.5,0.3,2,8,3.5,46.6,0,66.7,5,2,1,6,6,N
2,5,6,1,0,3,8,0.5,0.3,1,5,3.8,22.5,0,66.7,5,2,0,5,5,N
3,5,9,0.5,0,4,10,0.5,0.3,0,6,3.3,30,0,50,4,1,1,5,5,N
13,13,22.6,1,1,25,60,0.3,0.1,4,35,12.5,282,0.1,76,29,18,4,11,12,N
11,10,22.8,1,0,14,33,0.3,0.2,2,19,6.4,145,0.1,87.5,10,7,2,9,10,N
6,8,15,1,0,8,21,0.5,0.2,2,13,5.3,80,0,77.8,11,7,1,7,7,N
76,16,157,0.1,26,244,618,0.1,0,10,374,25.7,4031.6,1.3,97.9,96,66,0,85,98,Y
13,13,20.4,0.5,2,18,39,0.5,0.1,2,21,9,183.3,0.1,87.5,10,5,0,9,9,N
83,12,219.6,0.6,26,387,935,0.1,0,9,548,28,6142.8,2.1,95,121,87,0,58,64,N
13,13,28.2,1,3,20,60,0.3,0.1,3,40,10,282,0.1,92.9,21,10,5,10,11,N
14,13,27.9,1,5,22,60,0.3,0.1,9,38,10.2,285.3,0.1,94.1,19,11,2,18,20,N
30,18,53.4,1,21,123,353,1,0,7,230,36.9,1971.5,0.7,93.2,120,89,2,92,106,N
10,16,15.9,1,2,20,54,0.3,0.1,9,34,16,253.8,0.1,84.6,15,9,0,21,23,N
11,16,17.8,1,2,21,57,0.6,0.1,9,36,15.3,271,0.1,81.3,18,11,0,23,26,N
10,16,15.9,1,2,20,54,0.3,0.1,9,34,16,253.8,0.1,84.6,15,9,0,21,23,N
3,8,6.7,1,0,7,18,0.5,0.1,3,11,9.3,62.3,0,66.7,5,2,0,9,9,N
3,8,6.7,1,0,7,18,0.5,0.1,3,11,9.3,62.3,0,66.7,5,2,0,9,9,N
3,8,6.7,1,0,7,18,0.5,0.1,3,11,9.3,62.3,0,66.7,5,2,0,9,9,N
3,8,6.7,1,0,7,18,0.5,0.1,3,11,9.3,62.3,0,66.7,5,2,0,9,9,N
3,8,6.7,1,0,7,18,0.5,0.1,3,11,9.3,62.3,0,66.7,5,2,0,9,9,N
21,19,28.3,0.3,17,67,161,0.4,0,7,94,30.3,856.8,0.3,96.3,60,35,5,26,31,Y
22,10,48.4,1,6,50,110,0.5,0.1,3,60,11.4,550,0.2,95,22,13,0,12,12,N
9,11,16,1,1,15,34,0.5,0.1,2,19,9.2,147,0.1,75,10,5,0,10,10,N
13,10,27.9,1,1,27,64,0.5,0.1,3,37,10.4,289.5,0.1,77.8,11,6,0,10,10,N
40,16,64.1,0.8,13,149,329,0.8,0,3,180,29.8,1910.6,0.6,94.2,54,36,0,18,20,N
8,16,14.8,1,1,17,55,1,0.1,8,38,17,252.2,0.1,75,14,8,2,15,16,N
18,15,27.5,0.7,4,33,75,1,0.1,1,42,13.8,378.3,0.1,92.3,15,8,3,6,7,Y
7,8,19.5,1,1,7,20,0.5,0.3,3,13,4,78.1,0,83.3,8,4,0,7,7,N
8,10,14.9,0.5,2,13,29,0.5,0.1,0,16,8.1,120.9,0,87.5,10,5,2,5,5,N
24,15,36.9,0.8,10,55,120,0.8,0.1,8,65,17.2,634.3,0.2,97.1,36,23,2,32,38,Y
14,14,23.8,0.7,1,34,84,1,0.1,1,50,17,403.8,0.1,82.4,23,13,5,9,10,N
11,18,14.6,0.9,10,50,123,0.7,0,3,73,40.9,597.5,0.2,86.5,54,35,2,25,30,N
6,8,13.9,1,3,7,17,0.5,0.2,1,10,4.7,64.7,0,81.8,13,6,1,5,5,N
13,15,20.6,0.7,5,21,52,1,0.1,1,31,12.1,250,0.1,87.5,19,9,4,8,9,N
42,13,81.5,0.5,15,99,216,0.5,0.1,4,117,15.3,1248.8,0.4,97.4,42,23,2,20,20,Y
7,13,12,0.3,3,14,36,1,0.1,0,22,13,155.6,0.1,84.6,15,8,3,6,7,N
13,16,19.7,0.2,5,24,60,1,0.1,0,36,14.8,291.5,0.1,88.2,19,10,4,12,16,N
13,17,18.9,0.2,3,25,63,0.6,0.1,0,38,16.4,309.1,0.1,88.9,20,13,4,12,15,N
11,14,22.4,0.7,0,15,46,0.3,0.1,2,31,9.6,213.6,0.1,75,14,9,0,9,10,N
6,9,16.4,1,0,7,22,0.5,0.2,1,15,5.3,86,0,71.4,9,5,2,6,6,N
14,13,24.2,0.4,13,90,213,0.2,0,3,123,41.8,1012.8,0.3,93,49,27,5,24,27,Y
32,17,52.3,0.9,34,129,319,0.1,0,13,190,34.3,1791.1,0.6,96.2,113,67,7,40,45,Y
32,14,62.6,1,29,136,337,0.1,0,8,201,29.8,1861.4,0.6,94.7,86,43,9,40,45,N
12,11,20.2,0.6,4,43,88,0.2,0.1,2,45,19.7,398.1,0.1,88.2,19,11,0,24,27,N
32,12,65.2,0.3,8,92,206,0.3,0.1,4,114,17.3,1124.6,0.4,91.9,39,26,0,17,18,N
17,14,27.6,0.7,7,31,71,0.3,0.1,3,40,12.8,351.8,0.1,90,22,11,0,13,14,Y
11,13,21.6,1,3,18,50,0.3,0.1,3,32,10.6,229.3,0.1,91.7,16,8,3,10,11,N
14,13,27.9,1,4,22,60,0.3,0.1,9,38,10.2,285.3,0.1,93.8,18,11,2,18,20,N
2,6,5.5,1,1,4,11,0.5,0.2,1,7,6,33,0,80,7,3,0,5,5,N
7,10,15.7,0.5,2,8,22,0.5,0.2,1,14,5.7,89.9,0,87.5,10,5,0,7,7,N
10,11,20,0.5,1,10,25,0.5,0.2,1,15,5.5,109.8,0,87.5,10,6,1,7,7,N
4,6,12.2,1,0,4,11,0.5,0.3,2,7,3,36.5,0,66.7,5,2,0,6,6,N
4,6,12.2,1,0,4,11,0.5,0.3,2,7,3,36.5,0,66.7,5,2,0,6,6,N
4,6,12.2,1,0,4,11,0.5,0.3,2,7,3,36.5,0,66.7,5,2,0,6,6,N
11,11,20.8,1,1,18,42,1,0.1,4,24,9,187.3,0.1,85.7,18,11,3,10,11,N
10,14,14.9,0.3,4,22,50,0.3,0.1,2,28,15.4,229.3,0.1,87.5,18,10,0,14,16,N
43,12,105.6,0.5,6,82,209,0.5,0.1,4,127,11.4,1208.3,0.4,93.3,34,22,4,26,26,N
5,10,13.4,1,0,7,24,0.5,0.1,4,17,7,93.8,0,71.4,9,5,0,8,8,N
20,11,45,1,3,26,65,0.3,0.1,9,39,7.2,322,0.1,83.3,20,12,0,17,18,N
3,11,8.1,1,0,8,31,0.5,0.1,3,23,14.7,118,0,75,10,6,0,7,7,N
7,6,28.1,1,0,8,26,0.5,0.3,5,18,3.4,96.2,0,77.8,11,7,1,9,9,N
5,10,10.3,1,0,11,29,0.3,0.1,3,18,11,113.3,0,0,1,0,2,8,9,N
16,20,22.6,0.7,12,44,120,0.7,0,9,76,27.5,620.4,0.2,86.4,46,26,1,30,35,N
14,9,27.3,1,3,17,33,0.5,0.2,6,16,5.5,149.3,0.1,86.7,16,10,2,10,10,N
6,9,13,1,1,10,25,0.5,0.1,3,15,7.5,97.7,0,71.4,9,4,0,10,10,N
99,17,164.5,1,4,235,484,0.2,0.1,9,249,20.2,3319.3,1.1,94.1,89,76,4,74,78,N
6,8,13.9,1,0,7,17,0.5,0.2,2,10,4.7,64.7,0,80,7,4,0,6,6,N
6,8,13.9,1,0,7,17,0.5,0.2,2,10,4.7,64.7,0,80,7,4,0,6,6,N
17,14,25,0.8,6,25,52,0.8,0.1,4,27,10.3,257.6,0.1,82.6,24,13,2,17,19,N
7,10,13.8,1,1,12,29,0.5,0.1,3,17,8.6,118.5,0,80,7,3,0,9,9,N
22,14,35,0.8,6,33,71,0.8,0.1,5,38,10.5,367.1,0.1,84.6,27,16,2,21,24,N
12,10,24.1,0.8,3,20,45,0.2,0.1,1,25,8.3,200.7,0.1,85,22,14,0,15,18,Y
23,14,40.3,1,12,62,146,0.3,0.1,4,84,18.9,760.6,0.3,91.5,49,31,0,25,27,N
6,5,17.6,1,1,8,17,0.5,0.3,3,9,3.3,58.8,0,83.3,8,4,0,10,10,N
42,30,36,0.7,17,116,242,0.4,0,5,126,41.4,1493.1,0.5,94.8,79,56,1,30,37,N
12,7,29.1,0.2,2,16,32,0.2,0.2,1,16,4.7,135.9,0.1,92.3,15,10,0,15,18,N
40,10,100.6,0.6,21,70,156,0.6,0.1,7,86,8.8,880.4,0.3,89.2,76,45,0,34,42,N
13,11,22.4,1,4,29,60,0.5,0.1,2,31,12.3,275.1,0.1,87.5,18,10,1,12,12,N
14,11,24.5,1,4,29,60,0.5,0.1,2,31,11.4,278.6,0.1,87.5,18,10,1,12,12,N
35,7,122,1,7,61,138,0.5,0.2,6,77,6.1,744.1,0.3,92.9,46,32,4,33,33,N
13,7,41.7,1,8,25,65,0.3,0.2,3,40,6.7,280.9,0.1,88.9,29,16,0,9,10,Y
8,9,16.5,0.3,1,19,43,0.3,0.1,0,24,10.7,175.8,0.1,76.2,23,15,4,11,13,N
