HALSTEAD_LEVEL,PARAMETER_COUNT,CYCLOMATIC_COMPLEXITY,CYCLOMATIC_DENSITY,NUM_UNIQUE_OPERATORS,LOC_EXECUTABLE,NODE_COUNT,ESSENTIAL_COMPLEXITY,DESIGN_COMPLEXITY,BRANCH_COUNT,CALL_PAIRS,NORMALIZED_CYLOMATIC_COMPLEXITY,MODIFIED_CONDITION_COUNT,DECISION_COUNT,MAINTENANCE_SEVERITY,MULTIPLE_CONDITION_COUNT,CONDITION_COUNT,DESIGN_DENSITY,LOC_COMMENTS,NUM_UNIQUE_OPERANDS,Defective
0.03,4,4,0.24,14,3,12,1,1,7,1,0.2,3,6,0.25,6,12,0.25,0,9,N
0.04,5,4,0.24,14,3,13,1,2,7,2,0.2,3,6,0.25,6,12,0.5,0,10,N
0.14,3,4,0.8,7,1,10,1,1,7,0,0.5,3,6,0.25,6,12,0.25,0,3,N
0.4,3,2,1.0,5,1,5,1,1,3,0,0.5,1,2,0.5,2,4,0.5,0,2,N
0.4,3,2,1.0,5,1,5,1,1,3,0,0.11,1,2,0.5,2,4,0.5,14,2,N
0.07,3,2,0.29,9,2,7,1,2,3,1,0.2,1,2,0.5,2,4,1.0,0,4,N
0.08,4,2,0.29,9,2,7,1,2,3,1,0.18,1,2,0.5,2,4,1.0,0,5,N
0.3,4,2,1.0,5,2,6,1,1,3,0,0.4,1,2,0.5,2,4,0.5,0,3,N
0.3,4,2,1.0,5,2,6,1,1,3,0,0.4,1,2,0.5,2,4,0.5,0,3,N
0.3,4,2,1.0,5,2,6,1,1,3,0,0.4,1,2,0.5,2,4,0.5,0,3,N
0.05,5,4,0.13,13,4,19,4,4,7,6,0.12,3,6,1.0,6,12,1.0,1,19,N
0.05,4,4,0.13,14,4,17,4,3,7,5,0.12,3,6,1.0,6,12,0.75,1,18,N
0.05,5,4,0.16,14,4,15,4,4,7,3,0.13,3,6,1.0,6,12,1.0,1,15,N
0.05,4,4,0.16,15,4,13,4,2,7,2,0.14,3,6,1.0,6,12,0.5,1,14,N
0.09,2,2,0.25,8,2,7,1,2,3,2,0.18,1,2,0.5,2,4,1.0,0,5,N
0.09,3,2,0.25,8,2,7,1,2,3,2,0.18,1,2,0.5,2,4,1.0,0,6,N
0.13,2,2,0.25,7,2,6,1,1,3,0,0.2,1,2,0.5,2,4,0.5,0,4,N
0.09,7,2,0.17,10,2,10,1,2,3,6,0.12,1,2,0.5,2,4,1.0,0,15,N
0.09,8,2,0.17,10,2,10,1,2,3,6,0.11,1,2,0.5,2,4,1.0,0,16,N
0.07,4,3,0.23,11,1,16,1,2,5,6,0.17,2,4,0.33,4,8,0.67,0,16,N
0.07,2,2,0.18,10,2,9,1,2,3,3,0.14,1,2,0.5,2,4,1.0,0,8,N
0.06,3,2,0.18,10,2,9,1,2,3,3,0.14,1,2,0.5,2,4,1.0,0,9,N
0.09,2,3,0.75,11,1,11,1,2,5,2,0.5,2,4,0.33,4,8,0.67,0,6,N
0.1,3,3,0.75,11,1,11,1,2,5,2,0.43,2,4,0.33,4,8,0.67,0,7,N
0.1,3,2,0.22,9,2,6,1,2,3,2,0.17,1,2,0.5,2,4,1.0,0,6,N
0.12,4,2,0.22,8,2,7,1,2,3,3,0.17,1,2,0.5,2,4,1.0,0,7,N
0.07,5,3,0.14,13,3,13,1,2,5,4,0.12,2,4,0.33,4,8,0.67,1,14,N
0.06,4,3,0.14,14,3,12,1,2,5,3,0.12,2,4,0.33,4,8,0.67,1,13,N
0.07,5,3,0.18,13,3,10,1,2,5,1,0.13,2,4,0.33,4,8,0.67,1,10,N
0.07,4,3,0.18,12,3,9,1,1,5,0,0.14,2,4,0.33,4,8,0.33,1,9,N
0.08,5,3,0.3,14,2,9,3,2,5,1,0.23,2,4,1.0,4,8,0.67,0,10,N
0.08,4,3,0.33,14,2,9,3,2,5,1,0.25,2,4,1.0,4,8,0.67,0,9,N
0.08,3,6,0.43,5,1,16,1,1,11,0,0.38,5,10,0.17,10,20,0.17,0,3,N
0.06,4,6,0.43,6,1,21,1,4,11,1,0.38,5,10,0.17,10,20,0.67,0,4,N
0.04,8,5,0.12,13,6,27,3,4,9,10,0.11,4,6,0.6,7,14,0.8,0,26,N
0.04,9,5,0.12,13,6,27,3,4,9,10,0.11,4,6,0.6,7,14,0.8,0,27,N
0.03,5,7,0.35,14,4,20,7,5,13,1,0.27,6,12,1.0,12,24,0.71,0,7,N
0.03,6,7,0.35,13,4,21,7,7,13,2,0.26,6,12,1.0,12,24,1.0,0,8,N
0.05,4,2,0.2,11,2,8,1,2,3,2,0.13,1,2,0.5,2,4,1.0,2,9,N
0.06,5,2,0.2,11,2,8,1,2,3,2,0.12,1,2,0.5,2,4,1.0,2,10,N
0.09,5,2,0.17,9,2,8,1,2,3,2,0.11,1,2,0.5,2,4,1.0,2,10,N
0.09,6,2,0.17,9,2,8,1,2,3,2,0.11,1,2,0.5,2,4,1.0,2,11,N
0.03,5,6,0.18,16,4,27,3,4,11,8,0.16,5,8,0.5,9,18,0.67,0,21,N
0.04,6,6,0.18,15,4,28,3,5,11,9,0.16,5,8,0.5,9,18,0.83,0,22,N
0.07,4,3,0.25,14,2,11,1,2,5,3,0.2,2,4,0.33,4,8,0.67,0,11,N
0.06,5,3,0.25,14,2,11,1,2,5,3,0.2,2,4,0.33,4,8,0.67,0,12,N
0.11,4,3,0.5,8,1,12,1,2,5,4,0.33,2,4,0.33,4,8,0.67,0,9,N
0.1,5,3,0.5,8,1,13,1,3,5,5,0.33,2,4,0.33,4,8,1.0,0,10,N
0.05,7,6,0.38,14,2,18,4,4,11,4,0.27,5,8,0.67,9,18,0.67,0,12,N
0.05,6,6,0.38,15,2,17,4,3,11,3,0.27,5,8,0.67,9,18,0.5,0,11,N
0.06,4,3,0.33,12,2,7,3,1,5,0,0.25,2,2,1.0,3,6,0.33,0,7,N
0.06,5,3,0.33,13,2,8,3,2,5,1,0.25,2,2,1.0,3,6,0.67,0,8,N
0.05,3,3,0.18,14,4,10,1,3,5,3,0.15,2,4,0.33,4,8,1.0,0,10,N
0.05,4,3,0.18,14,4,10,1,3,5,3,0.15,2,4,0.33,4,8,1.0,0,11,N
0.08,3,3,0.75,12,1,11,1,2,5,2,0.43,2,4,0.33,4,8,0.67,0,7,N
0.09,2,4,0.67,11,1,9,4,2,7,1,0.44,3,4,1.0,5,10,0.5,0,4,N
0.15,2,2,1.0,8,1,6,1,2,3,1,0.4,1,2,0.5,2,4,1.0,0,3,N
0.07,4,4,0.33,10,3,15,3,2,7,1,0.27,3,6,0.75,6,12,0.5,0,5,N
0.12,4,2,0.4,8,1,8,1,2,3,3,0.22,1,2,0.5,2,4,1.0,0,7,N
0.06,7,4,0.2,10,4,14,3,3,7,4,0.15,3,4,0.75,5,10,0.75,0,12,N
0.05,5,3,0.21,12,2,9,1,1,5,0,0.18,2,4,0.33,4,8,0.33,0,7,N
0.04,7,6,0.27,18,3,21,5,2,11,3,0.21,5,10,0.83,10,20,0.33,3,14,N
0.04,6,6,0.27,17,3,20,5,1,11,2,0.21,5,10,0.83,10,20,0.17,3,13,N
0.04,5,7,0.3,19,3,18,7,1,13,2,0.23,6,10,1.0,11,22,0.14,4,13,N
0.04,6,7,0.3,20,3,19,7,2,13,3,0.23,6,10,1.0,11,22,0.29,4,14,N
0.12,5,2,0.18,9,1,9,1,2,3,5,0.13,1,2,0.5,2,4,1.0,0,13,N
0.03,8,8,0.18,19,7,31,4,4,15,7,0.15,7,12,0.5,13,26,0.5,0,22,N
0.16,4,2,0.29,7,1,10,1,2,3,5,0.15,1,2,0.5,2,4,1.0,1,11,N
0.09,4,2,0.18,10,2,10,1,2,3,6,0.13,1,2,0.5,2,4,1.0,0,12,N
0.09,5,2,0.18,10,2,10,1,2,3,6,0.13,1,2,0.5,2,4,1.0,0,13,N
0.05,5,2,0.13,11,3,9,1,2,3,3,0.11,1,2,0.5,2,4,1.0,0,13,N
0.05,6,2,0.12,11,3,9,1,2,3,3,0.1,1,2,0.5,2,4,1.0,0,14,N
0.18,3,2,0.67,7,1,8,1,2,3,1,0.33,1,2,0.5,2,4,1.0,0,5,N
0.19,4,2,0.67,7,1,8,1,2,3,1,0.29,1,2,0.5,2,4,1.0,0,6,N
0.09,2,2,0.22,7,2,6,1,1,3,0,0.18,1,2,0.5,2,4,0.5,0,3,N
0.09,3,2,0.22,8,2,7,1,2,3,1,0.18,1,2,0.5,2,4,1.0,0,4,N
0.05,3,5,0.5,13,2,15,3,2,9,1,0.36,4,8,0.6,8,16,0.4,0,5,N
0.05,4,5,0.5,13,2,17,3,5,9,2,0.36,4,8,0.6,8,16,1.0,0,6,N
0.07,3,3,0.6,9,1,7,1,1,5,0,0.38,2,4,0.33,4,8,0.33,0,3,N
0.07,4,3,0.6,12,1,8,1,2,5,1,0.3,2,4,0.33,4,8,0.67,0,4,N
0.06,5,3,0.25,12,3,8,1,2,5,1,0.19,2,4,0.33,4,8,0.67,0,5,N
0.07,4,3,0.25,9,3,7,1,1,5,0,0.2,2,4,0.33,4,8,0.33,0,4,N
0.07,5,3,0.15,13,3,13,1,2,5,4,0.12,2,4,0.33,4,8,0.67,1,14,N
0.06,4,3,0.14,14,3,12,1,2,5,3,0.12,2,4,0.33,4,8,0.67,1,13,N
0.07,5,3,0.19,13,3,10,1,2,5,1,0.14,2,4,0.33,4,8,0.67,1,10,N
0.07,4,3,0.18,12,3,9,1,1,5,0,0.14,2,4,0.33,4,8,0.33,1,9,N
0.17,1,2,1.0,6,1,6,1,1,3,0,0.5,1,2,0.5,2,4,0.5,0,2,N
0.12,1,3,0.75,9,1,12,1,3,5,4,0.5,2,4,0.33,4,8,1.0,0,7,N
0.05,2,4,0.44,10,2,11,4,1,7,0,0.36,3,6,1.0,6,12,0.25,0,3,N
0.05,3,4,0.44,12,2,12,4,2,7,1,0.33,3,6,1.0,6,12,0.5,0,4,N
0.16,2,2,0.25,11,2,7,1,2,3,2,0.14,1,2,0.5,2,4,1.0,4,9,N
0.16,2,2,0.25,11,2,7,1,2,3,2,0.14,1,2,0.5,2,4,1.0,4,9,N
0.08,3,3,0.5,14,1,16,1,3,5,7,0.18,2,4,0.33,4,8,1.0,6,13,N
0.22,1,2,0.67,6,1,9,1,2,3,4,0.4,1,2,0.5,2,4,1.0,0,6,N
0.12,3,2,0.5,11,1,10,1,2,3,5,0.22,1,2,0.5,2,4,1.0,0,10,N
0.19,1,2,0.67,9,1,6,1,2,3,2,0.4,1,2,0.5,2,4,1.0,0,6,N
0.19,1,2,0.67,9,1,6,1,2,3,2,0.4,1,2,0.5,2,4,1.0,0,6,N
0.11,1,2,0.67,9,1,8,1,2,3,2,0.4,1,2,0.5,2,4,1.0,0,5,N
0.08,4,3,0.43,15,1,15,1,2,5,7,0.2,2,4,0.33,4,8,0.67,2,16,N
0.12,2,2,0.33,10,1,9,1,2,3,5,0.17,1,2,0.5,2,4,1.0,2,11,N
0.16,3,2,0.4,10,1,10,1,2,3,4,0.22,1,2,0.5,2,4,1.0,0,8,N
0.13,3,2,0.4,10,1,8,1,2,3,4,0.17,1,2,0.5,2,4,1.0,2,10,N
0.1,3,3,0.6,13,1,11,1,3,5,4,0.25,2,4,0.33,4,8,1.0,2,11,N
0.25,0,2,0.5,6,1,11,1,2,3,6,0.25,1,2,0.5,2,4,1.0,2,3,N
0.18,1,3,0.75,8,1,13,3,3,5,7,0.38,2,2,1.0,3,6,1.0,2,5,N
0.09,3,4,2.0,8,1,7,3,1,7,0,1.0,4,2,0.75,7,10,0.25,0,3,N
0.33,2,1,0.5,6,1,3,1,1,1,1,0.2,1,2,1.0,2,4,1.0,0,3,N
0.11,3,2,0.67,11,1,6,1,1,3,1,0.33,2,2,0.5,3,6,0.5,0,5,N
0.13,4,2,0.67,9,1,6,1,2,3,2,0.33,2,2,0.5,3,6,1.0,0,6,N
0.09,1,3,0.38,12,2,13,3,3,5,6,0.3,2,2,1.0,3,6,1.0,0,8,N
0.07,3,4,0.44,17,1,17,1,2,7,5,0.22,3,6,0.25,6,12,0.5,4,15,N
0.04,3,9,0.23,15,6,29,3,3,17,2,0.2,8,16,0.33,16,32,0.33,0,15,N
0.13,3,2,0.4,11,1,9,1,2,3,4,0.22,1,2,0.5,2,4,1.0,0,11,N
0.15,3,2,0.67,8,1,5,1,1,3,0,0.33,1,2,0.5,2,4,0.5,0,3,N
0.15,3,2,0.67,8,1,5,1,1,3,0,0.29,1,2,0.5,2,4,0.5,0,3,N
0.2,4,3,1.0,8,1,7,1,1,5,0,0.6,2,4,0.33,4,8,0.33,0,4,N
0.2,4,3,1.0,8,1,8,1,2,5,1,0.5,2,4,0.33,4,8,0.67,0,4,N
0.21,0,2,1.0,7,1,7,1,1,3,1,0.5,1,2,0.5,2,4,0.5,0,3,N
0.2,2,2,0.33,6,2,6,1,2,3,1,0.25,1,2,0.5,2,4,1.0,0,3,N
0.11,1,2,0.5,12,1,5,1,1,3,0,0.33,1,2,0.5,2,4,0.5,0,2,N
0.21,0,2,1.0,7,1,7,1,2,3,2,0.5,1,2,0.5,2,4,1.0,0,3,N
0.13,1,4,0.8,11,1,11,1,2,7,2,0.57,3,6,0.25,6,12,0.5,0,9,N
0.21,3,2,1.0,7,1,5,1,1,3,0,0.5,1,2,0.5,2,4,0.5,0,3,N
0.18,3,2,0.67,9,1,5,1,1,3,0,0.4,1,2,0.5,2,4,0.5,0,4,N
0.07,2,5,0.31,16,4,21,5,5,9,3,0.21,4,8,1.0,8,16,1.0,4,12,N
0.03,2,7,0.21,22,5,32,7,5,13,4,0.19,6,6,1.0,9,18,0.71,1,13,N
0.13,3,3,0.75,8,1,6,3,1,5,0,0.5,2,2,1.0,3,6,0.33,0,3,N
0.09,4,2,0.22,9,2,8,1,2,3,1,0.14,1,2,0.5,2,4,1.0,0,7,N
0.09,5,2,0.22,9,2,8,1,2,3,1,0.13,1,2,0.5,2,4,1.0,0,8,N
0.1,2,5,0.31,13,4,20,5,5,9,3,0.24,4,8,1.0,8,16,1.0,1,12,N
0.12,2,4,0.5,10,2,16,4,4,7,3,0.31,3,6,1.0,6,12,1.0,1,9,N
0.11,4,3,0.33,10,2,9,3,2,5,1,0.25,2,4,1.0,4,8,0.67,0,6,N
0.12,5,3,0.33,10,2,10,3,2,5,2,0.23,2,4,1.0,4,8,0.67,0,8,N
0.1,3,3,1.0,10,1,7,3,2,5,1,0.6,2,2,1.0,3,6,0.67,0,3,N
0.07,2,6,0.35,17,4,25,5,4,11,4,0.26,5,10,0.83,10,20,0.67,2,15,N
0.08,2,5,0.56,14,2,21,4,5,9,4,0.33,4,8,0.8,8,16,1.0,2,12,N
0.07,2,4,0.36,14,2,20,4,4,7,4,0.29,3,6,1.0,6,12,1.0,0,10,N
0.04,2,4,0.27,18,3,25,3,2,7,5,0.22,3,6,0.75,6,12,0.5,0,12,N
0.05,2,4,0.36,16,2,20,4,4,7,4,0.29,3,6,1.0,6,12,1.0,0,10,N
0.19,1,2,0.5,8,1,8,1,1,3,2,0.33,1,2,0.5,2,4,0.5,0,6,N
0.15,3,2,0.67,8,1,6,1,2,3,1,0.4,1,2,0.5,2,4,1.0,0,3,N
0.19,3,2,1.0,8,1,6,1,2,3,1,0.5,1,2,0.5,2,4,1.0,0,3,N
0.16,3,2,0.67,10,1,6,1,2,3,1,0.4,1,2,0.5,2,4,1.0,0,4,N
0.09,2,2,0.4,13,1,6,1,1,3,1,0.29,1,2,0.5,2,4,0.5,0,6,N
0.07,3,5,0.24,12,3,19,4,4,9,5,0.2,4,8,0.8,8,16,0.8,2,9,N
0.04,3,3,0.18,20,2,18,1,2,5,7,0.1,2,4,0.33,4,8,0.67,8,10,N
0.06,4,5,0.45,12,2,12,4,1,9,0,0.36,4,6,0.8,7,14,0.2,0,5,N
0.06,5,5,0.45,12,2,14,4,3,9,1,0.36,4,6,0.8,7,14,0.6,0,6,N
0.11,3,3,0.75,9,1,8,1,2,5,3,0.38,2,2,0.33,3,6,0.67,0,6,N
0.12,4,3,0.75,9,1,8,1,2,5,3,0.38,2,2,0.33,3,6,0.67,0,7,N
0.09,4,4,0.8,13,1,15,3,4,7,6,0.31,3,4,0.75,5,10,1.0,2,14,N
0.1,3,6,0.32,14,2,12,1,2,8,1,0.27,1,2,0.17,2,4,0.33,0,13,N
0.27,1,3,1.5,5,1,8,1,3,5,3,0.75,3,2,0.33,4,8,1.0,0,4,N
0.3,1,2,1.0,5,1,6,1,2,3,2,0.5,2,2,0.5,3,6,1.0,0,3,N
0.3,1,2,1.0,5,1,5,1,1,3,0,0.5,2,2,0.5,3,6,0.5,0,3,N
0.25,2,1,0.5,8,1,3,1,1,1,1,0.25,1,2,1.0,2,4,1.0,0,3,N
0.11,0,4,1.0,8,1,13,1,1,7,0,0.67,3,6,0.25,6,12,0.25,0,5,N
0.12,1,4,0.8,11,1,12,1,1,7,1,0.57,3,6,0.25,6,12,0.25,0,8,N
0.12,1,4,0.8,12,1,12,1,1,7,1,0.57,3,6,0.25,6,12,0.25,0,9,N
0.25,1,2,1.0,6,1,5,1,1,3,0,0.5,2,2,0.5,3,6,0.5,0,3,N
0.15,1,5,0.83,7,1,15,1,1,9,1,0.63,4,8,0.2,8,16,0.2,0,7,N
0.14,1,6,0.86,7,1,18,1,1,11,1,0.67,5,10,0.17,10,20,0.17,0,8,N
0.16,1,3,0.75,10,1,9,1,1,5,1,0.5,2,4,0.33,4,8,0.33,0,7,N
0.15,1,5,0.83,7,1,15,1,1,9,1,0.63,4,8,0.2,8,16,0.2,0,7,N
0.17,1,2,0.67,11,1,6,1,1,3,1,0.4,1,2,0.5,2,4,0.5,0,10,N
0.08,4,6,0.86,11,2,14,5,1,11,0,0.6,6,8,0.83,10,20,0.17,0,6,N
0.07,5,6,0.86,12,2,16,5,3,11,1,0.55,6,8,0.83,10,20,0.5,0,7,N
0.5,2,2,1.0,4,0,5,1,1,3,0,2.0,2,2,0.5,3,6,0.5,0,2,N
0.5,1,1,1.0,4,0,2,1,1,1,0,1.0,1,2,1.0,2,4,1.0,0,1,N
0.5,2,2,1.0,4,0,5,1,1,3,0,2.0,2,2,0.5,3,6,0.5,0,2,N
0.13,2,2,0.5,9,1,7,1,2,3,3,0.33,1,2,0.5,2,4,1.0,0,6,N
0.14,3,2,0.5,9,1,7,1,2,3,3,0.29,1,2,0.5,2,4,1.0,0,7,N
0.2,2,2,0.4,5,1,6,1,1,3,0,0.29,1,2,0.5,2,4,0.5,0,2,N
0.2,3,2,1.0,6,1,7,1,1,3,1,0.5,1,2,0.5,2,4,0.5,0,3,N
0.05,2,4,0.67,11,1,10,1,1,7,0,0.5,3,6,0.25,6,12,0.25,0,3,N
0.06,3,4,0.67,12,1,11,1,2,7,1,0.44,3,6,0.25,6,12,0.5,0,4,N
0.2,2,2,1.0,5,1,6,1,1,3,0,0.5,1,2,0.5,2,4,0.5,0,2,N
0.2,2,2,1.0,5,1,6,1,1,3,0,0.5,1,2,0.5,2,4,0.5,0,2,N
0.05,5,4,0.44,13,2,11,3,1,7,1,0.31,3,4,0.75,5,10,0.25,0,6,N
0.06,6,4,0.44,12,2,12,3,2,7,2,0.31,3,4,0.75,5,10,0.5,0,7,N
0.2,2,2,0.4,5,1,6,1,1,3,0,0.29,1,2,0.5,2,4,0.5,0,2,N
0.2,3,2,1.0,6,1,7,1,1,3,1,0.5,1,2,0.5,2,4,0.5,0,3,N
0.05,2,4,0.67,11,1,10,1,1,7,0,0.5,3,6,0.25,6,12,0.25,0,3,N
0.06,3,4,0.67,12,1,11,1,2,7,1,0.44,3,6,0.25,6,12,0.5,0,4,N
0.2,2,2,1.0,5,1,6,1,1,3,0,0.5,1,2,0.5,2,4,0.5,0,2,N
0.2,2,2,1.0,5,1,6,1,1,3,0,0.5,1,2,0.5,2,4,0.5,0,2,N
0.09,3,3,0.38,10,2,7,3,1,5,0,0.25,2,2,1.0,3,6,0.33,0,4,N
0.1,4,3,0.38,10,2,8,3,2,5,1,0.23,2,2,1.0,3,6,0.67,0,5,N
0.04,2,6,0.24,15,4,23,5,3,11,2,0.21,5,10,0.83,10,20,0.5,1,9,N
0.05,3,6,0.24,13,4,25,5,5,11,3,0.21,5,10,0.83,10,20,0.83,1,10,N
0.16,3,2,0.67,8,1,6,1,2,3,2,0.33,1,2,0.5,2,4,1.0,0,5,N
0.17,4,2,0.67,8,1,6,1,2,3,2,0.33,1,2,0.5,2,4,1.0,0,6,N
0.33,2,1,0.5,6,1,2,1,1,1,0,0.25,1,2,1.0,2,4,1.0,0,2,N
0.29,2,2,1.0,7,1,8,1,1,3,2,0.33,1,2,0.5,2,4,0.5,0,6,N
0.29,2,2,1.0,7,1,8,1,1,3,2,0.33,1,2,0.5,2,4,0.5,0,6,N
0.33,2,1,0.5,6,1,2,1,1,1,0,0.25,1,2,1.0,2,4,1.0,0,2,N
0.33,2,1,0.5,6,1,2,1,1,1,0,0.25,1,2,1.0,2,4,1.0,0,2,N
0.19,1,2,0.5,9,1,7,1,2,3,3,0.33,1,2,0.5,2,4,1.0,0,7,N
0.14,1,3,1.0,10,1,11,1,3,5,3,0.6,2,4,0.33,4,8,1.0,0,7,N
0.05,2,2,0.13,13,2,16,1,1,3,6,0.11,1,2,0.5,2,4,0.5,0,11,N
0.29,2,2,1.0,7,1,7,1,1,3,1,0.33,1,2,0.5,2,4,0.5,0,5,N
0.29,2,2,1.0,7,1,8,1,1,3,2,0.33,1,2,0.5,2,4,0.5,0,6,N
0.29,2,2,1.0,7,1,8,1,1,3,2,0.33,1,2,0.5,2,4,0.5,0,6,N
0.07,2,3,1.5,9,1,6,1,1,5,0,0.75,3,2,0.33,4,8,0.33,0,2,N
0.03,2,6,0.55,15,1,31,1,6,11,5,0.43,5,10,0.17,10,20,1.0,0,8,N
0.29,2,2,1.0,7,1,8,1,1,3,2,0.33,1,2,0.5,2,4,0.5,0,6,N
0.29,2,2,1.0,7,1,8,1,1,3,2,0.33,1,2,0.5,2,4,0.5,0,6,N
0.33,2,1,0.5,6,1,2,1,1,1,0,0.25,1,2,1.0,2,4,1.0,0,2,N
0.33,2,1,0.5,6,1,2,1,1,1,0,0.25,1,2,1.0,2,4,1.0,0,2,N
0.06,1,4,0.22,16,4,25,1,4,7,13,0.18,3,6,0.25,6,12,1.0,2,14,N
0.25,2,1,0.5,8,1,3,1,1,1,1,0.13,1,2,1.0,2,4,1.0,4,3,N
0.29,2,2,1.0,7,1,7,1,1,3,1,0.33,1,2,0.5,2,4,0.5,0,5,N
0.29,2,2,1.0,7,1,8,1,1,3,2,0.33,1,2,0.5,2,4,0.5,0,6,N
0.29,2,2,1.0,7,1,8,1,1,3,2,0.33,1,2,0.5,2,4,0.5,0,6,N
0.11,2,4,1.33,7,1,7,3,1,7,0,0.67,4,2,0.75,7,10,0.25,0,3,N
0.17,2,2,1.0,6,1,5,1,1,3,0,0.5,2,2,0.5,3,6,0.5,0,2,N
0.29,2,2,1.0,7,1,8,1,1,3,2,0.33,1,2,0.5,2,4,0.5,0,6,N
0.29,2,2,1.0,7,1,8,1,1,3,2,0.33,1,2,0.5,2,4,0.5,0,6,N
0.29,2,2,1.0,7,1,8,1,1,3,2,0.33,1,2,0.5,2,4,0.5,0,6,N
0.29,2,2,1.0,7,1,8,1,1,3,2,0.33,1,2,0.5,2,4,0.5,0,6,N
0.33,2,1,0.5,6,1,2,1,1,1,0,0.25,1,2,1.0,2,4,1.0,0,2,N
0.33,2,1,0.5,6,1,2,1,1,1,0,0.25,1,2,1.0,2,4,1.0,0,2,N
0.06,2,6,0.43,11,2,20,6,5,11,5,0.3,5,4,1.0,7,14,0.83,3,8,N
0.17,1,2,0.5,7,1,5,1,1,3,0,0.33,1,2,0.5,2,4,0.5,0,3,N
0.16,3,2,0.67,8,1,6,1,2,3,2,0.29,1,2,0.5,2,4,1.0,0,5,N
0.17,4,2,0.67,8,1,6,1,2,3,2,0.29,1,2,0.5,2,4,1.0,0,6,N
0.17,4,2,0.4,7,1,8,1,2,3,3,0.22,1,2,0.5,2,4,1.0,0,7,N
0.18,5,2,0.4,7,1,8,1,2,3,3,0.22,1,2,0.5,2,4,1.0,0,8,N
0.04,3,8,0.32,13,4,26,8,5,15,2,0.29,7,14,1.0,14,28,0.63,0,5,N
0.14,2,2,0.67,8,1,6,1,2,3,2,0.4,1,2,0.5,2,4,1.0,0,4,N
0.16,3,2,0.67,8,1,6,1,2,3,2,0.33,1,2,0.5,2,4,1.0,0,5,N
0.11,2,3,0.33,10,2,11,1,1,5,1,0.27,2,4,0.33,4,8,0.33,0,8,N
0.1,2,4,0.4,11,2,15,1,2,7,2,0.33,3,6,0.25,6,12,0.5,0,9,N
0.04,2,6,0.24,15,4,23,5,3,11,2,0.21,5,10,0.83,10,20,0.5,1,9,N
0.05,3,6,0.24,13,4,25,5,5,11,3,0.21,5,10,0.83,10,20,0.83,1,10,N
0.14,2,2,0.5,8,1,7,1,2,3,3,0.33,1,2,0.5,2,4,1.0,0,5,N
0.15,3,2,0.5,8,1,7,1,2,3,3,0.29,1,2,0.5,2,4,1.0,0,6,N
0.19,1,2,1.0,8,0,6,1,2,3,1,1.0,1,2,0.5,2,4,1.0,0,3,N
0.07,3,3,0.75,12,1,11,1,2,5,2,0.43,2,4,0.33,4,8,0.67,0,6,N
0.13,1,3,0.6,9,1,7,3,2,5,1,0.43,2,2,1.0,3,6,0.67,0,4,N
0.07,1,5,0.71,10,1,13,5,4,9,2,0.56,4,4,1.0,6,12,0.8,0,4,N
0.13,1,3,0.6,9,1,7,3,2,5,1,0.43,2,2,1.0,3,6,0.67,0,4,N
0.07,1,5,0.71,10,1,13,5,4,9,2,0.56,4,4,1.0,6,12,0.8,0,4,N
0.13,2,3,0.3,11,1,9,3,1,5,0,0.25,2,4,1.0,4,8,0.33,0,10,N
0.1,3,2,0.5,9,1,7,1,2,3,2,0.29,1,2,0.5,2,4,1.0,0,6,N
0.12,2,2,0.4,11,1,10,1,2,3,5,0.29,1,2,0.5,2,4,1.0,0,9,N
0.11,4,3,0.43,9,2,8,1,1,5,0,0.3,2,4,0.33,4,8,0.33,0,4,N
0.09,4,3,0.43,11,2,9,1,2,5,1,0.3,2,4,0.33,4,8,0.67,0,4,N
0.1,3,2,0.5,9,1,7,1,2,3,2,0.29,1,2,0.5,2,4,1.0,0,6,N
0.1,4,5,0.33,11,4,13,4,4,9,4,0.28,4,6,0.8,7,14,0.8,0,9,N
0.13,4,3,0.5,9,2,8,1,1,5,0,0.33,2,4,0.33,4,8,0.33,0,4,N
0.03,6,15,0.42,21,5,64,10,14,29,20,0.23,14,18,0.67,23,46,0.93,22,30,N
0.11,5,3,0.43,10,2,9,1,1,5,0,0.27,2,4,0.33,4,8,0.33,0,5,N
0.1,5,3,0.3,10,2,10,1,2,5,1,0.21,2,4,0.33,4,8,0.67,0,5,N
0.13,4,3,0.5,9,2,9,1,2,5,1,0.33,2,4,0.33,4,8,0.67,0,4,N
0.3,1,2,1.0,5,1,6,1,2,3,2,0.5,1,2,0.5,2,4,1.0,0,3,N
0.09,2,4,0.67,13,1,14,1,4,7,4,0.44,3,6,0.25,6,12,1.0,1,9,N
0.13,3,2,0.67,9,1,5,1,1,3,0,0.29,1,2,0.5,2,4,0.5,0,3,N
0.06,2,6,0.32,18,4,27,5,4,11,4,0.24,5,10,0.83,10,20,0.67,2,14,N
0.11,3,3,0.5,9,2,8,1,2,5,3,0.23,2,2,0.33,3,6,0.67,4,6,N
0.05,5,5,0.36,13,3,13,3,1,9,1,0.28,4,6,0.6,7,14,0.2,0,6,N
0.06,6,5,0.36,12,3,15,3,3,9,2,0.28,4,6,0.6,7,14,0.6,0,7,N
0.06,5,5,0.36,11,3,12,3,1,9,0,0.28,4,6,0.6,7,14,0.2,0,5,N
0.06,6,5,0.36,12,3,14,3,3,9,1,0.28,4,6,0.6,7,14,0.6,0,6,N
0.04,5,5,0.36,13,3,14,3,1,9,1,0.25,4,6,0.6,7,14,0.2,0,6,N
0.05,6,5,0.36,12,3,16,3,3,9,2,0.25,4,6,0.6,7,14,0.6,0,7,N
0.04,5,5,0.36,13,3,14,3,1,9,1,0.28,4,6,0.6,7,14,0.2,0,6,N
0.05,6,5,0.36,12,3,16,3,3,9,2,0.28,4,6,0.6,7,14,0.6,0,7,N
0.25,1,2,1.0,6,1,6,1,1,3,0,0.4,1,2,0.5,2,4,0.5,0,3,N
0.2,1,2,1.0,6,1,6,1,2,3,1,0.4,1,2,0.5,2,4,1.0,0,3,N
0.13,2,2,0.33,8,2,6,1,2,3,2,0.25,1,2,0.5,2,4,1.0,0,4,N
0.13,3,2,0.33,8,2,6,1,2,3,2,0.25,1,2,0.5,2,4,1.0,0,5,N
0.17,2,2,1.0,8,1,6,1,2,3,1,0.5,1,2,0.5,2,4,1.0,0,4,N
0.18,3,2,1.0,8,1,6,1,2,3,1,0.4,1,2,0.5,2,4,1.0,0,5,N
0.14,2,2,0.33,8,2,7,1,2,3,3,0.22,1,2,0.5,2,4,1.0,0,5,N
0.15,3,2,0.33,8,2,7,1,2,3,3,0.22,1,2,0.5,2,4,1.0,0,6,N
0.03,1,6,0.55,15,1,31,1,6,11,5,0.46,5,10,0.17,10,20,1.0,0,8,N
0.06,1,6,0.43,11,2,20,6,5,11,5,0.32,5,4,1.0,7,14,0.83,3,8,N
0.02,4,19,0.31,31,5,67,8,8,35,15,0.25,15,24,0.42,27,54,0.42,10,37,N
0.5,1,2,0.67,4,1,6,1,1,3,0,0.4,1,2,0.5,2,4,0.5,0,3,N
0.06,3,9,0.45,15,2,38,1,8,17,15,0.39,8,16,0.11,16,32,0.89,0,19,N
0.06,3,9,0.45,15,2,38,1,8,17,15,0.39,8,16,0.11,16,32,0.89,0,20,N
0.07,3,5,0.83,14,1,15,3,3,9,2,0.63,4,6,0.6,7,14,0.6,0,9,N
0.19,3,2,0.5,8,1,8,1,2,3,1,0.33,1,2,0.5,2,4,1.0,0,7,N
0.21,1,2,0.5,8,1,7,1,2,3,2,0.33,1,2,0.5,2,4,1.0,0,5,N
0.06,3,4,0.36,13,2,14,1,3,7,2,0.31,3,6,0.25,6,12,0.75,0,8,N
0.33,2,1,1.0,6,0,2,1,1,1,0,1.0,1,2,1.0,2,4,1.0,0,2,N
0.14,2,2,0.5,11,1,9,1,2,3,4,0.29,1,2,0.5,2,4,1.0,0,10,N
0.17,3,2,0.67,8,1,6,1,2,3,1,0.33,1,2,0.5,2,4,1.0,0,4,N
0.15,4,2,0.67,9,1,6,1,2,3,1,0.33,1,2,0.5,2,4,1.0,0,4,N
0.14,5,2,0.67,10,1,6,1,2,3,1,0.29,1,2,0.5,2,4,1.0,0,5,N
0.4,1,1,1.0,5,0,3,1,1,1,1,1.0,1,2,1.0,2,4,1.0,0,2,N
0.13,3,2,0.67,10,1,6,1,2,3,1,0.33,1,2,0.5,2,4,1.0,0,4,N
0.18,3,2,1.0,9,1,6,1,2,3,1,0.4,1,2,0.5,2,4,1.0,0,4,N
0.16,3,2,0.67,10,1,6,1,2,3,1,0.4,1,2,0.5,2,4,1.0,0,4,N
0.16,3,2,0.67,7,1,7,1,2,3,2,0.2,1,2,0.5,2,4,1.0,4,5,N
0.17,4,2,0.5,7,1,7,1,2,3,2,0.17,1,2,0.5,2,4,1.0,4,6,N
0.25,1,2,0.67,8,1,6,1,2,3,2,0.4,1,2,0.5,2,4,1.0,0,3,N
0.15,1,2,0.29,8,1,14,1,1,3,7,0.22,1,2,0.5,2,4,0.5,0,10,N
0.25,1,2,0.67,8,1,6,1,2,3,2,0.4,1,2,0.5,2,4,1.0,0,3,N
0.06,2,8,0.35,13,2,40,1,7,15,7,0.32,7,14,0.13,14,28,0.88,0,19,N
0.1,2,5,0.38,7,1,21,1,2,9,4,0.33,4,8,0.2,8,16,0.4,0,8,N
0.05,3,10,0.32,19,3,42,6,5,17,13,0.29,6,10,0.6,11,22,0.5,0,20,N
0.05,3,10,0.32,19,3,42,6,5,17,13,0.29,6,10,0.6,11,22,0.5,0,20,N
0.1,2,2,0.5,10,1,6,1,1,3,1,0.33,1,2,0.5,2,4,0.5,0,5,N
0.12,0,3,0.38,8,1,11,1,3,5,2,0.3,2,4,0.33,4,8,1.0,0,11,N
0.04,1,5,0.17,16,6,31,1,5,9,11,0.16,4,8,0.2,8,16,1.0,0,16,N
0.19,0,2,0.29,7,2,5,1,1,3,0,0.22,1,2,0.5,2,4,0.5,0,6,N
0.08,0,3,0.43,13,1,12,1,2,5,3,0.33,2,4,0.33,4,8,0.67,0,7,N
0.09,0,3,0.5,13,1,13,1,1,5,4,0.38,2,4,0.33,4,8,0.33,0,10,N
0.1,2,2,0.33,13,1,12,1,2,3,5,0.25,1,2,0.5,2,4,1.0,0,8,N
0.09,0,3,0.5,13,1,12,1,1,5,3,0.38,2,4,0.33,4,8,0.33,0,9,N
0.04,2,7,0.27,17,4,22,1,2,13,4,0.25,6,10,0.14,11,22,0.29,0,15,N
0.07,1,4,0.2,12,3,16,1,2,7,4,0.18,3,6,0.25,6,12,0.5,0,13,N
0.06,1,4,0.2,14,3,16,1,2,7,4,0.18,3,6,0.25,6,12,0.5,0,13,N
0.09,2,3,0.6,11,1,12,1,1,5,2,0.43,2,4,0.33,4,8,0.33,0,6,N
0.05,2,6,0.3,15,4,23,1,2,11,3,0.27,5,10,0.17,10,20,0.33,0,11,N
0.09,2,2,0.25,10,2,8,1,2,3,2,0.2,1,2,0.5,2,4,1.0,0,6,N
0.02,2,27,0.34,22,12,85,18,16,53,8,0.33,26,34,0.67,43,86,0.59,0,22,N
0.05,2,5,0.33,15,1,20,1,1,9,4,0.29,4,8,0.2,8,16,0.2,0,12,N
0.19,1,2,0.22,8,2,6,1,1,3,0,0.18,1,2,0.5,2,4,0.5,0,7,N
0.19,1,2,0.22,8,2,6,1,1,3,0,0.18,1,2,0.5,2,4,0.5,0,7,N
0.03,1,5,0.16,18,5,17,1,3,9,1,0.14,4,8,0.2,8,16,0.6,1,12,N
0.06,1,5,0.33,15,3,21,5,5,9,6,0.29,4,6,1.0,7,14,1.0,0,11,N
0.04,3,10,0.63,13,3,24,10,4,19,3,0.56,7,6,1.0,10,20,0.4,0,6,N
0.09,1,2,0.29,12,1,10,1,1,3,4,0.1,1,2,0.5,2,4,0.5,12,9,N
0.07,1,3,0.5,13,1,12,3,2,5,5,0.38,2,2,1.0,3,6,0.67,0,5,N
0.27,1,2,0.4,5,1,6,1,1,3,0,0.29,1,2,0.5,2,4,0.5,0,4,N
0.22,3,3,0.33,7,2,9,1,2,5,1,0.25,2,4,0.33,4,8,0.67,0,7,N
0.07,0,3,0.43,11,2,11,1,3,5,2,0.33,2,4,0.33,4,8,1.0,0,5,N
0.07,0,3,0.43,11,2,11,1,3,5,2,0.33,2,4,0.33,4,8,1.0,0,5,N
0.07,1,3,0.14,11,4,14,1,2,5,3,0.13,2,4,0.33,4,8,0.67,0,14,N
0.11,2,2,0.15,10,2,8,1,1,3,2,0.13,1,2,0.5,2,4,0.5,0,13,N
0.1,1,2,0.17,10,2,7,1,1,3,1,0.14,1,2,0.5,2,4,0.5,0,10,N
0.04,2,4,0.27,15,3,13,1,3,7,2,0.24,3,6,0.25,6,12,0.75,0,8,N
0.04,2,4,0.27,16,3,14,1,3,7,3,0.24,3,6,0.25,6,12,0.75,0,10,N
0.09,2,2,0.17,10,3,11,1,2,3,4,0.14,1,2,0.5,2,4,1.0,0,9,N
0.27,0,2,1.0,5,1,5,1,1,3,0,0.5,1,2,0.5,2,4,0.5,0,2,N
0.06,1,3,0.6,16,1,14,1,3,5,3,0.43,2,4,0.33,4,8,1.0,0,6,N
0.21,1,2,0.25,7,2,7,1,2,3,3,0.2,1,2,0.5,2,4,1.0,0,6,N
0.25,1,2,0.22,7,2,8,1,2,3,3,0.18,1,2,0.5,2,4,1.0,0,7,N
0.04,1,4,0.27,19,2,18,1,3,7,3,0.22,3,6,0.25,6,12,0.75,1,9,N
0.05,1,6,0.25,17,4,30,1,5,11,8,0.19,5,10,0.17,10,20,0.83,5,15,N
0.09,2,2,0.22,12,3,7,1,1,3,2,0.17,1,2,0.5,2,4,0.5,1,7,N
0.06,3,3,0.27,18,3,13,1,3,5,4,0.2,2,4,0.33,4,8,1.0,1,10,N
0.06,3,3,0.27,18,3,14,1,3,5,5,0.2,2,4,0.33,4,8,1.0,1,11,N
0.06,1,3,0.25,17,3,15,1,3,5,4,0.2,2,4,0.33,4,8,1.0,1,9,N
0.27,0,2,1.0,5,0,5,1,1,3,0,1.0,1,2,0.5,2,4,0.5,0,2,N
0.17,2,3,0.6,9,1,9,3,3,5,2,0.38,2,2,1.0,3,6,1.0,0,7,N
0.17,2,3,0.43,9,2,9,3,3,5,2,0.3,2,2,1.0,3,6,1.0,0,7,N
0.03,1,5,0.28,21,2,26,1,4,9,4,0.24,4,8,0.2,8,16,0.8,1,11,N
0.06,4,4,0.33,17,3,18,1,4,7,4,0.25,3,6,0.25,6,12,1.0,1,13,N
0.03,6,7,0.41,20,2,32,1,7,13,4,0.32,6,12,0.14,12,24,1.0,1,16,N
0.06,5,4,0.33,17,3,18,1,4,7,4,0.24,3,6,0.25,6,12,1.0,1,13,N
0.04,1,4,0.31,17,3,23,1,4,7,5,0.25,3,6,0.25,6,12,1.0,1,9,N
0.29,1,2,0.67,7,1,6,1,2,3,1,0.4,1,2,0.5,2,4,1.0,0,4,N
0.4,1,2,0.67,5,1,6,1,1,3,0,0.4,1,2,0.5,2,4,0.5,0,4,N
0.29,1,2,0.67,7,1,6,1,2,3,1,0.4,1,2,0.5,2,4,1.0,0,4,N
0.27,0,2,1.0,5,1,5,1,1,3,0,0.5,1,2,0.5,2,4,0.5,0,2,N
0.05,1,4,0.57,15,1,20,1,4,7,4,0.44,3,6,0.25,6,12,1.0,0,9,N
0.07,0,4,0.4,13,2,16,1,4,7,4,0.33,3,6,0.25,6,12,1.0,0,9,N
0.1,1,3,0.75,12,1,10,3,2,5,2,0.5,2,4,1.0,4,8,0.67,0,5,N
0.24,1,2,0.4,7,1,7,1,2,3,2,0.29,1,2,0.5,2,4,1.0,0,5,N
0.24,1,2,0.4,7,1,7,1,2,3,2,0.29,1,2,0.5,2,4,1.0,0,5,N
0.04,1,4,0.25,19,2,19,1,3,7,3,0.21,3,6,0.25,6,12,0.75,1,9,N
0.06,1,3,0.43,16,1,14,1,3,5,3,0.33,2,4,0.33,4,8,1.0,0,8,N
0.13,0,2,0.29,9,2,7,1,2,3,2,0.22,1,2,0.5,2,4,1.0,0,6,N
0.04,1,6,0.25,17,4,29,1,5,11,7,0.19,5,10,0.17,10,20,0.83,5,13,N
0.04,2,3,0.27,18,3,12,1,3,5,3,0.21,2,4,0.33,4,8,1.0,1,7,N
0.05,1,3,0.25,17,3,14,1,3,5,3,0.2,2,4,0.33,4,8,1.0,1,7,N
0.21,1,2,1.0,7,1,5,1,1,3,0,0.5,2,2,0.5,3,6,0.5,0,3,N
0.19,1,2,1.0,8,1,5,1,1,3,0,0.5,2,2,0.5,3,6,0.5,0,3,N
0.21,1,2,1.0,7,1,5,1,1,3,0,0.5,2,2,0.5,3,6,0.5,0,3,N
0.19,1,2,1.0,8,1,5,1,1,3,0,0.5,2,2,0.5,3,6,0.5,0,3,N
0.21,1,2,1.0,7,1,5,1,1,3,0,0.5,2,2,0.5,3,6,0.5,0,3,N
0.14,2,2,1.0,8,0,7,1,1,3,1,2.0,1,2,0.5,2,4,0.5,0,4,N
0.13,2,2,1.0,11,0,7,1,1,3,1,2.0,1,2,0.5,2,4,0.5,0,5,N
0.11,2,2,0.4,9,2,7,1,2,3,1,0.13,1,2,0.5,2,4,1.0,8,5,N
0.25,2,1,0.5,8,1,3,1,1,1,1,0.25,1,2,1.0,2,4,1.0,0,3,N
0.2,2,2,0.4,5,1,6,1,1,3,0,0.29,1,2,0.5,2,4,0.5,0,2,N
0.2,2,2,1.0,5,1,6,1,1,3,0,0.5,1,2,0.5,2,4,0.5,0,2,N
0.1,3,4,2.0,6,1,10,1,1,7,0,1.0,3,6,0.25,6,12,0.25,0,3,N
0.2,2,2,1.0,5,1,6,1,1,3,0,0.5,1,2,0.5,2,4,0.5,0,2,N
0.2,2,2,0.4,5,1,6,1,1,3,0,0.29,1,2,0.5,2,4,0.5,0,2,N
0.1,3,4,2.0,6,1,10,1,1,7,0,1.0,3,6,0.25,6,12,0.25,0,3,N
0.06,2,2,1.0,9,1,6,1,1,3,0,0.5,1,2,0.5,2,4,0.5,0,2,N
0.33,2,1,0.5,6,1,2,1,1,1,0,0.25,1,2,1.0,2,4,1.0,0,2,N
0.33,2,1,0.5,6,1,2,1,1,1,0,0.25,1,2,1.0,2,4,1.0,0,2,N
0.33,2,1,0.5,6,1,2,1,1,1,0,0.25,1,2,1.0,2,4,1.0,0,2,N
0.33,2,1,0.5,6,1,2,1,1,1,0,0.2,1,2,1.0,2,4,1.0,0,2,N
0.33,2,1,0.5,6,1,2,1,1,1,0,0.25,1,2,1.0,2,4,1.0,0,2,N
0.07,2,3,1.5,9,1,6,1,1,5,0,0.75,3,2,0.33,4,8,0.33,0,2,N
0.33,2,1,0.5,6,1,2,1,1,1,0,0.25,1,2,1.0,2,4,1.0,0,2,N
0.25,2,1,0.5,8,1,3,1,1,1,1,0.13,1,2,1.0,2,4,1.0,4,3,N
0.17,2,2,1.0,6,1,5,1,1,3,0,0.5,2,2,0.5,3,6,0.5,0,2,N
0.33,2,1,0.5,6,1,2,1,1,1,0,0.25,1,2,1.0,2,4,1.0,0,2,N
0.19,1,2,1.0,8,0,6,1,2,3,1,1.0,1,2,0.5,2,4,1.0,0,3,N
0.04,2,4,0.27,15,3,13,1,3,7,2,0.24,3,6,0.25,6,12,0.75,0,8,N
0.04,2,4,0.27,16,3,14,1,3,7,3,0.24,3,6,0.25,6,12,0.75,0,10,N
0.21,1,2,0.4,8,1,7,1,2,3,2,0.29,1,2,0.5,2,4,1.0,0,5,N
0.21,2,2,0.4,8,1,7,1,2,3,2,0.29,1,2,0.5,2,4,1.0,0,6,N
0.09,0,2,0.67,8,1,8,1,2,3,2,0.4,1,2,0.5,2,4,1.0,0,3,N
0.21,1,2,0.4,8,1,7,1,2,3,2,0.29,1,2,0.5,2,4,1.0,0,5,N
0.21,2,2,0.4,8,1,7,1,2,3,2,0.29,1,2,0.5,2,4,1.0,0,6,N
0.09,0,2,0.67,8,1,8,1,2,3,2,0.4,1,2,0.5,2,4,1.0,0,3,N
0.17,2,3,0.6,9,1,9,3,3,5,3,0.43,2,2,1.0,3,6,1.0,0,7,N
0.18,3,3,0.6,9,1,9,3,3,5,3,0.38,2,2,1.0,3,6,1.0,0,8,N
0.11,0,3,0.75,8,1,15,1,3,5,4,0.5,2,4,0.33,4,8,1.0,0,6,N
0.21,1,2,0.4,8,1,7,1,2,3,2,0.29,1,2,0.5,2,4,1.0,0,5,N
0.21,2,2,0.4,8,1,7,1,2,3,2,0.29,1,2,0.5,2,4,1.0,0,6,N
0.09,0,2,0.67,8,1,8,1,2,3,2,0.4,1,2,0.5,2,4,1.0,0,3,N
0.21,1,2,0.4,8,1,7,1,2,3,2,0.29,1,2,0.5,2,4,1.0,0,5,N
0.21,2,2,0.4,8,1,7,1,2,3,2,0.29,1,2,0.5,2,4,1.0,0,6,N
0.09,0,2,0.67,8,1,8,1,2,3,2,0.4,1,2,0.5,2,4,1.0,0,3,N
0.21,1,2,0.4,8,1,7,1,2,3,2,0.29,1,2,0.5,2,4,1.0,0,5,N
0.21,2,2,0.4,8,1,7,1,2,3,2,0.29,1,2,0.5,2,4,1.0,0,6,N
0.09,0,2,0.67,8,1,8,1,2,3,2,0.4,1,2,0.5,2,4,1.0,0,3,N
0.33,0,1,0.5,6,1,3,1,1,1,1,0.25,1,2,1.0,2,4,1.0,0,1,N
0.09,1,8,0.4,17,2,22,5,7,12,9,0.33,3,6,0.63,6,12,0.88,2,15,N
0.27,0,2,1.0,5,1,5,1,1,3,0,0.5,1,2,0.5,2,4,0.5,0,2,N
0.06,1,3,0.6,16,1,14,1,3,5,3,0.43,2,4,0.33,4,8,1.0,0,6,N
0.21,1,2,0.25,7,2,7,1,2,3,3,0.2,1,2,0.5,2,4,1.0,0,6,N
0.25,1,2,0.22,7,2,8,1,2,3,3,0.18,1,2,0.5,2,4,1.0,0,7,N
0.04,1,4,0.27,19,2,18,1,3,7,3,0.22,3,6,0.25,6,12,0.75,1,9,N
0.05,1,6,0.25,17,4,30,1,5,11,8,0.19,5,10,0.17,10,20,0.83,5,15,N
0.09,2,2,0.22,12,3,7,1,1,3,2,0.17,1,2,0.5,2,4,0.5,1,7,N
0.06,3,3,0.27,18,3,13,1,3,5,4,0.2,2,4,0.33,4,8,1.0,1,10,N
0.06,3,3,0.27,18,3,14,1,3,5,5,0.2,2,4,0.33,4,8,1.0,1,11,N
0.06,1,3,0.25,17,3,15,1,3,5,4,0.2,2,4,0.33,4,8,1.0,1,9,N
0.27,0,2,1.0,5,0,5,1,1,3,0,1.0,1,2,0.5,2,4,0.5,0,2,N
0.17,2,3,0.6,9,1,9,3,3,5,2,0.38,2,2,1.0,3,6,1.0,0,7,N
0.17,2,3,0.43,9,2,9,3,3,5,2,0.3,2,2,1.0,3,6,1.0,0,7,N
0.03,1,5,0.28,21,2,26,1,4,9,4,0.24,4,8,0.2,8,16,0.8,1,11,N
0.06,4,4,0.33,17,3,18,1,4,7,4,0.25,3,6,0.25,6,12,1.0,1,13,N
0.03,6,7,0.41,20,2,32,1,7,13,4,0.32,6,12,0.14,12,24,1.0,1,16,N
0.06,5,4,0.33,17,3,18,1,4,7,4,0.24,3,6,0.25,6,12,1.0,1,13,N
0.04,1,4,0.31,17,3,23,1,4,7,5,0.25,3,6,0.25,6,12,1.0,1,9,N
0.27,0,2,1.0,5,1,5,1,1,3,0,0.5,1,2,0.5,2,4,0.5,0,2,N
0.05,1,4,0.57,15,1,20,1,4,7,4,0.44,3,6,0.25,6,12,1.0,0,9,N
0.07,0,4,0.4,13,2,16,1,4,7,4,0.33,3,6,0.25,6,12,1.0,0,9,N
0.1,1,3,0.75,12,1,10,3,2,5,2,0.5,2,4,1.0,4,8,0.67,0,5,N
0.24,1,2,0.4,7,1,7,1,2,3,2,0.29,1,2,0.5,2,4,1.0,0,5,N
0.24,1,2,0.4,7,1,7,1,2,3,2,0.29,1,2,0.5,2,4,1.0,0,5,N
0.04,1,4,0.25,19,2,19,1,3,7,3,0.21,3,6,0.25,6,12,0.75,1,9,N
0.06,1,3,0.43,16,1,14,1,3,5,3,0.33,2,4,0.33,4,8,1.0,0,8,N
0.13,0,2,0.29,9,2,7,1,2,3,2,0.22,1,2,0.5,2,4,1.0,0,6,N
0.04,1,6,0.25,17,4,29,1,5,11,7,0.19,5,10,0.17,10,20,0.83,5,13,N
0.04,2,3,0.27,18,3,12,1,3,5,3,0.21,2,4,0.33,4,8,1.0,1,7,N
0.05,1,3,0.25,17,3,14,1,3,5,3,0.2,2,4,0.33,4,8,1.0,1,7,N
0.23,1,2,0.4,7,1,7,1,1,3,1,0.17,1,2,0.5,2,4,0.5,5,4,N
0.08,0,5,0.21,14,3,13,1,5,7,4,0.07,1,2,0.2,2,4,1.0,48,14,N
0.03,1,11,0.26,22,6,25,1,10,17,5,0.18,5,10,0.09,10,20,0.91,16,17,N
0.01,1,51,0.32,46,5,107,1,48,78,24,0.22,26,52,0.02,52,104,0.94,65,58,N
0.06,1,7,0.22,18,6,21,1,6,11,5,0.09,3,6,0.14,6,12,0.86,44,15,N
0.08,0,2,0.29,12,2,6,1,1,3,0,0.15,1,2,0.5,2,4,0.5,4,5,N
0.25,0,2,0.4,8,1,7,1,1,3,1,0.22,1,2,0.5,2,4,0.5,2,4,N
0.1,0,2,0.1,10,3,17,1,2,3,8,0.04,1,2,0.5,2,4,1.0,31,17,N
0.21,0,2,0.5,8,1,6,1,2,3,2,0.15,1,2,0.5,2,4,1.0,7,5,N
0.06,0,2,0.22,13,2,7,1,1,3,1,0.05,1,2,0.5,2,4,0.5,26,14,N
0.18,0,2,0.29,8,2,7,1,2,3,3,0.07,1,2,0.5,2,4,1.0,19,8,N
0.27,0,2,0.33,6,2,5,1,2,3,1,0.14,1,2,0.5,2,4,1.0,6,4,N
0.27,0,2,0.33,6,2,5,1,2,3,1,0.14,1,2,0.5,2,4,1.0,6,4,N
0.11,1,3,0.27,9,4,9,1,1,5,0,0.08,2,4,0.33,4,8,0.33,25,7,N
0.18,1,4,0.24,8,4,18,1,4,7,9,0.05,3,6,0.25,6,12,1.0,55,15,N
0.05,1,3,0.11,13,5,14,1,3,5,3,0.03,2,4,0.33,4,8,1.0,56,17,N
0.1,2,2,0.18,13,2,8,1,1,3,2,0.07,1,2,0.5,2,4,0.5,16,15,N
0.1,0,2,0.4,9,2,6,1,1,3,0,0.15,1,2,0.5,2,4,0.5,6,5,N
0.05,0,2,0.12,9,1,10,1,1,3,4,0.03,1,2,0.5,2,4,0.5,40,12,N
0.27,0,2,0.33,6,2,5,1,2,3,1,0.13,1,2,0.5,2,4,1.0,7,4,N
0.13,1,2,0.29,7,2,7,1,1,3,0,0.07,1,2,0.5,2,4,0.5,18,7,N
0.05,3,5,0.21,14,7,18,1,3,9,2,0.08,4,8,0.2,8,16,0.6,38,12,N
0.07,2,4,0.67,10,1,12,1,1,7,1,0.2,3,6,0.25,6,12,0.25,12,5,N
0.09,1,3,0.3,8,1,9,1,1,5,0,0.19,2,4,0.33,4,8,0.33,4,4,N
0.18,0,3,0.43,8,1,9,3,2,5,2,0.23,2,2,1.0,3,6,0.67,4,5,N
0.05,0,3,0.27,14,3,8,1,1,5,0,0.08,2,4,0.33,4,8,0.33,27,6,N
0.11,1,3,0.3,11,3,8,3,1,5,0,0.17,2,4,1.0,4,8,0.33,6,7,N
0.04,0,12,0.24,22,6,34,1,9,20,8,0.08,6,12,0.08,12,24,0.75,91,25,N
0.07,1,4,0.36,13,4,11,1,1,7,1,0.2,3,6,0.25,6,12,0.25,7,8,N
0.13,1,2,0.17,11,2,8,1,2,3,3,0.04,1,2,0.5,2,4,1.0,40,14,N
0.08,0,5,0.24,14,3,12,1,5,7,3,0.08,1,2,0.2,2,4,1.0,40,13,N
0.14,0,6,0.25,8,8,19,1,5,11,5,0.07,5,10,0.17,10,20,0.83,57,13,N
0.06,1,6,0.29,20,5,19,6,2,11,1,0.12,5,10,1.0,10,20,0.33,26,15,N
0.11,0,2,0.33,10,2,7,1,1,3,1,0.07,1,2,0.5,2,4,0.5,21,8,N
0.08,0,2,0.4,11,2,6,1,1,3,0,0.13,1,2,0.5,2,4,0.5,8,6,N
0.1,1,3,0.17,11,4,13,1,3,5,5,0.08,2,4,0.33,4,8,1.0,20,13,N
0.04,2,4,0.24,13,4,13,1,1,7,0,0.08,3,6,0.25,6,12,0.25,29,9,N
0.22,0,3,0.3,6,3,8,1,3,5,2,0.15,2,4,0.33,4,8,1.0,8,6,N
0.27,0,2,0.33,6,2,5,1,2,3,1,0.13,1,2,0.5,2,4,1.0,7,4,N
0.24,1,2,0.4,7,1,6,1,2,3,2,0.14,1,2,0.5,2,4,1.0,7,5,N
0.05,1,5,0.24,16,4,17,1,2,9,2,0.11,4,8,0.2,8,16,0.4,21,12,N
0.15,0,2,0.33,8,2,8,1,2,3,2,0.12,1,2,0.5,2,4,1.0,9,7,N
0.05,1,7,0.47,16,2,10,1,2,13,1,0.19,6,2,0.14,7,14,0.29,19,9,N
0.11,1,3,0.25,9,4,9,1,1,5,0,0.08,2,4,0.33,4,8,0.33,25,8,N
0.11,1,3,0.21,11,3,11,1,2,5,2,0.08,2,4,0.33,4,8,0.67,23,8,N
0.08,0,5,0.24,14,3,12,1,5,7,3,0.08,1,2,0.2,2,4,1.0,40,13,N
0.07,1,10,0.32,18,2,16,1,9,12,3,0.19,1,2,0.1,2,4,0.9,19,20,N
0.14,2,3,0.3,11,3,8,3,1,5,1,0.08,2,2,1.0,3,6,0.33,26,9,N
0.05,1,7,0.29,21,5,22,7,2,13,1,0.11,6,12,1.0,12,24,0.29,36,17,N
0.16,0,2,0.33,8,2,7,1,1,3,1,0.1,1,2,0.5,2,4,0.5,12,7,N
0.15,0,2,0.4,8,1,7,1,1,3,1,0.12,1,2,0.5,2,4,0.5,10,7,N
0.07,0,2,0.25,11,2,8,1,2,3,1,0.06,1,2,0.5,2,4,1.0,24,11,N
0.06,0,4,0.24,15,4,14,1,3,7,4,0.09,3,6,0.25,6,12,0.75,26,13,N
0.02,0,2,0.07,11,2,7,1,1,3,0,0.04,1,2,0.5,2,4,0.5,17,11,N
0.03,0,2,0.14,13,2,8,1,2,3,1,0.04,1,2,0.5,2,4,1.0,35,10,N
0.13,0,2,0.33,9,2,7,1,1,3,1,0.13,1,2,0.5,2,4,0.5,8,7,N
0.5,0,2,0.4,4,1,7,1,2,3,3,0.18,1,2,0.5,2,4,1.0,4,3,N
0.05,0,6,0.29,14,5,19,1,2,11,1,0.11,5,10,0.17,10,20,0.33,30,12,N
0.1,0,2,0.29,7,2,7,1,1,3,0,0.15,1,2,0.5,2,4,0.5,4,5,N
0.12,0,4,0.33,10,3,13,1,2,7,3,0.07,3,6,0.25,6,12,0.5,43,6,N
0.08,0,6,0.32,15,5,18,4,4,11,4,0.11,5,8,0.67,9,18,0.67,32,13,N
0.07,0,5,0.42,9,1,15,1,1,9,0,0.18,4,8,0.2,8,16,0.2,14,5,N
0.1,0,4,0.36,10,2,12,1,1,7,0,0.13,3,6,0.25,6,12,0.25,17,8,N
0.05,1,5,0.56,13,3,11,1,1,9,0,0.18,4,6,0.2,7,14,0.2,17,6,N
0.21,1,2,0.29,7,1,6,1,1,3,0,0.17,1,2,0.5,2,4,0.5,3,6,N
0.17,0,4,0.22,9,4,16,1,4,7,5,0.07,3,6,0.25,6,12,1.0,34,14,N
0.22,1,2,0.29,6,2,6,1,2,3,1,0.15,1,2,0.5,2,4,1.0,4,4,N
0.28,1,2,0.29,6,2,7,1,2,3,2,0.15,1,2,0.5,2,4,1.0,4,5,N
0.07,0,7,0.23,20,4,18,3,7,10,5,0.09,2,2,0.43,3,6,1.0,45,20,N
0.28,0,3,0.1,7,3,28,1,3,5,21,0.02,2,4,0.33,4,8,1.0,100,29,N
0.06,0,3,0.11,17,3,17,1,2,5,8,0.04,2,4,0.33,4,8,0.67,47,17,N
0.05,0,3,0.08,18,3,25,1,2,5,14,0.03,2,4,0.33,4,8,0.67,67,26,N
0.04,0,3,0.06,19,3,28,1,2,5,17,0.02,2,4,0.33,4,8,0.67,73,34,N
0.05,0,3,0.05,17,3,34,1,2,5,20,0.02,2,4,0.33,4,8,0.67,100,35,N
0.04,0,4,0.06,19,4,41,1,2,7,29,0.03,3,6,0.25,6,12,0.5,67,49,N
0.03,0,8,0.22,23,6,20,1,1,12,1,0.08,3,6,0.13,6,12,0.13,66,21,N
0.15,0,3,0.2,11,4,11,1,3,5,3,0.04,2,4,0.33,4,8,1.0,67,12,N
0.1,1,2,0.2,9,2,8,1,1,3,0,0.14,1,2,0.5,2,4,0.5,0,8,N
0.09,1,2,0.4,15,1,8,1,2,3,1,0.22,1,2,0.5,2,4,1.0,0,9,N
0.02,1,8,0.44,15,1,45,1,8,15,1,0.33,7,14,0.13,14,28,1.0,2,9,N
0.06,0,6,0.15,25,6,20,4,6,10,9,0.13,2,4,0.67,4,8,1.0,4,27,N
0.16,0,2,0.29,7,2,6,1,1,3,1,0.22,1,2,0.5,2,4,0.5,0,4,N
0.05,1,4,0.12,12,2,18,1,1,7,0,0.1,3,6,0.25,6,12,0.25,6,32,N
0.12,0,3,0.25,7,1,14,1,1,5,3,0.17,2,4,0.33,4,8,0.33,4,9,N
0.05,0,18,0.23,23,9,69,1,12,35,25,0.16,16,28,0.06,30,60,0.67,32,76,N
0.05,0,10,0.22,20,6,34,1,9,18,10,0.17,7,14,0.1,14,28,0.9,12,24,N
0.24,0,3,0.21,6,4,11,1,3,5,3,0.19,2,4,0.33,4,8,1.0,0,5,N
0.08,0,5,0.17,13,5,21,1,5,9,9,0.14,4,8,0.2,8,16,1.0,5,19,N
0.03,1,16,0.18,30,5,61,4,14,23,18,0.15,5,8,0.25,9,18,0.88,16,64,N
0.29,2,2,0.67,7,1,7,1,2,3,3,0.33,1,2,0.5,2,4,1.0,0,7,N
0.33,2,1,0.5,6,1,2,1,1,1,0,0.25,1,2,1.0,2,4,1.0,0,2,N
0.07,2,3,1.5,9,1,6,1,1,5,0,0.75,3,2,0.33,4,8,0.33,0,2,N
0.33,2,1,0.5,6,1,2,1,1,1,0,0.25,1,2,1.0,2,4,1.0,0,2,N
0.17,2,2,1.0,6,1,5,1,1,3,0,0.5,2,2,0.5,3,6,0.5,0,2,N
0.33,2,1,0.5,6,1,2,1,1,1,0,0.25,1,2,1.0,2,4,1.0,0,2,N
0.14,2,2,1.0,8,0,7,1,1,3,1,2.0,1,2,0.5,2,4,0.5,0,4,N
0.13,2,2,1.0,11,0,7,1,1,3,1,2.0,1,2,0.5,2,4,0.5,0,5,N
0.16,2,4,0.5,7,2,14,1,3,7,3,0.36,3,6,0.25,6,12,0.75,0,8,N
0.25,2,1,0.5,8,1,3,1,1,1,1,0.25,1,2,1.0,2,4,1.0,0,3,N
0.2,2,2,1.0,5,1,6,1,1,3,0,0.5,1,2,0.5,2,4,0.5,0,2,N
0.2,2,2,0.4,5,1,6,1,1,3,0,0.29,1,2,0.5,2,4,0.5,0,2,N
0.1,3,4,2.0,6,1,10,1,1,7,0,1.0,3,6,0.25,6,12,0.25,0,3,N
0.2,2,2,1.0,5,1,6,1,1,3,0,0.5,1,2,0.5,2,4,0.5,0,2,N
0.2,2,2,0.4,5,1,6,1,1,3,0,0.29,1,2,0.5,2,4,0.5,0,2,N
0.1,3,4,2.0,6,1,10,1,1,7,0,1.0,3,6,0.25,6,12,0.25,0,3,N
0.06,2,2,1.0,9,1,6,1,1,3,0,0.5,1,2,0.5,2,4,0.5,0,2,N
0.33,2,1,0.5,6,1,2,1,1,1,0,0.25,1,2,1.0,2,4,1.0,0,2,N
0.33,2,1,0.5,6,1,2,1,1,1,0,0.25,1,2,1.0,2,4,1.0,0,2,N
0.33,2,1,0.5,6,1,2,1,1,1,0,0.25,1,2,1.0,2,4,1.0,0,2,N
0.33,2,1,0.5,6,1,2,1,1,1,0,0.2,1,2,1.0,2,4,1.0,0,2,N
0.25,2,1,0.5,8,1,3,1,1,1,1,0.13,1,2,1.0,2,4,1.0,4,3,N
0.19,1,2,1.0,8,0,6,1,2,3,1,1.0,1,2,0.5,2,4,1.0,0,3,N
0.04,2,4,0.27,15,3,13,1,3,7,2,0.24,3,6,0.25,6,12,0.75,0,8,N
0.04,2,4,0.27,16,3,14,1,3,7,3,0.24,3,6,0.25,6,12,0.75,0,10,N
0.21,1,2,0.4,8,1,7,1,2,3,2,0.29,1,2,0.5,2,4,1.0,0,5,N
0.21,2,2,0.4,8,1,7,1,2,3,2,0.29,1,2,0.5,2,4,1.0,0,6,N
0.09,0,2,0.67,8,1,8,1,2,3,2,0.4,1,2,0.5,2,4,1.0,0,3,N
0.17,2,3,0.6,9,1,9,3,3,5,3,0.43,2,2,1.0,3,6,1.0,0,7,N
0.18,3,3,0.6,9,1,9,3,3,5,3,0.38,2,2,1.0,3,6,1.0,0,8,N
0.11,0,3,0.75,8,1,15,1,3,5,4,0.5,2,4,0.33,4,8,1.0,0,6,N
0.21,1,2,0.4,8,1,7,1,2,3,2,0.29,1,2,0.5,2,4,1.0,0,5,N
0.21,2,2,0.4,8,1,7,1,2,3,2,0.29,1,2,0.5,2,4,1.0,0,6,N
0.09,0,2,0.67,8,1,8,1,2,3,2,0.4,1,2,0.5,2,4,1.0,0,3,N
0.21,1,2,0.4,8,1,7,1,2,3,2,0.29,1,2,0.5,2,4,1.0,0,5,N
0.21,2,2,0.4,8,1,7,1,2,3,2,0.29,1,2,0.5,2,4,1.0,0,6,N
0.09,0,2,0.67,8,1,8,1,2,3,2,0.4,1,2,0.5,2,4,1.0,0,3,N
0.21,1,2,0.4,8,1,7,1,2,3,2,0.29,1,2,0.5,2,4,1.0,0,5,N
0.21,2,2,0.4,8,1,7,1,2,3,2,0.29,1,2,0.5,2,4,1.0,0,6,N
0.09,0,2,0.67,8,1,8,1,2,3,2,0.4,1,2,0.5,2,4,1.0,0,3,N
0.21,1,2,0.4,8,1,7,1,2,3,2,0.29,1,2,0.5,2,4,1.0,0,5,N
0.21,2,2,0.4,8,1,7,1,2,3,2,0.29,1,2,0.5,2,4,1.0,0,6,N
0.09,0,2,0.67,8,1,8,1,2,3,2,0.4,1,2,0.5,2,4,1.0,0,3,N
0.33,0,1,0.5,6,1,3,1,1,1,1,0.25,1,2,1.0,2,4,1.0,0,1,N
0.09,1,8,0.4,17,2,22,5,7,12,9,0.33,3,6,0.63,6,12,0.88,2,15,N
0.27,0,2,1.0,5,1,5,1,1,3,0,0.5,1,2,0.5,2,4,0.5,0,2,N
0.06,1,3,0.6,16,1,14,1,3,5,3,0.43,2,4,0.33,4,8,1.0,0,6,N
0.21,1,2,0.25,7,2,7,1,2,3,3,0.2,1,2,0.5,2,4,1.0,0,6,N
0.25,1,2,0.22,7,2,8,1,2,3,3,0.18,1,2,0.5,2,4,1.0,0,7,N
0.04,1,4,0.27,19,2,18,1,3,7,3,0.22,3,6,0.25,6,12,0.75,1,9,N
0.05,1,6,0.25,17,4,30,1,5,11,8,0.19,5,10,0.17,10,20,0.83,5,15,N
0.09,2,2,0.22,12,3,7,1,1,3,2,0.17,1,2,0.5,2,4,0.5,1,7,N
0.06,3,3,0.27,18,3,13,1,3,5,4,0.2,2,4,0.33,4,8,1.0,1,10,N
0.06,3,3,0.27,18,3,14,1,3,5,5,0.2,2,4,0.33,4,8,1.0,1,11,N
0.06,1,3,0.25,17,3,15,1,3,5,4,0.2,2,4,0.33,4,8,1.0,1,9,N
0.27,0,2,1.0,5,0,5,1,1,3,0,1.0,1,2,0.5,2,4,0.5,0,2,N
0.17,2,3,0.6,9,1,9,3,3,5,2,0.38,2,2,1.0,3,6,1.0,0,7,N
0.17,2,3,0.43,9,2,9,3,3,5,2,0.3,2,2,1.0,3,6,1.0,0,7,N
0.03,1,5,0.28,21,2,26,1,4,9,4,0.24,4,8,0.2,8,16,0.8,1,11,N
0.06,4,4,0.33,17,3,18,1,4,7,4,0.25,3,6,0.25,6,12,1.0,1,13,N
0.03,6,7,0.41,20,2,32,1,7,13,4,0.32,6,12,0.14,12,24,1.0,1,16,N
0.06,5,4,0.33,17,3,18,1,4,7,4,0.24,3,6,0.25,6,12,1.0,1,13,N
0.04,1,4,0.31,17,3,23,1,4,7,5,0.25,3,6,0.25,6,12,1.0,1,9,N
0.27,0,2,1.0,5,1,5,1,1,3,0,0.5,1,2,0.5,2,4,0.5,0,2,N
0.05,1,4,0.57,15,1,20,1,4,7,4,0.44,3,6,0.25,6,12,1.0,0,9,N
0.07,0,4,0.4,13,2,16,1,4,7,4,0.33,3,6,0.25,6,12,1.0,0,9,N
0.1,1,3,0.75,12,1,10,3,2,5,2,0.5,2,4,1.0,4,8,0.67,0,5,N
0.24,1,2,0.4,7,1,7,1,2,3,2,0.29,1,2,0.5,2,4,1.0,0,5,N
0.24,1,2,0.4,7,1,7,1,2,3,2,0.29,1,2,0.5,2,4,1.0,0,5,N
0.04,1,4,0.25,19,2,19,1,3,7,3,0.21,3,6,0.25,6,12,0.75,1,9,N
0.06,1,3,0.43,16,1,14,1,3,5,3,0.33,2,4,0.33,4,8,1.0,0,8,N
0.13,0,2,0.29,9,2,7,1,2,3,2,0.22,1,2,0.5,2,4,1.0,0,6,N
0.04,1,6,0.25,17,4,29,1,5,11,7,0.19,5,10,0.17,10,20,0.83,5,13,N
0.04,2,3,0.27,18,3,12,1,3,5,3,0.21,2,4,0.33,4,8,1.0,1,7,N
0.05,1,3,0.25,17,3,14,1,3,5,3,0.2,2,4,0.33,4,8,1.0,1,7,N
0.25,2,1,0.5,8,1,3,1,1,1,1,0.25,1,2,1.0,2,4,1.0,0,3,N
0.2,2,2,0.4,5,1,6,1,1,3,0,0.29,1,2,0.5,2,4,0.5,0,2,N
0.2,2,2,0.4,5,1,6,1,1,3,0,0.29,1,2,0.5,2,4,0.5,0,2,N
0.33,2,1,0.5,6,1,2,1,1,1,0,0.25,1,2,1.0,2,4,1.0,0,2,N
0.33,2,1,0.5,6,1,2,1,1,1,0,0.25,1,2,1.0,2,4,1.0,0,2,N
0.07,2,3,1.5,9,1,6,1,1,5,0,0.75,3,2,0.33,4,8,0.33,0,2,N
0.33,2,1,0.5,6,1,2,1,1,1,0,0.25,1,2,1.0,2,4,1.0,0,2,N
0.25,2,1,0.5,8,1,3,1,1,1,1,0.13,1,2,1.0,2,4,1.0,4,3,N
0.17,2,2,1.0,6,1,5,1,1,3,0,0.5,2,2,0.5,3,6,0.5,0,2,N
0.33,2,1,0.5,6,1,2,1,1,1,0,0.25,1,2,1.0,2,4,1.0,0,2,N
0.19,1,2,1.0,8,0,6,1,2,3,1,1.0,1,2,0.5,2,4,1.0,0,3,N
0.04,2,4,0.27,15,3,13,1,3,7,2,0.24,3,6,0.25,6,12,0.75,0,8,N
0.04,2,4,0.27,16,3,14,1,3,7,3,0.24,3,6,0.25,6,12,0.75,0,10,N
0.05,0,12,0.26,17,5,51,1,3,23,10,0.18,11,16,0.08,19,38,0.25,17,47,N
0.06,0,4,0.12,15,2,21,1,3,7,4,0.08,3,6,0.25,6,12,0.75,16,35,N
0.21,1,2,0.4,8,1,7,1,2,3,2,0.29,1,2,0.5,2,4,1.0,0,5,N
0.21,2,2,0.4,8,1,7,1,2,3,2,0.29,1,2,0.5,2,4,1.0,0,6,N
0.09,0,2,0.67,8,1,8,1,2,3,2,0.4,1,2,0.5,2,4,1.0,0,3,N
0.21,1,2,0.4,8,1,7,1,2,3,2,0.29,1,2,0.5,2,4,1.0,0,5,N
0.21,2,2,0.4,8,1,7,1,2,3,2,0.29,1,2,0.5,2,4,1.0,0,6,N
0.09,0,2,0.67,8,1,8,1,2,3,2,0.4,1,2,0.5,2,4,1.0,0,3,N
0.17,2,3,0.6,9,1,9,3,3,5,3,0.43,2,2,1.0,3,6,1.0,0,7,N
0.18,3,3,0.6,9,1,9,3,3,5,3,0.38,2,2,1.0,3,6,1.0,0,8,N
0.11,0,3,0.75,8,1,15,1,3,5,4,0.5,2,4,0.33,4,8,1.0,0,6,N
0.21,1,2,0.4,8,1,7,1,2,3,2,0.29,1,2,0.5,2,4,1.0,0,5,N
0.21,2,2,0.4,8,1,7,1,2,3,2,0.29,1,2,0.5,2,4,1.0,0,6,N
0.09,0,2,0.67,8,1,8,1,2,3,2,0.4,1,2,0.5,2,4,1.0,0,3,N
0.21,1,2,0.4,8,1,7,1,2,3,2,0.29,1,2,0.5,2,4,1.0,0,5,N
0.21,2,2,0.4,8,1,7,1,2,3,2,0.29,1,2,0.5,2,4,1.0,0,6,N
0.09,0,2,0.67,8,1,8,1,2,3,2,0.4,1,2,0.5,2,4,1.0,0,3,N
0.21,1,2,0.4,8,1,7,1,2,3,2,0.29,1,2,0.5,2,4,1.0,0,5,N
0.21,2,2,0.4,8,1,7,1,2,3,2,0.29,1,2,0.5,2,4,1.0,0,6,N
0.09,0,2,0.67,8,1,8,1,2,3,2,0.4,1,2,0.5,2,4,1.0,0,3,N
0.27,0,2,1.0,5,1,5,1,1,3,0,0.5,1,2,0.5,2,4,0.5,0,2,N
0.06,1,3,0.6,16,1,14,1,3,5,3,0.43,2,4,0.33,4,8,1.0,0,6,N
0.21,1,2,0.25,7,2,7,1,2,3,3,0.2,1,2,0.5,2,4,1.0,0,6,N
0.25,1,2,0.22,7,2,8,1,2,3,3,0.18,1,2,0.5,2,4,1.0,0,7,N
0.04,1,4,0.27,19,2,18,1,3,7,3,0.22,3,6,0.25,6,12,0.75,1,9,N
0.05,1,6,0.25,17,4,30,1,5,11,8,0.19,5,10,0.17,10,20,0.83,5,15,N
0.09,2,2,0.22,12,3,7,1,1,3,2,0.17,1,2,0.5,2,4,0.5,1,7,N
0.06,3,3,0.27,18,3,13,1,3,5,4,0.2,2,4,0.33,4,8,1.0,1,10,N
0.06,3,3,0.27,18,3,14,1,3,5,5,0.2,2,4,0.33,4,8,1.0,1,11,N
0.06,1,3,0.25,17,3,15,1,3,5,4,0.2,2,4,0.33,4,8,1.0,1,9,N
0.27,0,2,1.0,5,0,5,1,1,3,0,1.0,1,2,0.5,2,4,0.5,0,2,N
0.17,2,3,0.6,9,1,9,3,3,5,2,0.38,2,2,1.0,3,6,1.0,0,7,N
0.17,2,3,0.43,9,2,9,3,3,5,2,0.3,2,2,1.0,3,6,1.0,0,7,N
0.03,1,5,0.28,21,2,26,1,4,9,4,0.24,4,8,0.2,8,16,0.8,1,11,N
0.06,4,4,0.33,17,3,18,1,4,7,4,0.25,3,6,0.25,6,12,1.0,1,13,N
0.03,6,7,0.41,20,2,32,1,7,13,4,0.32,6,12,0.14,12,24,1.0,1,16,N
0.06,5,4,0.33,17,3,18,1,4,7,4,0.24,3,6,0.25,6,12,1.0,1,13,N
0.04,1,4,0.31,17,3,23,1,4,7,5,0.25,3,6,0.25,6,12,1.0,1,9,N
0.27,0,2,1.0,5,1,5,1,1,3,0,0.5,1,2,0.5,2,4,0.5,0,2,N
0.05,1,4,0.57,15,1,20,1,4,7,4,0.44,3,6,0.25,6,12,1.0,0,9,N
0.07,0,4,0.4,13,2,16,1,4,7,4,0.33,3,6,0.25,6,12,1.0,0,9,N
0.1,1,3,0.75,12,1,10,3,2,5,2,0.5,2,4,1.0,4,8,0.67,0,5,N
0.24,1,2,0.4,7,1,7,1,2,3,2,0.29,1,2,0.5,2,4,1.0,0,5,N
0.24,1,2,0.4,7,1,7,1,2,3,2,0.29,1,2,0.5,2,4,1.0,0,5,N
0.04,1,4,0.25,19,2,19,1,3,7,3,0.21,3,6,0.25,6,12,0.75,1,9,N
0.06,1,3,0.43,16,1,14,1,3,5,3,0.33,2,4,0.33,4,8,1.0,0,8,N
0.13,0,2,0.29,9,2,7,1,2,3,2,0.22,1,2,0.5,2,4,1.0,0,6,N
0.04,1,6,0.25,17,4,29,1,5,11,7,0.19,5,10,0.17,10,20,0.83,5,13,N
0.04,2,3,0.27,18,3,12,1,3,5,3,0.21,2,4,0.33,4,8,1.0,1,7,N
0.05,1,3,0.25,17,3,14,1,3,5,3,0.2,2,4,0.33,4,8,1.0,1,7,N
0.14,2,2,1.0,8,0,7,1,1,3,1,2.0,1,2,0.5,2,4,0.5,0,4,N
0.13,2,2,1.0,11,0,7,1,1,3,1,2.0,1,2,0.5,2,4,0.5,0,5,N
0.2,2,2,1.0,5,1,6,1,1,3,0,0.5,1,2,0.5,2,4,0.5,0,2,N
0.1,3,4,2.0,6,1,10,1,1,7,0,1.0,3,6,0.25,6,12,0.25,0,3,N
0.2,2,2,1.0,5,1,6,1,1,3,0,0.5,1,2,0.5,2,4,0.5,0,2,N
0.1,3,4,2.0,6,1,10,1,1,7,0,1.0,3,6,0.25,6,12,0.25,0,3,N
0.06,2,2,1.0,9,1,6,1,1,3,0,0.5,1,2,0.5,2,4,0.5,0,2,N
0.33,2,1,0.5,6,1,2,1,1,1,0,0.25,1,2,1.0,2,4,1.0,0,2,N
0.33,2,1,0.5,6,1,2,1,1,1,0,0.25,1,2,1.0,2,4,1.0,0,2,N
0.33,2,1,0.5,6,1,2,1,1,1,0,0.2,1,2,1.0,2,4,1.0,0,2,N
0.04,0,14,0.13,17,11,76,1,8,27,17,0.11,13,26,0.07,26,52,0.57,26,78,N
0.06,1,6,0.11,13,7,50,6,6,11,17,0.09,5,10,1.0,10,20,1.0,12,40,N
0.05,4,4,0.03,16,4,128,1,4,6,16,0.02,1,2,0.25,2,4,1.0,26,195,N
0.05,0,8,0.15,14,3,41,1,3,15,4,0.12,7,14,0.13,14,28,0.38,9,52,N
0.33,0,1,0.5,6,1,3,1,1,1,1,0.25,1,2,1.0,2,4,1.0,0,1,N
0.09,1,8,0.4,17,2,22,5,7,12,9,0.33,3,6,0.63,6,12,0.88,2,15,N
0.14,2,2,1.0,8,0,7,1,1,3,1,2.0,1,2,0.5,2,4,0.5,0,4,N
0.13,2,2,1.0,11,0,7,1,1,3,1,2.0,1,2,0.5,2,4,0.5,0,5,N
0.09,3,3,0.19,14,4,12,1,2,5,2,0.15,2,4,0.33,4,8,0.67,0,11,N
0.09,3,3,0.19,14,4,12,1,2,5,2,0.15,2,4,0.33,4,8,0.67,0,11,N
0.09,3,3,0.19,14,4,12,1,2,5,2,0.15,2,4,0.33,4,8,0.67,0,11,N
0.15,3,2,0.2,9,3,7,1,2,3,2,0.14,2,4,0.5,4,8,1.0,0,6,N
0.15,3,2,0.2,9,3,7,1,2,3,2,0.14,2,4,0.5,4,8,1.0,0,6,N
0.15,3,2,0.2,9,3,7,1,2,3,2,0.14,2,4,0.5,4,8,1.0,0,6,N
0.25,2,1,0.5,8,1,3,1,1,1,1,0.25,1,2,1.0,2,4,1.0,0,3,N
0.2,2,2,1.0,5,1,6,1,1,3,0,0.5,1,2,0.5,2,4,0.5,0,2,N
0.2,2,2,0.4,5,1,6,1,1,3,0,0.29,1,2,0.5,2,4,0.5,0,2,N
0.1,3,4,2.0,6,1,10,1,1,7,0,1.0,3,6,0.25,6,12,0.25,0,3,N
0.2,2,2,0.4,5,1,6,1,1,3,0,0.29,1,2,0.5,2,4,0.5,0,2,N
0.2,2,2,1.0,5,1,6,1,1,3,0,0.5,1,2,0.5,2,4,0.5,0,2,N
0.1,3,4,2.0,6,1,10,1,1,7,0,1.0,3,6,0.25,6,12,0.25,0,3,N
0.06,2,2,1.0,9,1,6,1,1,3,0,0.5,1,2,0.5,2,4,0.5,0,2,N
0.33,2,1,0.5,6,1,2,1,1,1,0,0.25,1,2,1.0,2,4,1.0,0,2,N
0.33,2,1,0.5,6,1,2,1,1,1,0,0.25,1,2,1.0,2,4,1.0,0,2,N
0.33,2,1,0.5,6,1,2,1,1,1,0,0.25,1,2,1.0,2,4,1.0,0,2,N
0.33,2,1,0.5,6,1,2,1,1,1,0,0.2,1,2,1.0,2,4,1.0,0,2,N
0.33,2,1,0.5,6,1,2,1,1,1,0,0.25,1,2,1.0,2,4,1.0,0,2,N
0.07,2,3,1.5,9,1,6,1,1,5,0,0.75,3,2,0.33,4,8,0.33,0,2,N
0.33,2,1,0.5,6,1,2,1,1,1,0,0.25,1,2,1.0,2,4,1.0,0,2,N
0.25,2,1,0.5,8,1,3,1,1,1,1,0.13,1,2,1.0,2,4,1.0,4,3,N
0.17,2,2,1.0,6,1,5,1,1,3,0,0.5,2,2,0.5,3,6,0.5,0,2,N
0.33,2,1,0.5,6,1,2,1,1,1,0,0.25,1,2,1.0,2,4,1.0,0,2,N
0.19,1,2,1.0,8,0,6,1,2,3,1,1.0,1,2,0.5,2,4,1.0,0,3,N
0.04,2,4,0.27,15,3,13,1,3,7,2,0.24,3,6,0.25,6,12,0.75,0,8,N
0.04,2,4,0.27,16,3,14,1,3,7,3,0.24,3,6,0.25,6,12,0.75,0,10,N
0.21,1,2,0.4,8,1,7,1,2,3,2,0.29,1,2,0.5,2,4,1.0,0,5,N
0.21,2,2,0.4,8,1,7,1,2,3,2,0.29,1,2,0.5,2,4,1.0,0,6,N
0.09,0,2,0.67,8,1,8,1,2,3,2,0.4,1,2,0.5,2,4,1.0,0,3,N
0.21,1,2,0.4,8,1,7,1,2,3,2,0.29,1,2,0.5,2,4,1.0,0,5,N
0.21,2,2,0.4,8,1,7,1,2,3,2,0.29,1,2,0.5,2,4,1.0,0,6,N
0.09,0,2,0.67,8,1,8,1,2,3,2,0.4,1,2,0.5,2,4,1.0,0,3,N
0.17,2,3,0.6,9,1,9,3,3,5,3,0.43,2,2,1.0,3,6,1.0,0,7,N
0.18,3,3,0.6,9,1,9,3,3,5,3,0.38,2,2,1.0,3,6,1.0,0,8,N
0.11,0,3,0.75,8,1,15,1,3,5,4,0.5,2,4,0.33,4,8,1.0,0,6,N
0.21,1,2,0.4,8,1,7,1,2,3,2,0.29,1,2,0.5,2,4,1.0,0,5,N
0.21,2,2,0.4,8,1,7,1,2,3,2,0.29,1,2,0.5,2,4,1.0,0,6,N
0.09,0,2,0.67,8,1,8,1,2,3,2,0.4,1,2,0.5,2,4,1.0,0,3,N
0.21,1,2,0.4,8,1,7,1,2,3,2,0.29,1,2,0.5,2,4,1.0,0,5,N
0.21,2,2,0.4,8,1,7,1,2,3,2,0.29,1,2,0.5,2,4,1.0,0,6,N
0.09,0,2,0.67,8,1,8,1,2,3,2,0.4,1,2,0.5,2,4,1.0,0,3,N
0.21,1,2,0.4,8,1,7,1,2,3,2,0.29,1,2,0.5,2,4,1.0,0,5,N
0.21,2,2,0.4,8,1,7,1,2,3,2,0.29,1,2,0.5,2,4,1.0,0,6,N
0.09,0,2,0.67,8,1,8,1,2,3,2,0.4,1,2,0.5,2,4,1.0,0,3,N
0.33,0,1,0.5,6,1,3,1,1,1,1,0.25,1,2,1.0,2,4,1.0,0,1,N
0.09,1,8,0.4,17,2,22,5,7,12,9,0.33,3,6,0.63,6,12,0.88,2,15,N
0.27,0,2,1.0,5,1,5,1,1,3,0,0.5,1,2,0.5,2,4,0.5,0,2,N
0.06,1,3,0.6,16,1,14,1,3,5,3,0.43,2,4,0.33,4,8,1.0,0,6,N
0.21,1,2,0.25,7,2,7,1,2,3,3,0.2,1,2,0.5,2,4,1.0,0,6,N
0.25,1,2,0.22,7,2,8,1,2,3,3,0.18,1,2,0.5,2,4,1.0,0,7,N
0.04,1,4,0.27,19,2,18,1,3,7,3,0.22,3,6,0.25,6,12,0.75,1,9,N
0.05,1,6,0.25,17,4,30,1,5,11,8,0.19,5,10,0.17,10,20,0.83,5,15,N
0.09,2,2,0.22,12,3,7,1,1,3,2,0.17,1,2,0.5,2,4,0.5,1,7,N
0.06,3,3,0.27,18,3,13,1,3,5,4,0.2,2,4,0.33,4,8,1.0,1,10,N
0.06,3,3,0.27,18,3,14,1,3,5,5,0.2,2,4,0.33,4,8,1.0,1,11,N
0.06,1,3,0.25,17,3,15,1,3,5,4,0.2,2,4,0.33,4,8,1.0,1,9,N
0.27,0,2,1.0,5,0,5,1,1,3,0,1.0,1,2,0.5,2,4,0.5,0,2,N
0.17,2,3,0.6,9,1,9,3,3,5,2,0.38,2,2,1.0,3,6,1.0,0,7,N
0.17,2,3,0.43,9,2,9,3,3,5,2,0.3,2,2,1.0,3,6,1.0,0,7,N
0.03,1,5,0.28,21,2,26,1,4,9,4,0.24,4,8,0.2,8,16,0.8,1,11,N
0.06,4,4,0.33,17,3,18,1,4,7,4,0.25,3,6,0.25,6,12,1.0,1,13,N
0.03,6,7,0.41,20,2,32,1,7,13,4,0.32,6,12,0.14,12,24,1.0,1,16,N
0.06,5,4,0.33,17,3,18,1,4,7,4,0.24,3,6,0.25,6,12,1.0,1,13,N
0.04,1,4,0.31,17,3,23,1,4,7,5,0.25,3,6,0.25,6,12,1.0,1,9,N
0.27,0,2,1.0,5,1,5,1,1,3,0,0.5,1,2,0.5,2,4,0.5,0,2,N
0.05,1,4,0.57,15,1,20,1,4,7,4,0.44,3,6,0.25,6,12,1.0,0,9,N
0.07,0,4,0.4,13,2,16,1,4,7,4,0.33,3,6,0.25,6,12,1.0,0,9,N
0.1,1,3,0.75,12,1,10,3,2,5,2,0.5,2,4,1.0,4,8,0.67,0,5,N
0.24,1,2,0.4,7,1,7,1,2,3,2,0.29,1,2,0.5,2,4,1.0,0,5,N
0.24,1,2,0.4,7,1,7,1,2,3,2,0.29,1,2,0.5,2,4,1.0,0,5,N
0.04,1,4,0.25,19,2,19,1,3,7,3,0.21,3,6,0.25,6,12,0.75,1,9,N
0.06,1,3,0.43,16,1,14,1,3,5,3,0.33,2,4,0.33,4,8,1.0,0,8,N
0.13,0,2,0.29,9,2,7,1,2,3,2,0.22,1,2,0.5,2,4,1.0,0,6,N
0.04,1,6,0.25,17,4,29,1,5,11,7,0.19,5,10,0.17,10,20,0.83,5,13,N
0.04,2,3,0.27,18,3,12,1,3,5,3,0.21,2,4,0.33,4,8,1.0,1,7,N
0.05,1,3,0.25,17,3,14,1,3,5,3,0.2,2,4,0.33,4,8,1.0,1,7,N
0.04,2,4,0.36,13,2,13,1,3,7,1,0.31,3,6,0.25,6,12,0.75,0,7,N
0.15,3,2,1.0,8,1,7,1,1,3,0,0.5,1,2,0.5,2,4,0.5,0,6,N
0.18,1,2,0.5,7,1,6,1,1,3,1,0.25,1,2,0.5,2,4,0.5,2,11,N
0.08,2,4,0.44,16,2,10,1,1,7,0,0.36,3,6,0.25,6,12,0.25,0,8,N
0.1,1,3,0.21,13,3,9,1,3,5,2,0.19,2,4,0.33,4,8,1.0,0,10,N
0.06,5,2,0.1,15,2,10,1,2,3,2,0.07,1,2,0.5,2,4,1.0,5,19,N
0.06,4,5,0.25,20,3,20,1,3,9,4,0.2,4,8,0.2,8,16,0.6,3,27,N
0.06,2,5,0.2,16,4,18,4,4,9,6,0.17,4,6,0.8,7,14,0.8,3,26,N
0.05,3,3,0.16,16,2,9,3,2,5,2,0.14,2,2,1.0,3,6,0.67,1,24,N
0.06,2,5,0.21,17,4,17,5,4,9,6,0.17,4,6,1.0,7,14,0.8,3,25,N
0.08,4,2,0.13,13,2,8,1,2,3,2,0.09,1,2,0.5,2,4,1.0,4,14,N
0.1,3,4,0.36,14,2,14,1,2,7,4,0.22,3,6,0.25,6,12,0.5,3,21,N
0.08,1,3,0.23,15,2,11,3,2,5,5,0.17,2,2,1.0,3,6,0.67,2,17,N
0.05,4,4,0.21,16,2,10,4,2,7,2,0.17,3,2,1.0,4,8,0.5,1,24,N
0.19,2,3,0.75,7,1,10,1,1,5,1,0.5,2,4,0.33,4,8,0.33,0,8,N
0.05,2,7,0.7,13,1,20,7,1,13,2,0.54,6,8,1.0,10,20,0.14,1,12,N
0.02,3,35,0.28,35,19,110,26,26,67,12,0.24,31,38,0.74,50,100,0.74,18,78,N
0.2,2,2,0.4,5,1,6,1,1,3,0,0.29,1,2,0.5,2,4,0.5,0,2,N
0.2,2,2,0.4,5,1,6,1,1,3,0,0.29,1,2,0.5,2,4,0.5,0,2,N
0.19,1,2,1.0,8,0,6,1,2,3,1,1.0,1,2,0.5,2,4,1.0,0,3,N
0.14,2,2,1.0,8,0,7,1,1,3,1,2.0,1,2,0.5,2,4,0.5,0,4,N
0.13,2,2,1.0,11,0,7,1,1,3,1,2.0,1,2,0.5,2,4,0.5,0,5,N
0.2,2,2,1.0,5,1,6,1,1,3,0,0.5,1,2,0.5,2,4,0.5,0,2,N
0.1,3,4,2.0,6,1,10,1,1,7,0,1.0,3,6,0.25,6,12,0.25,0,3,N
0.2,2,2,1.0,5,1,6,1,1,3,0,0.5,1,2,0.5,2,4,0.5,0,2,N
0.1,3,4,2.0,6,1,10,1,1,7,0,1.0,3,6,0.25,6,12,0.25,0,3,N
0.06,2,2,1.0,9,1,6,1,1,3,0,0.5,1,2,0.5,2,4,0.5,0,2,N
0.33,2,1,0.5,6,1,2,1,1,1,0,0.25,1,2,1.0,2,4,1.0,0,2,N
0.33,2,1,0.5,6,1,2,1,1,1,0,0.25,1,2,1.0,2,4,1.0,0,2,N
0.33,2,1,0.5,6,1,2,1,1,1,0,0.2,1,2,1.0,2,4,1.0,0,2,N
0.14,2,2,0.4,8,1,8,1,1,3,3,0.29,1,2,0.5,2,4,0.5,0,5,N
0.08,2,4,0.2,13,4,13,1,3,6,5,0.17,1,2,0.25,2,4,0.75,1,8,N
0.33,0,2,0.67,6,1,6,1,2,3,2,0.2,1,2,0.5,2,4,1.0,5,2,N
0.4,0,2,0.5,5,2,6,1,2,3,2,0.2,1,2,0.5,2,4,1.0,4,2,N
0.2,0,2,1.0,6,1,6,1,1,3,0,0.25,1,2,0.5,2,4,0.5,4,3,N
0.1,4,2,0.22,13,2,8,1,1,3,1,0.12,1,2,0.5,2,4,0.5,3,11,N
0.02,0,144,0.22,31,105,568,124,115,287,74,0.19,143,284,0.86,285,570,0.8,111,245,N
0.07,0,3,0.43,11,1,11,3,3,5,3,0.3,2,4,1.0,4,8,1.0,1,4,N
0.17,2,2,0.5,9,1,6,1,2,3,2,0.29,1,2,0.5,2,4,1.0,1,7,N
0.03,3,16,0.4,20,6,47,15,12,31,6,0.37,15,20,0.94,25,50,0.75,1,25,N
0.04,3,15,0.38,17,6,46,14,11,29,6,0.35,14,20,0.93,24,48,0.73,1,24,N
0.03,3,16,0.4,20,6,47,15,12,31,6,0.37,15,20,0.94,25,50,0.75,1,25,N
0.07,4,7,0.18,13,4,44,1,4,13,13,0.15,6,12,0.14,12,24,0.57,5,26,N
0.05,0,11,0.31,18,4,44,5,8,21,15,0.28,9,16,0.45,17,34,0.73,3,23,N
0.21,1,2,0.4,8,1,7,1,2,3,2,0.29,1,2,0.5,2,4,1.0,0,5,N
0.21,2,2,0.4,8,1,7,1,2,3,2,0.29,1,2,0.5,2,4,1.0,0,6,N
0.09,0,2,0.67,8,1,8,1,2,3,2,0.4,1,2,0.5,2,4,1.0,0,3,N
0.21,1,2,0.4,8,1,7,1,2,3,2,0.29,1,2,0.5,2,4,1.0,0,5,N
0.21,2,2,0.4,8,1,7,1,2,3,2,0.29,1,2,0.5,2,4,1.0,0,6,N
0.09,0,2,0.67,8,1,8,1,2,3,2,0.4,1,2,0.5,2,4,1.0,0,3,N
0.17,2,3,0.6,9,1,9,3,3,5,3,0.43,2,2,1.0,3,6,1.0,0,7,N
0.18,3,3,0.6,9,1,9,3,3,5,3,0.38,2,2,1.0,3,6,1.0,0,8,N
0.11,0,3,0.75,8,1,15,1,3,5,4,0.5,2,4,0.33,4,8,1.0,0,6,N
0.21,1,2,0.4,8,1,7,1,2,3,2,0.29,1,2,0.5,2,4,1.0,0,5,N
0.21,2,2,0.4,8,1,7,1,2,3,2,0.29,1,2,0.5,2,4,1.0,0,6,N
0.09,0,2,0.67,8,1,8,1,2,3,2,0.4,1,2,0.5,2,4,1.0,0,3,N
0.21,1,2,0.4,8,1,7,1,2,3,2,0.29,1,2,0.5,2,4,1.0,0,5,N
0.21,2,2,0.4,8,1,7,1,2,3,2,0.29,1,2,0.5,2,4,1.0,0,6,N
0.09,0,2,0.67,8,1,8,1,2,3,2,0.4,1,2,0.5,2,4,1.0,0,3,N
0.21,1,2,0.4,8,1,7,1,2,3,2,0.29,1,2,0.5,2,4,1.0,0,5,N
0.21,2,2,0.4,8,1,7,1,2,3,2,0.29,1,2,0.5,2,4,1.0,0,6,N
0.09,0,2,0.67,8,1,8,1,2,3,2,0.4,1,2,0.5,2,4,1.0,0,3,N
0.11,0,3,0.3,11,4,9,1,1,5,1,0.25,1,2,0.33,2,4,0.33,0,3,N
0.25,0,2,1.0,8,0,5,1,2,3,1,2.0,1,2,0.5,2,4,1.0,0,2,N
0.17,1,3,0.5,7,2,8,1,2,5,1,0.38,2,4,0.33,4,8,0.67,0,3,N
0.19,3,2,0.4,8,2,6,1,1,3,1,0.29,1,2,0.5,2,4,0.5,0,6,N
0.21,0,2,0.5,8,1,6,1,1,3,0,0.33,1,2,0.5,2,4,0.5,0,5,N
0.21,0,2,0.5,8,1,6,1,1,3,0,0.33,1,2,0.5,2,4,0.5,0,5,N
0.15,1,2,0.67,8,1,5,1,1,3,0,0.4,2,2,0.5,3,6,0.5,0,3,N
0.21,0,2,0.5,8,1,6,1,1,3,0,0.33,1,2,0.5,2,4,0.5,0,5,N
0.21,0,2,0.5,8,1,6,1,1,3,0,0.33,1,2,0.5,2,4,0.5,0,5,N
0.21,0,2,0.5,8,1,6,1,1,3,0,0.33,1,2,0.5,2,4,0.5,0,5,N
0.21,0,2,0.5,8,1,6,1,1,3,0,0.33,1,2,0.5,2,4,0.5,0,5,N
0.4,1,2,1.0,5,1,6,1,2,3,1,0.5,1,2,0.5,2,4,1.0,0,4,N
0.33,0,2,1.0,6,1,6,1,2,3,1,0.5,1,2,0.5,2,4,1.0,0,3,N
0.18,2,3,0.6,9,2,8,1,2,5,2,0.43,2,2,0.33,3,6,0.67,0,9,N
0.3,3,2,0.4,6,2,6,1,1,3,1,0.29,1,2,0.5,2,4,0.5,0,8,N
0.23,1,2,0.25,7,3,8,1,1,3,2,0.2,1,2,0.5,2,4,0.5,0,9,N
0.23,1,2,1.0,7,1,5,1,1,3,1,0.5,2,2,0.5,3,6,0.5,0,4,N
0.23,1,2,1.0,7,1,5,1,1,3,1,0.5,2,2,0.5,3,6,0.5,0,4,N
0.23,1,2,1.0,7,1,5,1,1,3,1,0.5,2,2,0.5,3,6,0.5,0,4,N
0.23,1,2,1.0,7,1,5,1,1,3,1,0.5,2,2,0.5,3,6,0.5,0,4,N
0.33,0,2,0.67,6,1,5,1,2,3,1,0.22,1,2,0.5,2,4,1.0,4,2,N
0.33,1,2,0.67,6,1,5,1,2,3,1,0.4,1,2,0.5,2,4,1.0,0,3,N
0.17,1,3,0.6,9,1,10,1,2,5,2,0.27,2,4,0.33,4,8,0.67,4,6,N
0.25,0,2,1.0,6,1,5,1,1,3,0,0.5,2,2,0.5,3,6,0.5,0,3,N
0.19,2,3,0.3,7,3,9,1,3,5,3,0.25,2,4,0.33,4,8,1.0,0,10,N
0.2,3,3,0.3,7,3,9,1,3,5,3,0.25,2,4,0.33,4,8,1.0,0,11,N
0.13,1,3,1.5,9,1,7,3,1,5,0,0.75,2,2,1.0,3,6,0.33,0,4,N
0.29,0,2,0.67,7,1,5,1,2,3,1,0.4,1,2,0.5,2,4,1.0,0,3,N
0.29,0,2,0.67,7,1,6,1,2,3,2,0.4,1,2,0.5,2,4,1.0,0,3,N
0.17,0,2,0.5,7,1,5,1,2,3,1,0.2,1,2,0.5,2,4,1.0,4,3,N
0.33,0,1,0.5,6,1,3,1,1,1,1,0.25,1,2,1.0,2,4,1.0,0,1,N
0.09,1,8,0.4,17,2,22,5,7,12,9,0.33,3,6,0.63,6,12,0.88,2,15,N
0.08,2,3,0.2,11,3,17,1,3,5,8,0.15,2,4,0.33,4,8,1.0,3,7,N
0.14,2,2,1.0,8,0,7,1,1,3,1,2.0,1,2,0.5,2,4,0.5,0,4,N
0.13,2,2,1.0,11,0,7,1,1,3,1,2.0,1,2,0.5,2,4,0.5,0,5,N
0.25,2,1,0.5,8,1,3,1,1,1,1,0.25,1,2,1.0,2,4,1.0,0,3,N
0.2,2,2,0.4,5,1,6,1,1,3,0,0.29,1,2,0.5,2,4,0.5,0,2,N
0.2,2,2,1.0,5,1,6,1,1,3,0,0.5,1,2,0.5,2,4,0.5,0,2,N
0.1,3,4,2.0,6,1,10,1,1,7,0,1.0,3,6,0.25,6,12,0.25,0,3,N
0.2,2,2,0.4,5,1,6,1,1,3,0,0.29,1,2,0.5,2,4,0.5,0,2,N
0.2,2,2,1.0,5,1,6,1,1,3,0,0.5,1,2,0.5,2,4,0.5,0,2,N
0.1,3,4,2.0,6,1,10,1,1,7,0,1.0,3,6,0.25,6,12,0.25,0,3,N
0.06,2,2,1.0,9,1,6,1,1,3,0,0.5,1,2,0.5,2,4,0.5,0,2,N
0.33,2,1,0.5,6,1,2,1,1,1,0,0.25,1,2,1.0,2,4,1.0,0,2,N
0.33,2,1,0.5,6,1,2,1,1,1,0,0.25,1,2,1.0,2,4,1.0,0,2,N
0.33,2,1,0.5,6,1,2,1,1,1,0,0.25,1,2,1.0,2,4,1.0,0,2,N
0.33,2,1,0.5,6,1,2,1,1,1,0,0.2,1,2,1.0,2,4,1.0,0,2,N
0.33,2,1,0.5,6,1,2,1,1,1,0,0.25,1,2,1.0,2,4,1.0,0,2,N
0.07,2,3,1.5,9,1,6,1,1,5,0,0.75,3,2,0.33,4,8,0.33,0,2,N
0.33,2,1,0.5,6,1,2,1,1,1,0,0.25,1,2,1.0,2,4,1.0,0,2,N
0.25,2,1,0.5,8,1,3,1,1,1,1,0.13,1,2,1.0,2,4,1.0,4,3,N
0.17,2,2,1.0,6,1,5,1,1,3,0,0.5,2,2,0.5,3,6,0.5,0,2,N
0.33,2,1,0.5,6,1,2,1,1,1,0,0.25,1,2,1.0,2,4,1.0,0,2,N
0.19,1,2,1.0,8,0,6,1,2,3,1,1.0,1,2,0.5,2,4,1.0,0,3,N
0.14,2,2,0.4,8,1,8,1,1,3,3,0.29,1,2,0.5,2,4,0.5,0,5,N
0.08,2,4,0.2,13,4,13,1,3,6,5,0.17,1,2,0.25,2,4,0.75,1,8,N
0.04,2,4,0.27,15,3,13,1,3,7,2,0.24,3,6,0.25,6,12,0.75,0,8,N
0.04,2,4,0.27,16,3,14,1,3,7,3,0.24,3,6,0.25,6,12,0.75,0,10,N
0.33,0,2,0.67,6,1,6,1,2,3,2,0.2,1,2,0.5,2,4,1.0,5,2,N
0.4,0,2,0.5,5,2,6,1,2,3,2,0.2,1,2,0.5,2,4,1.0,4,2,N
0.2,0,2,1.0,6,1,6,1,1,3,0,0.25,1,2,0.5,2,4,0.5,4,3,N
0.5,0,2,0.5,4,1,6,1,2,3,2,0.33,1,2,0.5,2,4,1.0,0,4,N
0.14,0,2,0.5,8,1,9,1,2,3,2,0.33,1,2,0.5,2,4,1.0,0,5,N
0.06,2,3,0.33,17,1,8,1,3,5,2,0.27,2,4,0.33,4,8,1.0,0,10,N
0.06,1,2,0.33,15,1,5,1,2,3,1,0.25,1,2,0.5,2,4,1.0,0,6,N
0.04,1,5,0.29,16,3,15,1,2,9,1,0.24,4,8,0.2,8,16,0.4,2,7,N
0.07,0,3,0.23,11,2,20,1,3,5,12,0.16,2,4,0.33,4,8,1.0,4,9,N
0.09,2,3,1.0,10,0,8,1,3,5,3,3.0,3,2,0.33,4,8,1.0,0,5,N
0.06,1,4,0.31,14,3,19,1,4,7,7,0.15,3,6,0.25,6,12,1.0,12,8,N
0.13,0,2,0.25,14,1,14,1,2,3,8,0.11,1,2,0.5,2,4,1.0,9,13,N
0.18,4,4,0.21,9,2,22,1,4,7,12,0.14,3,6,0.25,6,12,1.0,8,21,N
0.21,1,2,0.4,8,1,7,1,2,3,2,0.29,1,2,0.5,2,4,1.0,0,5,N
0.21,2,2,0.4,8,1,7,1,2,3,2,0.29,1,2,0.5,2,4,1.0,0,6,N
0.09,0,2,0.67,8,1,8,1,2,3,2,0.4,1,2,0.5,2,4,1.0,0,3,N
0.21,1,2,0.4,8,1,7,1,2,3,2,0.29,1,2,0.5,2,4,1.0,0,5,N
0.21,2,2,0.4,8,1,7,1,2,3,2,0.29,1,2,0.5,2,4,1.0,0,6,N
0.09,0,2,0.67,8,1,8,1,2,3,2,0.4,1,2,0.5,2,4,1.0,0,3,N
0.17,2,3,0.6,9,1,9,3,3,5,3,0.43,2,2,1.0,3,6,1.0,0,7,N
0.18,3,3,0.6,9,1,9,3,3,5,3,0.38,2,2,1.0,3,6,1.0,0,8,N
0.11,0,3,0.75,8,1,15,1,3,5,4,0.5,2,4,0.33,4,8,1.0,0,6,N
0.21,1,2,0.4,8,1,7,1,2,3,2,0.29,1,2,0.5,2,4,1.0,0,5,N
0.21,2,2,0.4,8,1,7,1,2,3,2,0.29,1,2,0.5,2,4,1.0,0,6,N
0.09,0,2,0.67,8,1,8,1,2,3,2,0.4,1,2,0.5,2,4,1.0,0,3,N
0.21,1,2,0.4,8,1,7,1,2,3,2,0.29,1,2,0.5,2,4,1.0,0,5,N
0.21,2,2,0.4,8,1,7,1,2,3,2,0.29,1,2,0.5,2,4,1.0,0,6,N
0.09,0,2,0.67,8,1,8,1,2,3,2,0.4,1,2,0.5,2,4,1.0,0,3,N
0.21,1,2,0.4,8,1,7,1,2,3,2,0.29,1,2,0.5,2,4,1.0,0,5,N
0.21,2,2,0.4,8,1,7,1,2,3,2,0.29,1,2,0.5,2,4,1.0,0,6,N
0.09,0,2,0.67,8,1,8,1,2,3,2,0.4,1,2,0.5,2,4,1.0,0,3,N
0.11,0,3,0.3,11,4,9,1,1,5,1,0.25,1,2,0.33,2,4,0.33,0,3,N
0.25,0,2,1.0,8,0,5,1,2,3,1,2.0,1,2,0.5,2,4,1.0,0,2,N
0.17,1,3,0.5,7,2,8,1,2,5,1,0.38,2,4,0.33,4,8,0.67,0,3,N
0.19,3,2,0.4,8,2,6,1,1,3,1,0.29,1,2,0.5,2,4,0.5,0,6,N
0.21,0,2,0.5,8,1,6,1,1,3,0,0.33,1,2,0.5,2,4,0.5,0,5,N
0.21,0,2,0.5,8,1,6,1,1,3,0,0.33,1,2,0.5,2,4,0.5,0,5,N
0.15,1,2,0.67,8,1,5,1,1,3,0,0.4,2,2,0.5,3,6,0.5,0,3,N
0.21,0,2,0.5,8,1,6,1,1,3,0,0.33,1,2,0.5,2,4,0.5,0,5,N
0.21,0,2,0.5,8,1,6,1,1,3,0,0.33,1,2,0.5,2,4,0.5,0,5,N
0.21,0,2,0.5,8,1,6,1,1,3,0,0.33,1,2,0.5,2,4,0.5,0,5,N
0.21,0,2,0.5,8,1,6,1,1,3,0,0.33,1,2,0.5,2,4,0.5,0,5,N
0.4,1,2,1.0,5,1,6,1,2,3,1,0.5,1,2,0.5,2,4,1.0,0,4,N
0.33,0,2,1.0,6,1,6,1,2,3,1,0.5,1,2,0.5,2,4,1.0,0,3,N
0.18,2,3,0.6,9,2,8,1,2,5,2,0.43,2,2,0.33,3,6,0.67,0,9,N
0.3,3,2,0.4,6,2,6,1,1,3,1,0.29,1,2,0.5,2,4,0.5,0,8,N
0.23,1,2,0.25,7,3,8,1,1,3,2,0.2,1,2,0.5,2,4,0.5,0,9,N
0.23,1,2,1.0,7,1,5,1,1,3,1,0.5,2,2,0.5,3,6,0.5,0,4,N
0.23,1,2,1.0,7,1,5,1,1,3,1,0.5,2,2,0.5,3,6,0.5,0,4,N
0.23,1,2,1.0,7,1,5,1,1,3,1,0.5,2,2,0.5,3,6,0.5,0,4,N
0.23,1,2,1.0,7,1,5,1,1,3,1,0.5,2,2,0.5,3,6,0.5,0,4,N
0.33,0,2,0.67,6,1,5,1,2,3,1,0.22,1,2,0.5,2,4,1.0,4,2,N
0.33,1,2,0.67,6,1,5,1,2,3,1,0.4,1,2,0.5,2,4,1.0,0,3,N
0.17,1,3,0.6,9,1,10,1,2,5,2,0.27,2,4,0.33,4,8,0.67,4,6,N
0.25,0,2,1.0,6,1,5,1,1,3,0,0.5,2,2,0.5,3,6,0.5,0,3,N
0.19,2,3,0.3,7,3,9,1,3,5,3,0.25,2,4,0.33,4,8,1.0,0,10,N
0.2,3,3,0.3,7,3,9,1,3,5,3,0.25,2,4,0.33,4,8,1.0,0,11,N
0.13,1,3,1.5,9,1,7,3,1,5,0,0.75,2,2,1.0,3,6,0.33,0,4,N
0.29,0,2,0.67,7,1,5,1,2,3,1,0.4,1,2,0.5,2,4,1.0,0,3,N
0.29,0,2,0.67,7,1,6,1,2,3,2,0.4,1,2,0.5,2,4,1.0,0,3,N
0.17,0,2,0.5,7,1,5,1,2,3,1,0.2,1,2,0.5,2,4,1.0,4,3,N
0.33,0,1,0.5,6,1,3,1,1,1,1,0.25,1,2,1.0,2,4,1.0,0,1,N
0.09,1,8,0.4,17,2,22,5,7,12,9,0.33,3,6,0.63,6,12,0.88,2,15,N
0.08,2,3,0.2,11,3,17,1,3,5,8,0.15,2,4,0.33,4,8,1.0,3,7,N
0.27,0,2,1.0,5,1,5,1,1,3,0,0.5,1,2,0.5,2,4,0.5,0,2,N
0.06,1,3,0.6,16,1,14,1,3,5,3,0.43,2,4,0.33,4,8,1.0,0,6,N
0.21,1,2,0.25,7,2,7,1,2,3,3,0.2,1,2,0.5,2,4,1.0,0,6,N
0.25,1,2,0.22,7,2,8,1,2,3,3,0.18,1,2,0.5,2,4,1.0,0,7,N
0.04,1,4,0.27,19,2,18,1,3,7,3,0.22,3,6,0.25,6,12,0.75,1,9,N
0.05,1,6,0.25,17,4,30,1,5,11,8,0.19,5,10,0.17,10,20,0.83,5,15,N
0.09,2,2,0.22,12,3,7,1,1,3,2,0.17,1,2,0.5,2,4,0.5,1,7,N
0.06,3,3,0.27,18,3,13,1,3,5,4,0.2,2,4,0.33,4,8,1.0,1,10,N
0.06,3,3,0.27,18,3,14,1,3,5,5,0.2,2,4,0.33,4,8,1.0,1,11,N
0.06,1,3,0.25,17,3,15,1,3,5,4,0.2,2,4,0.33,4,8,1.0,1,9,N
0.27,0,2,1.0,5,0,5,1,1,3,0,1.0,1,2,0.5,2,4,0.5,0,2,N
0.17,2,3,0.6,9,1,9,3,3,5,2,0.38,2,2,1.0,3,6,1.0,0,7,N
0.17,2,3,0.43,9,2,9,3,3,5,2,0.3,2,2,1.0,3,6,1.0,0,7,N
0.03,1,5,0.28,21,2,26,1,4,9,4,0.24,4,8,0.2,8,16,0.8,1,11,N
0.06,4,4,0.33,17,3,18,1,4,7,4,0.25,3,6,0.25,6,12,1.0,1,13,N
0.03,6,7,0.41,20,2,32,1,7,13,4,0.32,6,12,0.14,12,24,1.0,1,16,N
0.06,5,4,0.33,17,3,18,1,4,7,4,0.24,3,6,0.25,6,12,1.0,1,13,N
0.04,1,4,0.31,17,3,23,1,4,7,5,0.25,3,6,0.25,6,12,1.0,1,9,N
0.27,0,2,1.0,5,1,5,1,1,3,0,0.5,1,2,0.5,2,4,0.5,0,2,N
0.05,1,4,0.57,15,1,20,1,4,7,4,0.44,3,6,0.25,6,12,1.0,0,9,N
0.07,0,4,0.4,13,2,16,1,4,7,4,0.33,3,6,0.25,6,12,1.0,0,9,N
0.1,1,3,0.75,12,1,10,3,2,5,2,0.5,2,4,1.0,4,8,0.67,0,5,N
0.24,1,2,0.4,7,1,7,1,2,3,2,0.29,1,2,0.5,2,4,1.0,0,5,N
0.24,1,2,0.4,7,1,7,1,2,3,2,0.29,1,2,0.5,2,4,1.0,0,5,N
0.04,1,4,0.25,19,2,19,1,3,7,3,0.21,3,6,0.25,6,12,0.75,1,9,N
0.06,1,3,0.43,16,1,14,1,3,5,3,0.33,2,4,0.33,4,8,1.0,0,8,N
0.13,0,2,0.29,9,2,7,1,2,3,2,0.22,1,2,0.5,2,4,1.0,0,6,N
0.04,1,6,0.25,17,4,29,1,5,11,7,0.19,5,10,0.17,10,20,0.83,5,13,N
0.04,2,3,0.27,18,3,12,1,3,5,3,0.21,2,4,0.33,4,8,1.0,1,7,N
0.05,1,3,0.25,17,3,14,1,3,5,3,0.2,2,4,0.33,4,8,1.0,1,7,N
0.12,1,4,0.25,10,3,17,1,4,7,7,0.21,2,4,0.25,4,8,1.0,1,7,N
0.11,0,5,0.2,14,5,19,1,5,9,7,0.17,3,6,0.2,6,12,1.0,3,16,N
0.24,2,11,0.46,6,2,34,1,11,21,3,0.29,10,20,0.09,20,40,1.0,13,24,N
0.14,2,2,1.0,8,0,7,1,1,3,1,2.0,1,2,0.5,2,4,0.5,0,4,N
0.09,2,4,0.33,14,1,20,1,4,7,9,0.21,3,6,0.25,6,12,1.0,5,14,N
0.09,1,3,0.33,12,1,10,1,3,5,3,0.21,2,4,0.33,4,8,1.0,3,9,N
0.07,4,2,0.15,13,1,9,1,1,3,4,0.08,1,2,0.5,2,4,0.5,8,13,Y
0.08,2,2,0.4,10,1,7,1,1,3,1,0.22,1,2,0.5,2,4,0.5,2,6,N
0.09,1,2,0.4,12,1,8,1,1,3,1,0.22,1,2,0.5,2,4,0.5,2,8,N
0.07,0,3,0.23,12,2,15,1,2,5,3,0.15,2,4,0.33,4,8,0.67,5,17,N
0.03,0,5,0.14,16,4,23,3,3,9,3,0.12,4,8,0.6,8,16,0.6,4,36,N
0.09,1,2,0.4,12,1,8,1,1,3,1,0.22,1,2,0.5,2,4,0.5,2,8,N
0.11,2,2,0.17,12,3,20,1,2,3,12,0.12,1,2,0.5,2,4,1.0,4,18,N
0.15,1,3,0.75,10,1,6,3,2,5,1,0.5,2,2,1.0,3,6,0.67,0,6,N
0.07,1,2,0.33,12,1,7,1,2,3,2,0.25,1,2,0.5,2,4,1.0,0,4,N
0.04,2,6,0.22,18,5,31,1,6,10,14,0.21,3,6,0.17,6,12,1.0,0,19,N
0.24,1,2,0.33,6,1,7,1,2,3,2,0.25,1,2,0.5,2,4,1.0,0,5,N
0.15,1,3,0.75,10,1,6,3,2,5,1,0.5,2,2,1.0,3,6,0.67,0,6,N
0.13,1,3,0.6,10,1,11,1,2,5,2,0.43,2,4,0.33,4,8,0.67,0,7,N
0.19,0,2,0.67,7,1,5,1,2,3,1,0.4,1,2,0.5,2,4,1.0,0,2,N
0.13,1,2,0.29,8,3,7,1,2,3,2,0.22,1,2,0.5,2,4,1.0,0,3,N
0.21,1,2,0.5,7,2,6,1,2,3,2,0.33,1,2,0.5,2,4,1.0,0,3,N
0.06,1,6,0.35,15,1,25,4,6,11,8,0.29,5,8,0.67,9,18,1.0,2,17,N
0.09,1,4,0.24,12,4,20,1,3,7,6,0.21,3,6,0.25,6,12,0.75,0,11,N
0.04,2,11,0.44,17,4,35,7,7,21,9,0.39,10,12,0.64,16,32,0.64,0,19,N
0.13,3,2,0.67,9,1,9,1,2,3,3,0.4,1,2,0.5,2,4,1.0,0,6,N
0.19,1,2,0.25,9,2,8,1,2,3,3,0.2,1,2,0.5,2,4,1.0,0,6,N
0.1,3,2,0.22,9,3,12,1,2,3,5,0.15,1,2,0.5,2,4,1.0,0,8,N
0.07,2,5,0.42,18,2,13,5,3,9,3,0.36,4,4,1.0,6,12,0.6,0,13,N
0.13,1,2,0.29,9,1,6,1,2,3,1,0.22,1,2,0.5,2,4,1.0,0,6,N
0.11,2,3,0.38,13,1,8,3,3,5,3,0.27,2,2,1.0,3,6,1.0,0,10,N
0.15,3,2,0.67,8,1,9,1,2,3,3,0.4,1,2,0.5,2,4,1.0,0,6,N
0.1,1,3,0.27,12,2,11,1,3,5,3,0.23,2,4,0.33,4,8,1.0,0,8,N
0.1,3,2,0.22,9,3,12,1,2,3,5,0.15,1,2,0.5,2,4,1.0,0,8,N
0.08,2,4,0.33,16,2,13,4,4,7,4,0.29,3,4,1.0,5,10,1.0,0,12,N
0.17,3,3,0.75,7,1,15,1,3,5,4,0.5,2,4,0.33,4,8,1.0,0,9,N
0.1,2,4,0.36,12,2,15,3,4,7,4,0.31,3,4,0.75,5,10,1.0,0,10,N
0.1,5,3,0.27,8,3,19,1,3,5,7,0.2,2,4,0.33,4,8,1.0,0,13,N
0.08,3,5,0.42,16,2,16,5,5,9,5,0.33,4,4,1.0,6,12,1.0,0,14,N
0.14,1,2,0.29,8,1,6,1,2,3,2,0.22,1,2,0.5,2,4,1.0,0,5,N
0.07,2,5,0.5,17,1,12,5,4,9,3,0.38,4,4,1.0,6,12,0.8,0,14,N
0.15,3,2,0.67,8,1,9,1,2,3,3,0.4,1,2,0.5,2,4,1.0,0,6,N
0.19,1,2,0.25,9,2,8,1,2,3,3,0.2,1,2,0.5,2,4,1.0,0,6,N
0.1,3,2,0.22,9,3,12,1,2,3,5,0.15,1,2,0.5,2,4,1.0,0,8,N
0.08,2,4,0.33,16,2,13,4,4,7,4,0.29,3,4,1.0,5,10,1.0,0,12,N
0.25,0,2,0.67,4,1,5,1,1,3,0,0.4,1,2,0.5,2,4,0.5,0,1,N
0.15,3,2,0.18,10,3,6,1,2,3,3,0.14,1,2,0.5,2,4,1.0,1,8,N
0.12,1,3,0.3,10,3,10,1,2,5,1,0.23,2,4,0.33,4,8,0.67,1,6,N
0.1,2,4,0.33,10,3,13,4,2,7,1,0.27,3,6,1.0,6,12,0.5,1,7,N
0.1,2,4,0.33,10,3,13,4,2,7,1,0.27,3,6,1.0,6,12,0.5,1,7,N
0.09,2,4,0.31,14,3,17,4,3,7,5,0.24,3,6,1.0,6,12,0.75,2,14,N
0.11,3,4,0.36,10,3,13,1,2,7,1,0.29,3,6,0.25,6,12,0.5,1,8,N
0.09,0,3,0.75,10,1,10,1,3,5,2,0.5,2,4,0.33,4,8,1.0,0,4,N
0.06,0,3,0.75,12,1,10,1,3,5,2,0.5,2,4,0.33,4,8,1.0,0,4,N
0.14,1,2,0.29,8,1,6,1,2,3,2,0.22,1,2,0.5,2,4,1.0,0,5,N
0.11,2,3,0.38,13,1,8,3,3,5,3,0.27,2,2,1.0,3,6,1.0,0,10,N
0.15,3,2,0.67,8,1,9,1,2,3,3,0.4,1,2,0.5,2,4,1.0,0,6,N
0.1,1,3,0.27,11,2,11,1,3,5,4,0.23,2,4,0.33,4,8,1.0,0,8,N
0.1,3,2,0.22,9,3,12,1,2,3,5,0.15,1,2,0.5,2,4,1.0,0,8,N
0.08,2,4,0.33,16,2,13,4,4,7,4,0.29,3,4,1.0,5,10,1.0,0,12,N
0.04,4,11,0.35,16,2,45,9,11,21,8,0.27,10,16,0.82,18,36,1.0,5,25,N
0.05,1,7,0.24,14,5,34,1,5,13,7,0.23,6,12,0.14,12,24,0.71,0,15,N
0.03,2,13,0.32,17,5,51,12,11,25,10,0.3,12,20,0.92,22,44,0.85,0,23,N
0.06,2,7,0.33,14,3,30,6,6,13,9,0.28,6,10,0.86,11,22,0.86,2,18,N
0.08,3,3,0.33,15,2,11,3,3,5,2,0.27,2,4,1.0,4,8,1.0,0,9,N
0.14,1,2,0.29,8,1,6,1,2,3,2,0.22,1,2,0.5,2,4,1.0,0,5,N
0.08,2,5,0.5,16,1,12,5,4,9,3,0.38,4,4,1.0,6,12,0.8,0,14,N
0.15,3,2,0.67,8,1,9,1,2,3,3,0.4,1,2,0.5,2,4,1.0,0,6,N
0.19,1,2,0.25,9,2,8,1,2,3,3,0.2,1,2,0.5,2,4,1.0,0,6,N
0.1,3,2,0.22,9,3,12,1,2,3,5,0.15,1,2,0.5,2,4,1.0,0,8,N
0.08,2,4,0.33,16,2,13,4,4,7,4,0.29,3,4,1.0,5,10,1.0,0,12,N
0.15,2,3,0.23,9,4,9,1,3,5,2,0.18,1,2,0.33,2,4,1.0,2,4,N
0.13,2,2,1.0,10,0,6,1,2,3,2,2.0,2,2,0.5,3,6,1.0,0,5,N
0.21,11,2,0.29,9,2,8,1,2,3,4,0.12,1,2,0.5,2,4,1.0,2,16,N
0.02,3,10,0.2,29,6,43,5,6,18,13,0.13,7,10,0.5,12,24,0.6,22,25,N
0.13,2,2,1.0,10,0,6,1,2,3,2,2.0,2,2,0.5,3,6,1.0,0,5,N
0.05,2,5,0.24,15,5,18,5,5,9,7,0.22,4,8,1.0,8,16,1.0,0,12,N
0.05,4,4,0.21,16,4,18,4,4,7,8,0.18,3,6,1.0,6,12,1.0,0,12,N
0.04,6,6,0.27,18,4,23,6,6,11,10,0.23,5,8,1.0,9,18,1.0,0,15,N
0.15,1,2,0.4,9,1,7,1,2,3,2,0.29,1,2,0.5,2,4,1.0,0,4,N
0.15,1,2,0.4,9,1,7,1,2,3,2,0.29,1,2,0.5,2,4,1.0,0,4,N
0.04,4,6,0.32,16,3,20,4,6,11,6,0.27,5,10,0.67,10,20,1.0,0,12,N
0.12,2,2,0.25,10,3,8,1,2,3,4,0.18,1,2,0.5,2,4,1.0,1,8,N
0.04,6,6,0.27,18,4,23,6,6,11,10,0.23,5,8,1.0,9,18,1.0,0,15,N
0.15,1,2,0.4,9,1,7,1,2,3,2,0.29,1,2,0.5,2,4,1.0,0,4,N
0.15,1,2,0.4,9,1,7,1,2,3,2,0.29,1,2,0.5,2,4,1.0,0,4,N
0.04,8,8,0.32,18,4,27,8,8,15,10,0.27,7,8,1.0,11,22,1.0,0,19,N
0.11,2,3,0.6,10,1,9,3,3,5,3,0.43,2,2,1.0,3,6,1.0,0,5,N
0.11,2,3,0.6,10,1,9,3,3,5,3,0.43,2,2,1.0,3,6,1.0,0,5,N
0.05,2,5,0.24,15,5,18,5,5,9,7,0.22,4,8,1.0,8,16,1.0,0,12,N
0.05,4,4,0.21,16,4,18,4,4,7,8,0.18,3,6,1.0,6,12,1.0,0,12,N
0.04,6,6,0.27,18,4,23,6,6,11,10,0.23,5,8,1.0,9,18,1.0,0,15,N
0.15,1,2,0.4,9,1,7,1,2,3,2,0.29,1,2,0.5,2,4,1.0,0,4,N
0.15,1,2,0.4,9,1,7,1,2,3,2,0.29,1,2,0.5,2,4,1.0,0,4,N
0.05,3,5,0.24,16,5,18,5,5,9,7,0.22,4,8,1.0,8,16,1.0,0,13,N
0.05,5,4,0.21,16,4,18,4,4,7,8,0.18,3,6,1.0,6,12,1.0,0,13,N
0.14,1,2,0.4,8,2,6,1,2,3,2,0.29,1,2,0.5,2,4,1.0,0,4,N
0.05,2,5,0.24,15,5,18,5,5,9,7,0.22,4,8,1.0,8,16,1.0,0,12,N
0.05,4,4,0.21,16,4,18,4,4,7,8,0.18,3,6,1.0,6,12,1.0,0,12,N
0.04,6,6,0.27,18,4,23,6,6,11,10,0.23,5,8,1.0,9,18,1.0,0,15,N
0.15,1,2,0.4,9,1,7,1,2,3,2,0.29,1,2,0.5,2,4,1.0,0,4,N
0.15,1,2,0.4,9,1,7,1,2,3,2,0.29,1,2,0.5,2,4,1.0,0,4,N
0.05,2,5,0.24,15,5,18,5,5,9,7,0.22,4,8,1.0,8,16,1.0,0,12,N
0.05,4,4,0.21,16,4,18,4,4,7,8,0.18,3,6,1.0,6,12,1.0,0,12,N
0.05,2,5,0.24,15,5,18,5,5,9,7,0.22,4,8,1.0,8,16,1.0,0,12,N
0.05,4,4,0.21,16,4,18,4,4,7,8,0.18,3,6,1.0,6,12,1.0,0,12,N
0.04,6,6,0.27,18,4,23,6,6,11,10,0.23,5,8,1.0,9,18,1.0,0,15,N
0.15,1,2,0.4,9,1,7,1,2,3,2,0.29,1,2,0.5,2,4,1.0,0,4,N
0.15,1,2,0.4,9,1,7,1,2,3,2,0.29,1,2,0.5,2,4,1.0,0,4,N
0.02,4,10,0.26,16,6,28,8,6,19,4,0.16,9,10,0.8,14,28,0.6,17,14,Y
0.03,2,7,0.18,17,7,30,1,5,13,4,0.12,6,12,0.14,12,24,0.71,16,19,N
0.04,0,7,0.18,17,5,28,4,3,13,4,0.14,6,8,0.57,10,20,0.43,9,29,N
0.05,0,5,0.11,11,4,28,1,3,9,4,0.1,4,8,0.2,8,16,0.6,2,34,N
0.06,2,3,0.2,15,4,13,3,3,5,7,0.18,2,4,1.0,4,8,1.0,0,9,N
0.09,3,3,0.14,8,4,14,1,2,5,2,0.12,2,4,0.33,4,8,0.67,2,15,N
0.05,1,5,0.26,11,3,15,1,2,9,1,0.24,4,8,0.2,8,16,0.4,0,10,N
0.08,1,3,0.19,12,2,12,1,3,5,2,0.14,2,4,0.33,4,8,1.0,3,15,N
0.12,2,3,0.33,12,1,10,3,3,5,5,0.25,2,2,1.0,3,6,1.0,0,11,N
0.02,5,8,0.15,16,6,43,1,1,15,5,0.11,7,14,0.13,14,28,0.13,15,32,N
0.09,0,5,0.24,15,4,21,1,5,9,6,0.19,3,6,0.2,6,12,1.0,4,15,N
0.11,2,3,0.38,12,1,12,1,3,5,6,0.19,2,4,0.33,4,8,1.0,6,11,N
0.14,2,2,1.0,8,0,7,1,1,3,1,2.0,1,2,0.5,2,4,0.5,0,4,N
0.13,2,2,1.0,11,0,7,1,1,3,1,2.0,1,2,0.5,2,4,0.5,0,5,N
0.25,2,1,0.5,8,1,3,1,1,1,1,0.25,1,2,1.0,2,4,1.0,0,3,N
0.2,2,2,0.4,5,1,6,1,1,3,0,0.29,1,2,0.5,2,4,0.5,0,2,N
0.2,2,2,1.0,5,1,6,1,1,3,0,0.5,1,2,0.5,2,4,0.5,0,2,N
0.1,3,4,2.0,6,1,10,1,1,7,0,1.0,3,6,0.25,6,12,0.25,0,3,N
0.2,2,2,0.4,5,1,6,1,1,3,0,0.29,1,2,0.5,2,4,0.5,0,2,N
0.2,2,2,1.0,5,1,6,1,1,3,0,0.5,1,2,0.5,2,4,0.5,0,2,N
0.1,3,4,2.0,6,1,10,1,1,7,0,1.0,3,6,0.25,6,12,0.25,0,3,N
0.06,2,2,1.0,9,1,6,1,1,3,0,0.5,1,2,0.5,2,4,0.5,0,2,N
0.33,2,1,0.5,6,1,2,1,1,1,0,0.25,1,2,1.0,2,4,1.0,0,2,N
0.33,2,1,0.5,6,1,2,1,1,1,0,0.25,1,2,1.0,2,4,1.0,0,2,N
0.33,2,1,0.5,6,1,2,1,1,1,0,0.25,1,2,1.0,2,4,1.0,0,2,N
0.33,2,1,0.5,6,1,2,1,1,1,0,0.2,1,2,1.0,2,4,1.0,0,2,N
0.33,2,1,0.5,6,1,2,1,1,1,0,0.25,1,2,1.0,2,4,1.0,0,2,N
0.07,2,3,1.5,9,1,6,1,1,5,0,0.75,3,2,0.33,4,8,0.33,0,2,N
0.33,2,1,0.5,6,1,2,1,1,1,0,0.25,1,2,1.0,2,4,1.0,0,2,N
0.25,2,1,0.5,8,1,3,1,1,1,1,0.13,1,2,1.0,2,4,1.0,4,3,N
0.17,2,2,1.0,6,1,5,1,1,3,0,0.5,2,2,0.5,3,6,0.5,0,2,N
0.33,2,1,0.5,6,1,2,1,1,1,0,0.25,1,2,1.0,2,4,1.0,0,2,N
0.19,1,2,1.0,8,0,6,1,2,3,1,1.0,1,2,0.5,2,4,1.0,0,3,N
0.04,2,4,0.27,15,3,13,1,3,7,2,0.24,3,6,0.25,6,12,0.75,0,8,N
0.04,2,4,0.27,16,3,14,1,3,7,3,0.24,3,6,0.25,6,12,0.75,0,10,N
0.21,1,2,0.4,8,1,7,1,2,3,2,0.29,1,2,0.5,2,4,1.0,0,5,N
0.21,2,2,0.4,8,1,7,1,2,3,2,0.29,1,2,0.5,2,4,1.0,0,6,N
0.09,0,2,0.67,8,1,8,1,2,3,2,0.4,1,2,0.5,2,4,1.0,0,3,N
0.17,2,3,0.6,9,1,9,3,3,5,3,0.43,2,2,1.0,3,6,1.0,0,7,N
0.18,3,3,0.6,9,1,9,3,3,5,3,0.38,2,2,1.0,3,6,1.0,0,8,N
0.11,0,3,0.75,8,1,15,1,3,5,4,0.5,2,4,0.33,4,8,1.0,0,6,N
0.05,1,5,0.26,11,3,15,1,2,9,1,0.24,4,8,0.2,8,16,0.4,0,10,N
0.21,1,2,0.4,8,1,7,1,2,3,2,0.29,1,2,0.5,2,4,1.0,0,5,N
0.21,2,2,0.4,8,1,7,1,2,3,2,0.29,1,2,0.5,2,4,1.0,0,6,N
0.09,0,2,0.67,8,1,8,1,2,3,2,0.4,1,2,0.5,2,4,1.0,0,3,N
0.21,1,2,0.4,8,1,7,1,2,3,2,0.29,1,2,0.5,2,4,1.0,0,5,N
0.21,2,2,0.4,8,1,7,1,2,3,2,0.29,1,2,0.5,2,4,1.0,0,6,N
0.09,0,2,0.67,8,1,8,1,2,3,2,0.4,1,2,0.5,2,4,1.0,0,3,N
0.21,1,2,0.4,8,1,7,1,2,3,2,0.29,1,2,0.5,2,4,1.0,0,5,N
0.21,2,2,0.4,8,1,7,1,2,3,2,0.29,1,2,0.5,2,4,1.0,0,6,N
0.09,0,2,0.67,8,1,8,1,2,3,2,0.4,1,2,0.5,2,4,1.0,0,3,N
0.21,1,2,0.4,8,1,7,1,2,3,2,0.29,1,2,0.5,2,4,1.0,0,5,N
0.21,2,2,0.4,8,1,7,1,2,3,2,0.29,1,2,0.5,2,4,1.0,0,6,N
0.09,0,2,0.67,8,1,8,1,2,3,2,0.4,1,2,0.5,2,4,1.0,0,3,N
0.06,0,8,0.67,9,1,29,1,5,15,3,0.47,7,14,0.13,14,28,0.63,3,7,N
0.02,0,18,0.38,17,6,74,1,18,34,16,0.27,15,30,0.06,30,60,1.0,17,16,N
0.02,0,54,0.17,37,51,213,23,42,104,42,0.15,44,78,0.43,83,166,0.78,43,111,Y
0.02,2,20,0.14,22,17,102,10,16,39,18,0.09,19,36,0.5,37,74,0.8,73,69,N
0.04,2,39,0.18,21,12,213,1,39,77,63,0.13,37,74,0.03,74,148,1.0,72,175,N
0.06,0,6,0.18,16,5,31,6,6,11,9,0.13,5,10,1.0,10,20,1.0,12,20,N
0.17,1,3,0.5,7,2,8,1,2,5,1,0.38,2,4,0.33,4,8,0.67,0,3,N
0.19,3,2,0.4,8,2,6,1,1,3,1,0.29,1,2,0.5,2,4,0.5,0,6,N
0.18,2,3,0.6,9,2,8,1,2,5,2,0.43,2,2,0.33,3,6,0.67,0,9,N
0.3,3,2,0.4,6,2,6,1,1,3,1,0.29,1,2,0.5,2,4,0.5,0,8,N
0.23,1,2,0.25,7,3,8,1,1,3,2,0.2,1,2,0.5,2,4,0.5,0,9,N
0.13,1,3,1.5,9,1,7,3,1,5,0,0.75,2,2,1.0,3,6,0.33,0,4,N
0.29,0,2,0.67,7,1,5,1,2,3,1,0.4,1,2,0.5,2,4,1.0,0,3,N
0.29,0,2,0.67,7,1,6,1,2,3,2,0.4,1,2,0.5,2,4,1.0,0,3,N
0.17,0,2,0.5,7,1,5,1,2,3,1,0.2,1,2,0.5,2,4,1.0,4,3,N
0.33,0,1,0.5,6,1,3,1,1,1,1,0.25,1,2,1.0,2,4,1.0,0,1,N
0.09,1,8,0.4,17,2,22,5,7,12,9,0.33,3,6,0.63,6,12,0.88,2,15,N
0.27,0,2,1.0,5,1,5,1,1,3,0,0.5,1,2,0.5,2,4,0.5,0,2,N
0.06,1,3,0.6,16,1,14,1,3,5,3,0.43,2,4,0.33,4,8,1.0,0,6,N
0.21,1,2,0.25,7,2,7,1,2,3,3,0.2,1,2,0.5,2,4,1.0,0,6,N
0.25,1,2,0.22,7,2,8,1,2,3,3,0.18,1,2,0.5,2,4,1.0,0,7,N
0.04,1,4,0.27,19,2,18,1,3,7,3,0.22,3,6,0.25,6,12,0.75,1,9,N
0.05,1,6,0.25,17,4,30,1,5,11,8,0.19,5,10,0.17,10,20,0.83,5,15,N
0.09,2,2,0.22,12,3,7,1,1,3,2,0.17,1,2,0.5,2,4,0.5,1,7,N
0.06,3,3,0.27,18,3,13,1,3,5,4,0.2,2,4,0.33,4,8,1.0,1,10,N
0.06,3,3,0.27,18,3,14,1,3,5,5,0.2,2,4,0.33,4,8,1.0,1,11,N
0.06,1,3,0.25,17,3,15,1,3,5,4,0.2,2,4,0.33,4,8,1.0,1,9,N
0.27,0,2,1.0,5,0,5,1,1,3,0,1.0,1,2,0.5,2,4,0.5,0,2,N
0.17,2,3,0.6,9,1,9,3,3,5,2,0.38,2,2,1.0,3,6,1.0,0,7,N
0.17,2,3,0.43,9,2,9,3,3,5,2,0.3,2,2,1.0,3,6,1.0,0,7,N
0.03,1,5,0.28,21,2,26,1,4,9,4,0.24,4,8,0.2,8,16,0.8,1,11,N
0.06,4,4,0.33,17,3,18,1,4,7,4,0.25,3,6,0.25,6,12,1.0,1,13,N
0.03,6,7,0.41,20,2,32,1,7,13,4,0.32,6,12,0.14,12,24,1.0,1,16,N
0.06,5,4,0.33,17,3,18,1,4,7,4,0.24,3,6,0.25,6,12,1.0,1,13,N
0.04,1,4,0.31,17,3,23,1,4,7,5,0.25,3,6,0.25,6,12,1.0,1,9,N
0.27,0,2,1.0,5,1,5,1,1,3,0,0.5,1,2,0.5,2,4,0.5,0,2,N
0.05,1,4,0.57,15,1,20,1,4,7,4,0.44,3,6,0.25,6,12,1.0,0,9,N
0.07,0,4,0.4,13,2,16,1,4,7,4,0.33,3,6,0.25,6,12,1.0,0,9,N
0.1,1,3,0.75,12,1,10,3,2,5,2,0.5,2,4,1.0,4,8,0.67,0,5,N
0.24,1,2,0.4,7,1,7,1,2,3,2,0.29,1,2,0.5,2,4,1.0,0,5,N
0.24,1,2,0.4,7,1,7,1,2,3,2,0.29,1,2,0.5,2,4,1.0,0,5,N
0.04,1,4,0.25,19,2,19,1,3,7,3,0.21,3,6,0.25,6,12,0.75,1,9,N
0.06,1,3,0.43,16,1,14,1,3,5,3,0.33,2,4,0.33,4,8,1.0,0,8,N
0.13,0,2,0.29,9,2,7,1,2,3,2,0.22,1,2,0.5,2,4,1.0,0,6,N
0.04,1,6,0.25,17,4,29,1,5,11,7,0.19,5,10,0.17,10,20,0.83,5,13,N
0.04,2,3,0.27,18,3,12,1,3,5,3,0.21,2,4,0.33,4,8,1.0,1,7,N
0.05,1,3,0.25,17,3,14,1,3,5,3,0.2,2,4,0.33,4,8,1.0,1,7,N
0.05,1,2,0.11,18,2,10,1,2,3,4,0.04,1,2,0.5,2,4,1.0,29,17,N
0.03,6,8,0.18,21,3,29,1,5,15,5,0.11,7,14,0.13,14,28,0.63,22,21,N
0.05,3,2,0.09,13,1,9,1,2,3,1,0.06,1,2,0.5,2,4,1.0,9,14,N
0.05,3,3,0.25,14,3,8,3,2,5,1,0.13,2,2,1.0,3,6,0.67,10,10,N
0.02,0,11,0.17,28,7,38,3,5,18,6,0.14,6,12,0.27,12,24,0.45,13,38,N
0.14,0,2,0.22,9,2,9,1,2,3,2,0.15,1,2,0.5,2,4,1.0,2,13,N
0.02,0,14,0.2,23,9,54,3,3,24,3,0.18,9,18,0.21,18,36,0.21,6,37,N
0.06,2,4,0.17,17,3,21,1,3,7,7,0.13,3,6,0.25,6,12,0.75,6,23,Y
0.17,2,2,0.2,7,2,12,1,2,3,5,0.13,1,2,0.5,2,4,1.0,4,9,N
0.1,0,2,0.18,12,2,10,1,2,3,2,0.14,1,2,0.5,2,4,1.0,1,12,N
0.14,2,2,0.15,7,2,12,1,2,3,5,0.09,1,2,0.5,2,4,1.0,7,9,N
0.06,0,3,0.25,12,2,13,1,1,5,1,0.2,2,4,0.33,4,8,0.33,1,13,N
0.16,4,2,0.5,7,1,6,1,1,3,0,0.2,1,2,0.5,2,4,0.5,1,6,N
0.19,3,2,0.5,6,1,6,1,1,3,0,0.29,1,2,0.5,2,4,0.5,1,5,N
0.01,2,8,0.15,20,5,18,1,5,12,1,0.1,3,6,0.13,6,12,0.63,20,16,N
0.11,3,2,0.29,9,1,6,1,1,3,0,0.18,1,2,0.5,2,4,0.5,0,7,N
0.07,5,4,0.33,13,1,10,4,3,7,2,0.18,3,4,1.0,5,10,0.75,6,13,N
0.02,5,7,0.2,13,1,23,7,1,13,2,0.15,6,6,1.0,9,18,0.14,8,17,N
0.02,4,8,0.24,15,3,23,8,1,15,2,0.19,7,6,1.0,10,20,0.13,5,16,N
0.09,3,3,0.18,14,3,12,1,2,5,2,0.16,2,4,0.33,4,8,0.67,0,16,N
0.01,2,4,0.09,11,3,14,1,1,7,0,0.08,3,6,0.25,6,12,0.25,5,12,N
0.09,3,3,0.18,10,3,8,1,1,5,1,0.14,2,4,0.33,4,8,0.33,0,8,N
0.09,2,2,0.29,10,1,7,1,1,3,1,0.15,1,2,0.5,2,4,0.5,3,7,N
0.2,2,2,0.4,5,1,6,1,1,3,0,0.25,1,2,0.5,2,4,0.5,0,2,N
0.03,7,12,0.27,17,6,38,6,1,23,0,0.22,11,18,0.5,20,40,0.08,2,23,N
0.11,3,3,0.3,8,2,11,1,1,5,0,0.18,2,4,0.33,4,8,0.33,2,10,N
0.11,3,3,0.3,8,2,11,1,1,5,0,0.18,2,4,0.33,4,8,0.33,2,10,N
0.05,4,4,0.24,12,3,15,1,2,7,1,0.16,3,6,0.25,6,12,0.5,3,10,N
0.11,2,2,0.4,7,1,6,1,1,3,0,0.22,1,2,0.5,2,4,0.5,0,5,N
0.03,3,2,0.22,9,1,6,1,1,3,0,0.15,1,2,0.5,2,4,0.5,0,10,N
0.09,2,2,0.25,12,1,8,1,1,3,2,0.14,1,2,0.5,2,4,0.5,4,10,N
0.08,2,4,0.5,8,1,14,1,1,7,0,0.33,3,6,0.25,6,12,0.25,2,7,Y
0.06,5,4,0.29,14,1,9,4,3,7,2,0.17,3,4,1.0,5,10,0.75,5,15,N
0.01,5,6,0.29,18,3,20,6,4,11,3,0.14,5,6,1.0,8,16,0.67,19,15,N
0.01,4,11,0.35,19,3,34,11,5,21,3,0.22,10,12,1.0,16,32,0.45,16,15,N
0.04,2,6,0.33,13,4,22,1,3,11,2,0.26,5,10,0.17,10,20,0.5,3,13,N
0.05,4,4,0.31,14,1,15,1,1,7,1,0.21,3,6,0.25,6,12,0.25,1,15,N
0.05,2,3,0.12,13,4,12,1,1,5,3,0.1,2,4,0.33,4,8,0.33,3,18,N
0.17,4,2,0.5,7,1,6,1,1,3,0,0.29,1,2,0.5,2,4,0.5,1,6,N
0.14,2,2,0.29,8,1,6,1,2,3,1,0.18,1,2,0.5,2,4,1.0,2,5,N
0.16,4,2,0.5,7,1,6,1,1,3,0,0.18,1,2,0.5,2,4,0.5,1,6,N
0.19,3,2,0.5,7,1,6,1,1,3,0,0.25,1,2,0.5,2,4,0.5,2,6,N
0.21,2,2,0.5,6,1,6,1,1,3,0,0.29,1,2,0.5,2,4,0.5,1,5,N
0.2,2,2,0.4,5,1,6,1,1,3,0,0.25,1,2,0.5,2,4,0.5,0,2,N
0.19,2,2,0.4,7,1,6,1,2,3,1,0.22,1,2,0.5,2,4,1.0,0,4,N
0.05,2,3,0.25,14,1,17,1,3,5,6,0.15,2,4,0.33,4,8,1.0,6,19,N
0.27,1,2,0.4,6,1,6,1,2,3,1,0.25,1,2,0.5,2,4,1.0,1,4,N
0.01,3,5,0.11,12,4,17,1,1,9,0,0.09,4,8,0.2,8,16,0.2,8,12,N
0.08,4,3,0.38,15,1,10,1,2,5,1,0.17,2,4,0.33,4,8,0.67,8,11,N
0.08,4,3,0.38,15,1,10,1,2,5,1,0.17,2,4,0.33,4,8,0.67,8,11,N
0.08,4,3,0.38,15,1,10,1,2,5,1,0.17,2,4,0.33,4,8,0.67,8,11,N
0.08,4,3,0.38,15,1,10,1,2,5,1,0.19,2,4,0.33,4,8,0.67,6,11,N
0.08,4,3,0.38,15,1,10,1,2,5,1,0.19,2,4,0.33,4,8,0.67,6,11,N
0.12,4,2,0.33,12,1,5,1,2,3,1,0.22,1,2,0.5,2,4,1.0,1,10,N
0.12,4,2,0.33,12,1,5,1,2,3,1,0.22,1,2,0.5,2,4,1.0,1,10,N
0.02,2,33,0.32,31,5,59,4,5,51,2,0.23,24,16,0.12,32,64,0.15,36,41,N
0.04,2,7,0.18,18,6,38,5,7,13,9,0.15,6,10,0.71,11,22,1.0,6,18,N
0.11,1,3,0.75,12,1,6,3,2,5,1,0.3,2,2,1.0,3,6,0.67,4,6,N
0.02,2,54,0.19,32,25,237,33,48,109,49,0.14,53,84,0.61,95,190,0.89,110,170,N
0.14,2,2,0.4,8,1,8,1,1,3,3,0.29,1,2,0.5,2,4,0.5,0,5,N
0.08,2,4,0.2,13,4,13,1,3,6,5,0.17,1,2,0.25,2,4,0.75,1,8,N
0.33,0,2,0.67,6,1,6,1,2,3,2,0.2,1,2,0.5,2,4,1.0,5,2,N
0.4,0,2,0.5,5,2,6,1,2,3,2,0.2,1,2,0.5,2,4,1.0,4,2,N
0.2,0,2,1.0,6,1,6,1,1,3,0,0.25,1,2,0.5,2,4,0.5,4,3,N
0.5,0,2,0.5,4,1,6,1,2,3,2,0.33,1,2,0.5,2,4,1.0,0,4,N
0.14,0,2,0.5,8,1,9,1,2,3,2,0.33,1,2,0.5,2,4,1.0,0,5,N
0.06,2,3,0.33,17,1,8,1,3,5,2,0.27,2,4,0.33,4,8,1.0,0,10,N
0.06,1,2,0.33,15,1,5,1,2,3,1,0.25,1,2,0.5,2,4,1.0,0,6,N
0.04,1,5,0.29,16,3,15,1,2,9,1,0.24,4,8,0.2,8,16,0.4,2,7,N
0.11,0,3,0.3,11,4,9,1,1,5,1,0.25,1,2,0.33,2,4,0.33,0,3,N
0.25,0,2,1.0,8,0,5,1,2,3,1,2.0,1,2,0.5,2,4,1.0,0,2,N
0.21,0,2,0.5,8,1,6,1,1,3,0,0.33,1,2,0.5,2,4,0.5,0,5,N
0.21,0,2,0.5,8,1,6,1,1,3,0,0.33,1,2,0.5,2,4,0.5,0,5,N
0.15,1,2,0.67,8,1,5,1,1,3,0,0.4,2,2,0.5,3,6,0.5,0,3,N
0.21,0,2,0.5,8,1,6,1,1,3,0,0.33,1,2,0.5,2,4,0.5,0,5,N
0.21,0,2,0.5,8,1,6,1,1,3,0,0.33,1,2,0.5,2,4,0.5,0,5,N
0.21,0,2,0.5,8,1,6,1,1,3,0,0.33,1,2,0.5,2,4,0.5,0,5,N
0.21,0,2,0.5,8,1,6,1,1,3,0,0.33,1,2,0.5,2,4,0.5,0,5,N
0.4,1,2,1.0,5,1,6,1,2,3,1,0.5,1,2,0.5,2,4,1.0,0,4,N
0.33,0,2,1.0,6,1,6,1,2,3,1,0.5,1,2,0.5,2,4,1.0,0,3,N
0.23,1,2,1.0,7,1,5,1,1,3,1,0.5,2,2,0.5,3,6,0.5,0,4,N
0.23,1,2,1.0,7,1,5,1,1,3,1,0.5,2,2,0.5,3,6,0.5,0,4,N
0.23,1,2,1.0,7,1,5,1,1,3,1,0.5,2,2,0.5,3,6,0.5,0,4,N
0.23,1,2,1.0,7,1,5,1,1,3,1,0.5,2,2,0.5,3,6,0.5,0,4,N
0.33,0,2,0.67,6,1,5,1,2,3,1,0.22,1,2,0.5,2,4,1.0,4,2,N
0.33,1,2,0.67,6,1,5,1,2,3,1,0.4,1,2,0.5,2,4,1.0,0,3,N
0.17,1,3,0.6,9,1,10,1,2,5,2,0.27,2,4,0.33,4,8,0.67,4,6,N
0.25,0,2,1.0,6,1,5,1,1,3,0,0.5,2,2,0.5,3,6,0.5,0,3,N
0.19,2,3,0.3,7,3,9,1,3,5,3,0.25,2,4,0.33,4,8,1.0,0,10,N
0.2,3,3,0.3,7,3,9,1,3,5,3,0.25,2,4,0.33,4,8,1.0,0,11,N
0.08,2,3,0.2,11,3,17,1,3,5,8,0.15,2,4,0.33,4,8,1.0,3,7,N
0.14,2,2,1.0,8,0,7,1,1,3,1,2.0,1,2,0.5,2,4,0.5,0,4,N
0.13,2,2,1.0,11,0,7,1,1,3,1,2.0,1,2,0.5,2,4,0.5,0,5,N
0.25,2,1,0.5,8,1,3,1,1,1,1,0.25,1,2,1.0,2,4,1.0,0,3,N
0.2,2,2,1.0,5,1,6,1,1,3,0,0.5,1,2,0.5,2,4,0.5,0,2,N
0.1,3,4,2.0,6,1,10,1,1,7,0,1.0,3,6,0.25,6,12,0.25,0,3,N
0.2,2,2,1.0,5,1,6,1,1,3,0,0.5,1,2,0.5,2,4,0.5,0,2,N
0.1,3,4,2.0,6,1,10,1,1,7,0,1.0,3,6,0.25,6,12,0.25,0,3,N
0.06,2,2,1.0,9,1,6,1,1,3,0,0.5,1,2,0.5,2,4,0.5,0,2,N
0.33,2,1,0.5,6,1,2,1,1,1,0,0.25,1,2,1.0,2,4,1.0,0,2,N
0.33,2,1,0.5,6,1,2,1,1,1,0,0.25,1,2,1.0,2,4,1.0,0,2,N
0.33,2,1,0.5,6,1,2,1,1,1,0,0.25,1,2,1.0,2,4,1.0,0,2,N
0.33,2,1,0.5,6,1,2,1,1,1,0,0.2,1,2,1.0,2,4,1.0,0,2,N
0.33,2,1,0.5,6,1,2,1,1,1,0,0.25,1,2,1.0,2,4,1.0,0,2,N
0.07,2,3,1.5,9,1,6,1,1,5,0,0.75,3,2,0.33,4,8,0.33,0,2,N
0.33,2,1,0.5,6,1,2,1,1,1,0,0.25,1,2,1.0,2,4,1.0,0,2,N
0.25,2,1,0.5,8,1,3,1,1,1,1,0.13,1,2,1.0,2,4,1.0,4,3,N
0.17,2,2,1.0,6,1,5,1,1,3,0,0.5,2,2,0.5,3,6,0.5,0,2,N
0.33,2,1,0.5,6,1,2,1,1,1,0,0.25,1,2,1.0,2,4,1.0,0,2,N
0.14,2,2,0.4,8,1,8,1,1,3,3,0.29,1,2,0.5,2,4,0.5,0,5,N
0.08,2,4,0.2,13,4,13,1,3,6,5,0.17,1,2,0.25,2,4,0.75,1,8,N
0.04,2,4,0.27,15,3,13,1,3,7,2,0.24,3,6,0.25,6,12,0.75,0,8,N
0.04,2,4,0.27,16,3,14,1,3,7,3,0.24,3,6,0.25,6,12,0.75,0,10,N
0.33,0,2,0.67,6,1,6,1,2,3,2,0.2,1,2,0.5,2,4,1.0,5,2,N
0.4,0,2,0.5,5,2,6,1,2,3,2,0.2,1,2,0.5,2,4,1.0,4,2,N
0.2,0,2,1.0,6,1,6,1,1,3,0,0.25,1,2,0.5,2,4,0.5,4,3,N
0.21,1,2,0.4,8,1,7,1,2,3,2,0.29,1,2,0.5,2,4,1.0,0,5,N
0.21,2,2,0.4,8,1,7,1,2,3,2,0.29,1,2,0.5,2,4,1.0,0,6,N
0.09,0,2,0.67,8,1,8,1,2,3,2,0.4,1,2,0.5,2,4,1.0,0,3,N
0.21,1,2,0.4,8,1,7,1,2,3,2,0.29,1,2,0.5,2,4,1.0,0,5,N
0.21,2,2,0.4,8,1,7,1,2,3,2,0.29,1,2,0.5,2,4,1.0,0,6,N
0.09,0,2,0.67,8,1,8,1,2,3,2,0.4,1,2,0.5,2,4,1.0,0,3,N
0.17,2,3,0.6,9,1,9,3,3,5,3,0.43,2,2,1.0,3,6,1.0,0,7,N
0.18,3,3,0.6,9,1,9,3,3,5,3,0.38,2,2,1.0,3,6,1.0,0,8,N
0.11,0,3,0.75,8,1,15,1,3,5,4,0.5,2,4,0.33,4,8,1.0,0,6,N
0.21,1,2,0.4,8,1,7,1,2,3,2,0.29,1,2,0.5,2,4,1.0,0,5,N
0.21,2,2,0.4,8,1,7,1,2,3,2,0.29,1,2,0.5,2,4,1.0,0,6,N
0.09,0,2,0.67,8,1,8,1,2,3,2,0.4,1,2,0.5,2,4,1.0,0,3,N
0.21,1,2,0.4,8,1,7,1,2,3,2,0.29,1,2,0.5,2,4,1.0,0,5,N
0.21,2,2,0.4,8,1,7,1,2,3,2,0.29,1,2,0.5,2,4,1.0,0,6,N
0.09,0,2,0.67,8,1,8,1,2,3,2,0.4,1,2,0.5,2,4,1.0,0,3,N
0.21,1,2,0.4,8,1,7,1,2,3,2,0.29,1,2,0.5,2,4,1.0,0,5,N
0.21,2,2,0.4,8,1,7,1,2,3,2,0.29,1,2,0.5,2,4,1.0,0,6,N
0.09,0,2,0.67,8,1,8,1,2,3,2,0.4,1,2,0.5,2,4,1.0,0,3,N
0.11,0,3,0.3,11,4,9,1,1,5,1,0.25,1,2,0.33,2,4,0.33,0,3,N
0.25,0,2,1.0,8,0,5,1,2,3,1,2.0,1,2,0.5,2,4,1.0,0,2,N
0.17,1,3,0.5,7,2,8,1,2,5,1,0.38,2,4,0.33,4,8,0.67,0,3,N
0.19,3,2,0.4,8,2,6,1,1,3,1,0.29,1,2,0.5,2,4,0.5,0,6,N
0.21,0,2,0.5,8,1,6,1,1,3,0,0.33,1,2,0.5,2,4,0.5,0,5,N
0.21,0,2,0.5,8,1,6,1,1,3,0,0.33,1,2,0.5,2,4,0.5,0,5,N
0.15,1,2,0.67,8,1,5,1,1,3,0,0.4,2,2,0.5,3,6,0.5,0,3,N
0.21,0,2,0.5,8,1,6,1,1,3,0,0.33,1,2,0.5,2,4,0.5,0,5,N
0.21,0,2,0.5,8,1,6,1,1,3,0,0.33,1,2,0.5,2,4,0.5,0,5,N
0.21,0,2,0.5,8,1,6,1,1,3,0,0.33,1,2,0.5,2,4,0.5,0,5,N
0.21,0,2,0.5,8,1,6,1,1,3,0,0.33,1,2,0.5,2,4,0.5,0,5,N
0.4,1,2,1.0,5,1,6,1,2,3,1,0.5,1,2,0.5,2,4,1.0,0,4,N
0.33,0,2,1.0,6,1,6,1,2,3,1,0.5,1,2,0.5,2,4,1.0,0,3,N
0.18,2,3,0.6,9,2,8,1,2,5,2,0.43,2,2,0.33,3,6,0.67,0,9,N
0.3,3,2,0.4,6,2,6,1,1,3,1,0.29,1,2,0.5,2,4,0.5,0,8,N
0.23,1,2,0.25,7,3,8,1,1,3,2,0.2,1,2,0.5,2,4,0.5,0,9,N
0.09,0,5,0.42,13,2,19,4,5,9,6,0.29,4,8,0.8,8,16,1.0,3,10,N
0.04,0,11,0.26,21,6,40,1,11,21,11,0.16,9,18,0.09,18,36,1.0,24,23,N
0.04,0,16,0.22,31,11,53,7,15,29,14,0.17,8,16,0.44,16,32,0.94,17,39,N
0.13,2,2,0.5,13,1,8,1,2,3,4,0.33,1,2,0.5,2,4,1.0,0,7,N
0.18,5,4,0.24,10,2,24,1,4,7,12,0.14,3,6,0.25,6,12,1.0,6,25,N
0.23,1,2,1.0,7,1,5,1,1,3,1,0.5,2,2,0.5,3,6,0.5,0,4,N
0.23,1,2,1.0,7,1,5,1,1,3,1,0.5,2,2,0.5,3,6,0.5,0,4,N
0.23,1,2,1.0,7,1,5,1,1,3,1,0.5,2,2,0.5,3,6,0.5,0,4,N
0.23,1,2,1.0,7,1,5,1,1,3,1,0.5,2,2,0.5,3,6,0.5,0,4,N
0.33,0,2,0.67,6,1,5,1,2,3,1,0.22,1,2,0.5,2,4,1.0,4,2,N
0.33,1,2,0.67,6,1,5,1,2,3,1,0.4,1,2,0.5,2,4,1.0,0,3,N
0.17,1,3,0.6,9,1,10,1,2,5,2,0.27,2,4,0.33,4,8,0.67,4,6,N
0.25,0,2,1.0,6,1,5,1,1,3,0,0.5,2,2,0.5,3,6,0.5,0,3,N
0.19,2,3,0.3,7,3,9,1,3,5,3,0.25,2,4,0.33,4,8,1.0,0,10,N
0.2,3,3,0.3,7,3,9,1,3,5,3,0.25,2,4,0.33,4,8,1.0,0,11,N
0.13,1,3,1.5,9,1,7,3,1,5,0,0.75,2,2,1.0,3,6,0.33,0,4,N
0.29,0,2,0.67,7,1,5,1,2,3,1,0.4,1,2,0.5,2,4,1.0,0,3,N
0.29,0,2,0.67,7,1,6,1,2,3,2,0.4,1,2,0.5,2,4,1.0,0,3,N
0.17,0,2,0.5,7,1,5,1,2,3,1,0.2,1,2,0.5,2,4,1.0,4,3,N
0.33,0,1,0.5,6,1,3,1,1,1,1,0.25,1,2,1.0,2,4,1.0,0,1,N
0.09,1,8,0.4,17,2,22,5,7,12,9,0.33,3,6,0.63,6,12,0.88,2,15,N
0.08,2,3,0.2,11,3,17,1,3,5,8,0.15,2,4,0.33,4,8,1.0,3,7,N
0.27,0,2,1.0,5,1,5,1,1,3,0,0.5,1,2,0.5,2,4,0.5,0,2,N
0.06,1,3,0.6,16,1,14,1,3,5,3,0.43,2,4,0.33,4,8,1.0,0,6,N
0.21,1,2,0.25,7,2,7,1,2,3,3,0.2,1,2,0.5,2,4,1.0,0,6,N
0.25,1,2,0.22,7,2,8,1,2,3,3,0.18,1,2,0.5,2,4,1.0,0,7,N
0.04,1,4,0.27,19,2,18,1,3,7,3,0.22,3,6,0.25,6,12,0.75,1,9,N
0.05,1,6,0.25,17,4,30,1,5,11,8,0.19,5,10,0.17,10,20,0.83,5,15,N
0.09,2,2,0.22,12,3,7,1,1,3,2,0.17,1,2,0.5,2,4,0.5,1,7,N
0.06,3,3,0.27,18,3,13,1,3,5,4,0.2,2,4,0.33,4,8,1.0,1,10,N
0.06,3,3,0.27,18,3,14,1,3,5,5,0.2,2,4,0.33,4,8,1.0,1,11,N
0.06,1,3,0.25,17,3,15,1,3,5,4,0.2,2,4,0.33,4,8,1.0,1,9,N
0.27,0,2,1.0,5,0,5,1,1,3,0,1.0,1,2,0.5,2,4,0.5,0,2,N
0.17,2,3,0.6,9,1,9,3,3,5,2,0.38,2,2,1.0,3,6,1.0,0,7,N
0.17,2,3,0.43,9,2,9,3,3,5,2,0.3,2,2,1.0,3,6,1.0,0,7,N
0.03,1,5,0.28,21,2,26,1,4,9,4,0.24,4,8,0.2,8,16,0.8,1,11,N
0.06,4,4,0.33,17,3,18,1,4,7,4,0.25,3,6,0.25,6,12,1.0,1,13,N
0.03,6,7,0.41,20,2,32,1,7,13,4,0.32,6,12,0.14,12,24,1.0,1,16,N
0.06,5,4,0.33,17,3,18,1,4,7,4,0.24,3,6,0.25,6,12,1.0,1,13,N
0.04,1,4,0.31,17,3,23,1,4,7,5,0.25,3,6,0.25,6,12,1.0,1,9,N
0.27,0,2,1.0,5,1,5,1,1,3,0,0.5,1,2,0.5,2,4,0.5,0,2,N
0.05,1,4,0.57,15,1,20,1,4,7,4,0.44,3,6,0.25,6,12,1.0,0,9,N
0.07,0,4,0.4,13,2,16,1,4,7,4,0.33,3,6,0.25,6,12,1.0,0,9,N
0.1,1,3,0.75,12,1,10,3,2,5,2,0.5,2,4,1.0,4,8,0.67,0,5,N
0.24,1,2,0.4,7,1,7,1,2,3,2,0.29,1,2,0.5,2,4,1.0,0,5,N
0.24,1,2,0.4,7,1,7,1,2,3,2,0.29,1,2,0.5,2,4,1.0,0,5,N
0.04,1,4,0.25,19,2,19,1,3,7,3,0.21,3,6,0.25,6,12,0.75,1,9,N
0.06,1,3,0.43,16,1,14,1,3,5,3,0.33,2,4,0.33,4,8,1.0,0,8,N
0.13,0,2,0.29,9,2,7,1,2,3,2,0.22,1,2,0.5,2,4,1.0,0,6,N
0.04,1,6,0.25,17,4,29,1,5,11,7,0.19,5,10,0.17,10,20,0.83,5,13,N
0.04,2,3,0.27,18,3,12,1,3,5,3,0.21,2,4,0.33,4,8,1.0,1,7,N
0.05,1,3,0.25,17,3,14,1,3,5,3,0.2,2,4,0.33,4,8,1.0,1,7,N
0.14,2,2,1.0,8,0,7,1,1,3,1,2.0,1,2,0.5,2,4,0.5,0,4,N
0.05,3,4,0.21,18,2,18,1,4,7,5,0.12,3,6,0.25,6,12,1.0,12,24,N
0.24,0,2,0.33,5,2,5,1,2,3,1,0.2,1,2,0.5,2,4,1.0,2,3,N
0.23,2,3,0.38,8,2,9,1,3,5,3,0.3,2,4,0.33,4,8,1.0,0,9,N
0.03,4,15,0.23,28,9,57,5,14,26,11,0.19,9,18,0.33,18,36,0.93,8,33,N
0.18,2,2,0.29,7,1,7,1,2,3,3,0.2,1,2,0.5,2,4,1.0,1,9,N
0.04,7,3,0.09,19,2,21,3,3,5,10,0.05,2,4,1.0,4,8,1.0,18,27,Y
0.04,1,11,0.31,21,5,35,3,9,21,8,0.22,10,18,0.27,19,38,0.82,13,19,N
0.07,1,2,0.25,9,2,6,1,2,3,2,0.18,1,2,0.5,2,4,1.0,1,2,N
0.04,0,14,0.27,26,8,52,9,10,27,13,0.19,12,24,0.64,24,48,0.71,19,37,N
0.05,4,7,0.32,17,4,24,5,6,13,7,0.21,6,8,0.71,11,20,0.86,7,21,N
0.03,1,15,0.29,25,5,80,10,10,29,21,0.19,14,24,0.67,26,52,0.67,28,27,N
0.13,3,2,0.67,13,1,8,1,2,3,4,0.4,1,2,0.5,2,4,1.0,0,7,N
0.13,1,2,0.22,13,2,8,1,2,3,4,0.18,1,2,0.5,2,4,1.0,0,9,N
0.24,0,2,0.5,5,1,5,1,2,3,1,0.29,1,2,0.5,2,4,1.0,1,3,N
0.19,0,2,0.4,8,1,12,1,2,3,4,0.22,1,2,0.5,2,4,1.0,2,7,N
0.07,2,7,0.19,17,3,45,1,6,13,18,0.14,6,12,0.14,12,24,0.86,11,34,N
0.13,1,2,0.22,11,2,8,1,2,3,4,0.18,1,2,0.5,2,4,1.0,0,8,N
0.04,5,4,0.16,17,1,19,1,4,7,7,0.09,3,6,0.25,6,12,1.0,15,22,N
0.08,0,2,0.67,8,1,9,1,2,3,3,0.4,1,2,0.5,2,4,1.0,0,2,N
0.25,1,2,0.2,7,2,6,1,2,3,2,0.18,1,2,0.5,2,4,1.0,0,8,N
0.14,2,2,1.0,8,0,7,1,1,3,1,2.0,1,2,0.5,2,4,0.5,0,4,N
0.13,2,2,1.0,11,0,7,1,1,3,1,2.0,1,2,0.5,2,4,0.5,0,5,N
0.25,2,1,0.5,8,1,3,1,1,1,1,0.25,1,2,1.0,2,4,1.0,0,3,N
0.2,2,2,1.0,5,1,6,1,1,3,0,0.5,1,2,0.5,2,4,0.5,0,2,N
0.2,2,2,0.4,5,1,6,1,1,3,0,0.29,1,2,0.5,2,4,0.5,0,2,N
0.1,3,4,2.0,6,1,10,1,1,7,0,1.0,3,6,0.25,6,12,0.25,0,3,N
0.2,2,2,1.0,5,1,6,1,1,3,0,0.5,1,2,0.5,2,4,0.5,0,2,N
0.2,2,2,0.4,5,1,6,1,1,3,0,0.29,1,2,0.5,2,4,0.5,0,2,N
0.1,3,4,2.0,6,1,10,1,1,7,0,1.0,3,6,0.25,6,12,0.25,0,3,N
0.06,2,2,1.0,9,1,6,1,1,3,0,0.5,1,2,0.5,2,4,0.5,0,2,N
0.33,2,1,0.5,6,1,2,1,1,1,0,0.25,1,2,1.0,2,4,1.0,0,2,N
0.33,2,1,0.5,6,1,2,1,1,1,0,0.25,1,2,1.0,2,4,1.0,0,2,N
0.33,2,1,0.5,6,1,2,1,1,1,0,0.25,1,2,1.0,2,4,1.0,0,2,N
0.33,2,1,0.5,6,1,2,1,1,1,0,0.2,1,2,1.0,2,4,1.0,0,2,N
0.33,2,1,0.5,6,1,2,1,1,1,0,0.25,1,2,1.0,2,4,1.0,0,2,N
0.07,2,3,1.5,9,1,6,1,1,5,0,0.75,3,2,0.33,4,8,0.33,0,2,N
0.33,2,1,0.5,6,1,2,1,1,1,0,0.25,1,2,1.0,2,4,1.0,0,2,N
0.25,2,1,0.5,8,1,3,1,1,1,1,0.13,1,2,1.0,2,4,1.0,4,3,N
0.17,2,2,1.0,6,1,5,1,1,3,0,0.5,2,2,0.5,3,6,0.5,0,2,N
0.33,2,1,0.5,6,1,2,1,1,1,0,0.25,1,2,1.0,2,4,1.0,0,2,N
0.19,1,2,1.0,8,0,6,1,2,3,1,1.0,1,2,0.5,2,4,1.0,0,3,N
0.16,2,4,0.36,10,2,11,1,3,7,4,0.24,3,4,0.25,5,10,0.75,4,13,N
0.13,2,4,0.33,11,2,12,1,3,7,5,0.24,3,4,0.25,5,10,0.75,3,14,N
0.12,2,4,0.33,11,2,12,1,3,7,5,0.24,3,4,0.25,5,10,0.75,3,14,N
0.04,2,4,0.27,15,3,13,1,3,7,2,0.24,3,6,0.25,6,12,0.75,0,8,N
0.04,2,4,0.27,16,3,14,1,3,7,3,0.24,3,6,0.25,6,12,0.75,0,10,N
0.21,1,2,0.4,8,1,7,1,2,3,2,0.29,1,2,0.5,2,4,1.0,0,5,N
0.21,2,2,0.4,8,1,7,1,2,3,2,0.29,1,2,0.5,2,4,1.0,0,6,N
0.09,0,2,0.67,8,1,8,1,2,3,2,0.4,1,2,0.5,2,4,1.0,0,3,N
0.21,1,2,0.4,8,1,7,1,2,3,2,0.29,1,2,0.5,2,4,1.0,0,5,N
0.21,2,2,0.4,8,1,7,1,2,3,2,0.29,1,2,0.5,2,4,1.0,0,6,N
0.09,0,2,0.67,8,1,8,1,2,3,2,0.4,1,2,0.5,2,4,1.0,0,3,N
0.17,2,3,0.6,9,1,9,3,3,5,3,0.43,2,2,1.0,3,6,1.0,0,7,N
0.18,3,3,0.6,9,1,9,3,3,5,3,0.38,2,2,1.0,3,6,1.0,0,8,N
0.11,0,3,0.75,8,1,15,1,3,5,4,0.5,2,4,0.33,4,8,1.0,0,6,N
0.21,1,2,0.4,8,1,7,1,2,3,2,0.29,1,2,0.5,2,4,1.0,0,5,N
0.21,2,2,0.4,8,1,7,1,2,3,2,0.29,1,2,0.5,2,4,1.0,0,6,N
0.09,0,2,0.67,8,1,8,1,2,3,2,0.4,1,2,0.5,2,4,1.0,0,3,N
0.21,1,2,0.4,8,1,7,1,2,3,2,0.29,1,2,0.5,2,4,1.0,0,5,N
0.21,2,2,0.4,8,1,7,1,2,3,2,0.29,1,2,0.5,2,4,1.0,0,6,N
0.09,0,2,0.67,8,1,8,1,2,3,2,0.4,1,2,0.5,2,4,1.0,0,3,N
0.21,1,2,0.4,8,1,7,1,2,3,2,0.29,1,2,0.5,2,4,1.0,0,5,N
0.21,2,2,0.4,8,1,7,1,2,3,2,0.29,1,2,0.5,2,4,1.0,0,6,N
0.09,0,2,0.67,8,1,8,1,2,3,2,0.4,1,2,0.5,2,4,1.0,0,3,N
0.16,2,4,0.36,10,2,11,1,3,7,4,0.24,3,4,0.25,5,10,0.75,4,13,N
0.05,3,8,0.24,20,5,24,6,6,13,6,0.19,4,6,0.75,7,14,0.75,7,22,N
0.13,2,4,0.4,10,1,12,1,3,7,5,0.33,3,4,0.25,5,10,0.75,0,13,N
0.13,2,4,0.4,10,1,12,1,3,7,5,0.33,3,4,0.25,5,10,0.75,0,14,N
0.33,0,1,0.5,6,1,3,1,1,1,1,0.25,1,2,1.0,2,4,1.0,0,1,N
0.09,1,8,0.4,17,2,22,5,7,12,9,0.33,3,6,0.63,6,12,0.88,2,15,N
0.27,0,2,1.0,5,1,5,1,1,3,0,0.5,1,2,0.5,2,4,0.5,0,2,N
0.06,1,3,0.6,16,1,14,1,3,5,3,0.43,2,4,0.33,4,8,1.0,0,6,N
0.21,1,2,0.25,7,2,7,1,2,3,3,0.2,1,2,0.5,2,4,1.0,0,6,N
0.25,1,2,0.22,7,2,8,1,2,3,3,0.18,1,2,0.5,2,4,1.0,0,7,N
0.04,1,4,0.27,19,2,18,1,3,7,3,0.22,3,6,0.25,6,12,0.75,1,9,N
0.05,1,6,0.25,17,4,30,1,5,11,8,0.19,5,10,0.17,10,20,0.83,5,15,N
0.09,2,2,0.22,12,3,7,1,1,3,2,0.17,1,2,0.5,2,4,0.5,1,7,N
0.06,3,3,0.27,18,3,13,1,3,5,4,0.2,2,4,0.33,4,8,1.0,1,10,N
0.06,3,3,0.27,18,3,14,1,3,5,5,0.2,2,4,0.33,4,8,1.0,1,11,N
0.06,1,3,0.25,17,3,15,1,3,5,4,0.2,2,4,0.33,4,8,1.0,1,9,N
0.27,0,2,1.0,5,0,5,1,1,3,0,1.0,1,2,0.5,2,4,0.5,0,2,N
0.17,2,3,0.6,9,1,9,3,3,5,2,0.38,2,2,1.0,3,6,1.0,0,7,N
0.17,2,3,0.43,9,2,9,3,3,5,2,0.3,2,2,1.0,3,6,1.0,0,7,N
0.03,1,5,0.28,21,2,26,1,4,9,4,0.24,4,8,0.2,8,16,0.8,1,11,N
0.06,4,4,0.33,17,3,18,1,4,7,4,0.25,3,6,0.25,6,12,1.0,1,13,N
0.03,6,7,0.41,20,2,32,1,7,13,4,0.32,6,12,0.14,12,24,1.0,1,16,N
0.06,5,4,0.33,17,3,18,1,4,7,4,0.24,3,6,0.25,6,12,1.0,1,13,N
0.04,1,4,0.31,17,3,23,1,4,7,5,0.25,3,6,0.25,6,12,1.0,1,9,N
0.27,0,2,1.0,5,1,5,1,1,3,0,0.5,1,2,0.5,2,4,0.5,0,2,N
0.05,1,4,0.57,15,1,20,1,4,7,4,0.44,3,6,0.25,6,12,1.0,0,9,N
0.07,0,4,0.4,13,2,16,1,4,7,4,0.33,3,6,0.25,6,12,1.0,0,9,N
0.1,1,3,0.75,12,1,10,3,2,5,2,0.5,2,4,1.0,4,8,0.67,0,5,N
0.24,1,2,0.4,7,1,7,1,2,3,2,0.29,1,2,0.5,2,4,1.0,0,5,N
0.24,1,2,0.4,7,1,7,1,2,3,2,0.29,1,2,0.5,2,4,1.0,0,5,N
0.04,1,4,0.25,19,2,19,1,3,7,3,0.21,3,6,0.25,6,12,0.75,1,9,N
0.06,1,3,0.43,16,1,14,1,3,5,3,0.33,2,4,0.33,4,8,1.0,0,8,N
0.13,0,2,0.29,9,2,7,1,2,3,2,0.22,1,2,0.5,2,4,1.0,0,6,N
0.04,1,6,0.25,17,4,29,1,5,11,7,0.19,5,10,0.17,10,20,0.83,5,13,N
0.04,2,3,0.27,18,3,12,1,3,5,3,0.21,2,4,0.33,4,8,1.0,1,7,N
0.05,1,3,0.25,17,3,14,1,3,5,3,0.2,2,4,0.33,4,8,1.0,1,7,N
0.22,0,2,0.5,6,1,6,1,2,3,2,0.29,1,2,0.5,2,4,1.0,1,2,N
0.02,3,9,0.25,24,4,30,7,9,16,6,0.19,6,8,0.78,10,20,1.0,7,16,N
0.19,0,2,0.33,9,2,9,1,2,3,5,0.29,1,2,0.5,2,4,1.0,0,6,N
0.22,3,2,0.67,9,1,6,1,2,3,2,0.4,1,2,0.5,2,4,1.0,0,7,N
0.14,4,3,0.38,12,1,8,3,2,5,2,0.21,2,2,1.0,3,6,0.67,1,9,N
0.29,1,2,0.67,7,1,6,1,2,3,2,0.4,1,2,0.5,2,4,1.0,0,5,N
0.27,0,2,0.67,5,1,5,1,2,3,1,0.4,1,2,0.5,2,4,1.0,0,2,N
0.3,1,2,1.0,5,1,5,1,1,3,0,0.5,2,2,0.5,3,6,0.5,0,3,N
0.08,4,3,0.13,13,6,11,1,3,5,4,0.1,1,2,0.33,2,4,1.0,1,13,N
0.16,2,3,0.38,10,1,9,1,3,5,2,0.3,2,4,0.33,4,8,1.0,0,11,N
0.19,1,2,0.22,8,2,7,1,2,3,2,0.18,1,2,0.5,2,4,1.0,0,6,N
0.04,0,15,0.22,16,2,85,1,1,29,10,0.16,26,28,0.07,40,80,0.07,26,76,Y
0.11,0,2,0.33,13,1,9,1,1,3,2,0.2,1,2,0.5,2,4,0.5,2,13,N
0.04,0,8,0.09,12,6,58,1,5,15,9,0.07,7,14,0.13,14,28,0.63,26,83,N
0.1,5,3,0.27,13,1,10,1,3,5,3,0.14,2,4,0.33,4,8,1.0,3,13,N
0.1,2,4,0.33,13,1,18,1,4,7,9,0.21,3,6,0.25,6,12,1.0,5,14,N
0.03,2,16,0.16,18,8,92,16,16,27,7,0.13,10,20,1.0,20,40,1.0,21,30,N
0.06,0,4,0.36,16,2,21,1,4,7,9,0.27,3,6,0.25,6,12,1.0,2,10,N
0.07,0,5,0.36,16,3,23,3,5,9,9,0.28,4,8,0.6,8,16,1.0,2,11,N
0.06,0,4,0.36,16,2,21,1,4,7,9,0.27,3,6,0.25,6,12,1.0,2,10,N
0.11,0,2,0.67,8,1,9,1,2,3,3,0.4,1,2,0.5,2,4,1.0,0,3,N
0.11,0,2,0.67,8,1,9,1,2,3,3,0.4,1,2,0.5,2,4,1.0,0,3,N
0.11,0,2,0.67,8,1,9,1,2,3,3,0.4,1,2,0.5,2,4,1.0,0,3,N
0.11,0,2,0.67,8,1,9,1,2,3,3,0.4,1,2,0.5,2,4,1.0,0,3,N
0.11,0,2,0.67,8,1,9,1,2,3,3,0.4,1,2,0.5,2,4,1.0,0,3,N
0.03,5,7,0.19,19,2,26,3,2,13,7,0.12,6,8,0.43,10,20,0.29,17,21,Y
0.09,0,2,0.14,10,1,12,1,2,3,3,0.09,1,2,0.5,2,4,1.0,6,22,N
0.11,0,2,0.29,11,2,10,1,2,3,2,0.2,1,2,0.5,2,4,1.0,1,9,N
0.1,0,2,0.25,10,2,10,1,2,3,3,0.18,1,2,0.5,2,4,1.0,1,13,N
0.03,0,4,0.1,16,3,18,3,3,7,3,0.07,3,6,0.75,6,12,0.75,13,40,N
0.06,2,3,0.27,16,3,15,3,3,5,8,0.21,2,4,1.0,4,8,1.0,1,8,N
0.07,3,3,0.33,15,1,6,3,2,5,1,0.2,2,2,1.0,3,6,0.67,4,18,Y
0.25,0,2,0.4,8,1,7,1,2,3,3,0.25,1,2,0.5,2,4,1.0,1,7,N
0.12,2,2,0.33,10,1,5,1,1,3,0,0.2,1,2,0.5,2,4,0.5,2,8,N
0.06,2,8,0.33,15,1,32,6,6,15,8,0.22,7,6,0.75,10,20,0.75,10,24,Y
0.06,5,3,0.19,14,3,9,3,2,5,1,0.13,2,4,1.0,4,8,0.67,1,14,N
0.02,2,7,0.17,18,7,25,5,6,13,3,0.13,6,10,0.71,11,22,0.86,10,11,N
0.21,1,2,0.25,8,2,5,1,2,3,1,0.15,1,2,0.5,2,4,1.0,3,6,N
0.08,4,3,0.27,15,2,8,3,2,5,1,0.16,2,4,1.0,4,8,0.67,5,13,N
0.07,2,2,0.08,13,1,20,1,1,3,4,0.05,1,2,0.5,2,4,0.5,15,42,Y
0.08,3,3,0.3,13,2,6,3,1,5,0,0.2,2,2,1.0,3,6,0.33,3,7,N
0.07,4,6,0.5,16,2,12,6,1,11,0,0.32,5,4,1.0,7,14,0.17,5,13,N
0.06,4,5,0.33,17,2,12,3,1,9,0,0.25,4,6,0.6,7,14,0.2,3,13,N
0.1,0,3,0.25,14,3,9,1,2,5,2,0.21,2,4,0.33,4,8,0.67,0,11,N
0.19,2,2,0.29,9,2,6,1,2,3,1,0.22,1,2,0.5,2,4,1.0,0,6,N
0.02,5,5,0.17,13,3,24,1,2,9,3,0.1,4,8,0.2,8,16,0.4,13,14,Y
0.03,7,7,0.1,17,4,40,1,6,13,13,0.06,6,10,0.14,11,22,0.86,34,32,Y
0.03,9,7,0.15,14,4,40,1,7,13,8,0.08,6,12,0.14,12,24,1.0,29,32,N
0.05,0,5,0.38,11,2,24,1,3,9,2,0.26,4,8,0.2,8,16,0.6,4,12,N
0.06,0,3,0.1,12,3,17,1,1,5,4,0.08,2,4,0.33,4,8,0.33,8,32,N
0.08,0,3,0.23,14,2,13,1,2,5,3,0.14,2,4,0.33,4,8,0.67,7,17,Y
0.09,3,3,0.33,13,1,10,1,3,5,3,0.19,2,4,0.33,4,8,1.0,3,11,N
0.1,2,4,0.33,13,1,18,1,4,7,9,0.22,3,6,0.25,6,12,1.0,4,14,N
0.17,0,2,0.5,6,1,5,1,2,3,1,0.29,1,2,0.5,2,4,1.0,1,2,N
0.18,0,2,0.33,10,1,7,1,1,3,1,0.2,1,2,0.5,2,4,0.5,2,7,N
0.18,1,2,0.29,11,1,7,1,1,3,1,0.2,1,2,0.5,2,4,0.5,1,10,N
0.33,0,2,0.67,6,1,6,1,2,3,2,0.4,1,2,0.5,2,4,1.0,0,4,N
0.33,0,2,0.67,6,1,6,1,2,3,2,0.4,1,2,0.5,2,4,1.0,0,4,N
0.33,0,2,0.67,6,1,6,1,2,3,2,0.4,1,2,0.5,2,4,1.0,0,4,N
0.11,3,3,0.23,11,2,10,3,3,5,4,0.17,2,4,1.0,4,8,1.0,1,11,N
0.06,0,4,0.33,14,2,14,1,1,7,2,0.22,4,6,0.25,7,14,0.25,4,10,N
0.09,4,2,0.08,12,2,26,1,1,3,4,0.06,1,2,0.5,2,4,0.5,6,43,N
0.14,0,2,0.29,10,2,8,1,2,3,4,0.22,1,2,0.5,2,4,1.0,0,5,N
0.14,0,3,0.2,11,3,17,1,3,5,9,0.15,2,4,0.33,4,8,1.0,3,20,N
0.07,0,2,0.25,11,2,7,1,2,3,3,0.2,1,2,0.5,2,4,1.0,0,3,N
0.29,1,2,0.22,6,2,9,1,2,3,5,0.18,1,2,0.5,2,4,1.0,0,7,N
0.09,2,3,1.0,10,0,8,1,3,5,3,3.0,3,2,0.33,4,8,1.0,0,5,N
0.04,1,7,0.22,20,6,30,5,5,13,9,0.15,6,12,0.71,12,24,0.71,12,16,N
0.18,2,2,0.17,9,2,10,1,2,3,6,0.13,1,2,0.5,2,4,1.0,3,14,N
0.13,0,2,0.33,9,2,10,1,2,3,3,0.22,1,2,0.5,2,4,1.0,1,6,N
0.05,4,6,0.07,17,5,74,1,6,10,9,0.07,2,4,0.17,4,8,1.0,4,99,N
0.21,0,2,0.4,8,1,6,1,2,3,2,0.29,1,2,0.5,2,4,1.0,0,6,N
0.21,0,2,0.4,8,1,6,1,2,3,2,0.29,1,2,0.5,2,4,1.0,0,6,N
0.1,2,4,0.24,14,4,17,3,3,7,4,0.17,3,6,0.75,6,12,0.75,6,17,N
0.12,0,2,0.5,10,1,9,1,2,3,3,0.29,1,2,0.5,2,4,1.0,1,7,N
0.1,2,5,0.25,14,4,21,4,4,9,5,0.19,4,8,0.8,8,16,0.8,6,22,N
0.12,0,5,0.29,10,3,15,1,4,9,1,0.23,4,8,0.2,8,16,0.8,3,12,Y
0.05,0,4,0.11,14,4,25,1,4,7,4,0.08,3,6,0.25,6,12,1.0,12,23,N
0.3,0,2,0.4,5,1,10,1,2,3,3,0.25,1,2,0.5,2,4,1.0,1,6,N
0.02,1,9,0.15,30,4,30,4,6,15,5,0.11,5,10,0.44,10,20,0.67,17,42,N
0.21,0,5,0.45,7,1,15,1,1,9,1,0.33,4,8,0.2,8,16,0.2,2,12,N
0.11,0,10,0.19,10,8,34,6,6,19,7,0.13,9,14,0.6,16,32,0.6,21,40,N
0.08,1,2,0.17,11,2,12,1,2,3,2,0.11,1,2,0.5,2,4,1.0,4,13,N
0.09,1,2,0.17,11,2,12,1,2,3,2,0.11,1,2,0.5,2,4,1.0,4,14,N
0.16,4,2,0.06,7,3,33,1,2,3,6,0.04,1,2,0.5,2,4,1.0,7,35,N
0.15,0,3,0.16,7,3,9,1,3,5,3,0.1,2,4,0.33,4,8,1.0,8,13,Y
0.09,4,4,0.2,9,5,11,1,1,7,0,0.17,3,6,0.25,6,12,0.25,1,8,N
