LOC_BLANK,BRANCH_COUNT,CALL_PAIRS,LOC_CODE_AND_COMMENT,LOC_COMMENTS,CONDITION_COUNT,CYCLOMATIC_COMPLEXITY,CYCLOMATIC_DENSITY,DECISION_COUNT,DECISION_DENSITY,DESIGN_COMPLEXITY,DESIGN_DENSITY,EDGE_COUNT,ESSENTIAL_COMPLEXITY,ESSENTIAL_DENSITY,LOC_EXECUTABLE,PARAMETER_COUNT,HALSTEAD_CONTENT,HALSTEAD_DIFFICULTY,HALSTEAD_EFFORT,Defective
22,15,9,4,11,26,8,0.22,12,2.17,5,0.63,35,1,0.0,32,0,43.42,14.61,9265.54,Y
7,1,2,0,2,0,1,0.14,0,0.0,1,1.0,3,1,0.0,7,0,14.47,10.0,1446.79,N
10,3,2,0,2,4,2,0.2,2,2.0,2,1.0,9,1,0.0,10,0,17.77,9.0,1439.2,N
9,3,2,0,6,4,2,0.2,2,2.0,2,1.0,9,1,0.0,10,0,18.25,9.0,1478.1,N
3,1,0,0,0,0,1,0.25,0,0.0,1,1.0,1,1,0.0,4,0,8.54,4.67,186.03,N
9,1,4,0,3,0,1,0.13,0,0.0,1,1.0,5,1,0.0,8,1,21.89,4.0,350.28,N
8,3,4,9,5,4,2,0.11,2,2.0,2,1.0,8,1,0.0,10,1,33.28,9.97,3306.02,Y
5,1,1,0,1,0,1,0.17,0,0.0,1,1.0,2,1,0.0,6,1,16.3,4.08,271.98,N
5,1,1,0,1,0,1,0.14,0,0.0,1,1.0,2,1,0.0,7,1,18.52,6.75,843.89,N
6,5,1,1,1,6,3,0.17,2,3.0,1,0.33,9,3,1.0,17,1,20.8,13.72,3916.37,N
4,1,1,1,2,0,1,0.33,0,0.0,1,1.0,2,1,0.0,2,1,11.62,3.0,104.61,Y
6,3,1,1,1,4,2,0.12,2,2.0,1,0.5,7,1,0.0,16,1,23.3,10.39,2514.4,Y
6,1,1,0,1,0,1,0.1,0,0.0,1,1.0,2,1,0.0,10,1,21.06,8.36,1470.86,N
5,1,2,0,1,0,1,0.17,0,0.0,1,1.0,3,1,0.0,6,1,19.22,6.19,735.95,N
7,1,1,0,1,0,1,0.1,0,0.0,1,1.0,2,1,0.0,10,1,21.06,8.36,1470.86,N
5,1,1,0,1,0,1,0.14,0,0.0,1,1.0,2,1,0.0,7,1,17.36,6.75,791.15,N
6,1,2,0,2,0,1,0.13,0,0.0,1,1.0,3,1,0.0,8,1,25.29,7.22,1319.22,N
6,3,1,1,1,4,2,0.2,2,2.0,1,0.5,6,1,0.0,9,1,22.66,10.31,2409.37,Y
6,3,1,0,1,4,2,0.2,2,2.0,1,0.5,6,1,0.0,10,1,19.46,11.79,2703.0,N
5,1,2,0,1,0,1,0.14,0,0.0,1,1.0,3,1,0.0,7,1,23.5,5.5,710.97,N
4,5,2,0,0,8,3,0.25,4,2.0,3,1.0,10,1,0.0,12,0,18.58,9.6,1712.42,N
5,3,2,1,1,4,2,0.25,2,2.0,2,1.0,6,1,0.0,7,4,20.23,4.44,399.66,N
4,3,2,0,1,4,2,0.25,2,2.0,2,1.0,6,1,0.0,8,4,20.23,4.44,399.66,N
8,5,3,1,1,6,3,0.12,2,3.0,2,0.67,12,3,1.0,24,3,18.24,30.58,17051.32,Y
5,1,1,2,0,0,1,0.11,0,0.0,1,1.0,2,1,0.0,7,3,19.64,5.5,594.0,N
5,3,2,0,0,4,2,0.25,2,2.0,2,1.0,8,1,0.0,8,3,16.19,9.44,1444.3,N
8,3,4,0,3,4,2,0.2,2,2.0,2,1.0,8,1,0.0,10,4,40.24,4.43,790.81,N
7,3,0,1,0,4,2,0.13,2,2.0,1,0.5,6,1,0.0,14,6,20.48,14.77,4470.34,Y
3,7,2,20,5,12,4,0.18,6,2.0,4,1.0,15,1,0.0,2,0,21.59,13.59,3988.08,Y
3,3,0,0,0,4,2,0.29,2,2.0,1,0.5,6,1,0.0,7,3,11.46,7.5,644.64,N
9,7,3,1,5,12,4,0.15,6,2.0,4,1.0,16,1,0.0,26,0,23.42,21.94,11272.23,Y
9,7,3,1,5,12,4,0.15,6,2.0,4,1.0,16,1,0.0,26,0,23.42,21.94,11272.23,N
9,7,3,1,5,12,4,0.15,6,2.0,4,1.0,16,1,0.0,26,0,23.42,21.94,11272.23,Y
1,1,0,0,0,0,1,0.5,0,0.0,1,1.0,1,1,0.0,2,0,5.8,2.0,23.22,N
3,1,0,0,0,0,1,0.33,0,0.0,1,1.0,1,1,0.0,3,4,12.85,3.5,157.4,N
4,1,0,0,0,0,1,0.09,0,0.0,1,1.0,1,1,0.0,11,3,20.15,15.43,4795.77,N
11,9,3,6,11,16,5,0.11,8,2.0,4,0.8,23,1,0.0,40,1,32.18,22.75,16658.75,Y
31,23,15,11,17,42,12,0.14,20,2.1,10,0.83,61,4,0.27,74,0,71.39,24.46,42701.09,Y
7,5,2,1,2,8,3,0.18,4,2.0,3,1.0,12,1,0.0,16,1,17.66,17.5,5408.68,Y
7,1,1,8,6,0,1,0.07,0,0.0,1,1.0,2,1,0.0,6,0,21.37,13.3,3780.76,Y
4,3,2,3,0,4,2,0.18,2,2.0,1,0.5,8,1,0.0,8,5,18.7,10.18,1938.6,N
4,1,2,0,1,0,1,0.25,0,0.0,1,1.0,3,1,0.0,4,2,19.03,4.08,317.31,N
5,5,1,10,4,8,3,0.25,4,2.0,1,0.33,10,1,0.0,2,0,20.67,7.94,1304.74,Y
18,9,9,0,5,16,5,0.12,8,2.0,4,0.8,30,1,0.0,41,2,46.59,20.85,20251.07,N
17,7,4,4,11,12,4,0.15,6,2.0,3,0.75,20,1,0.0,23,0,18.2,36.93,24819.33,Y
8,13,1,7,2,18,7,0.19,6,3.0,2,0.29,24,5,0.67,29,0,22.98,22.76,11910.2,Y
17,6,1,0,4,0,5,0.2,0,0.0,5,1.0,16,1,0.0,25,1,26.68,22.5,13507.21,N
22,5,2,0,6,0,4,0.12,0,0.0,4,1.0,16,1,0.0,33,1,31.97,26.1,21778.37,N
4,1,0,0,1,0,1,0.25,0,0.0,1,1.0,1,1,0.0,4,1,23.44,4.0,375.06,N
22,5,2,0,6,0,4,0.12,0,0.0,4,1.0,16,1,0.0,33,1,31.97,26.1,21778.37,N
4,1,1,0,1,0,1,0.25,0,0.0,1,1.0,2,1,0.0,4,1,17.25,6.29,681.48,N
15,6,1,0,6,0,5,0.17,0,0.0,5,1.0,16,1,0.0,30,1,25.36,25.88,16988.95,N
7,5,1,1,3,8,3,0.13,4,2.0,3,1.0,12,1,0.0,22,2,22.3,13.8,4246.27,Y
15,7,0,3,7,12,4,0.17,6,2.0,1,0.25,14,1,0.0,21,2,21.19,14.3,4333.9,N
6,5,1,1,5,8,3,0.19,4,2.0,2,0.67,10,1,0.0,15,1,16.6,11.38,2148.39,Y
7,3,3,0,2,4,2,0.12,2,2.0,2,1.0,8,1,0.0,17,4,22.93,9.27,1971.45,N
4,3,1,1,0,4,2,0.2,2,2.0,1,0.5,7,1,0.0,9,1,16.64,8.94,1328.8,Y
4,1,1,0,0,0,1,0.1,0,0.0,1,1.0,2,1,0.0,10,1,19.15,8.36,1337.14,N
6,5,1,0,2,6,3,0.14,2,3.0,1,0.33,9,3,1.0,22,1,30.36,13.0,5130.52,N
5,3,1,1,2,4,2,0.11,2,2.0,1,0.5,7,1,0.0,18,1,27.2,10.0,2720.25,N
5,3,1,0,2,4,2,0.13,2,2.0,1,0.5,6,1,0.0,16,1,24.76,11.0,2995.56,N
4,6,1,8,0,4,4,0.09,2,2.0,2,0.5,15,1,0.0,37,1,35.88,23.06,19076.12,Y
2,1,1,0,0,0,1,0.14,0,0.0,1,1.0,2,1,0.0,7,1,17.94,6.75,817.52,N
5,1,1,0,0,0,1,0.09,0,0.0,1,1.0,2,1,0.0,11,1,21.27,10.0,2126.66,N
13,1,6,1,6,0,1,0.13,0,0.0,1,1.0,7,1,0.0,7,0,29.83,3.89,451.11,Y
11,7,1,1,11,12,4,0.13,6,2.0,1,0.25,20,1,0.0,31,0,51.31,17.5,15713.29,Y
7,5,1,3,3,8,3,0.27,4,2.0,2,0.67,10,1,0.0,8,0,8.09,21.0,3568.26,Y
25,16,8,13,9,16,11,0.17,8,2.0,9,0.82,33,1,0.0,53,0,34.84,35.0,42678.84,Y
4,9,2,14,3,16,5,0.15,8,2.0,4,0.8,19,1,0.0,20,0,15.65,31.06,15095.42,Y
4,1,1,1,0,0,1,0.17,0,0.0,1,1.0,2,1,0.0,5,1,16.3,4.08,271.98,Y
14,6,4,2,4,4,4,0.13,2,2.0,4,1.0,15,1,0.0,29,1,29.51,15.0,6639.14,Y
1,1,0,0,0,0,1,0.5,0,0.0,1,1.0,1,1,0.0,2,0,0.0,0.0,0.0,N
19,15,1,6,11,22,8,0.12,8,2.75,5,0.63,31,8,1.0,60,1,41.36,32.0,42352.03,Y
5,1,1,0,3,0,1,0.06,0,0.0,1,1.0,3,1,0.0,18,1,28.84,13.33,5127.24,N
5,1,1,0,3,0,1,0.1,0,0.0,1,1.0,3,1,0.0,10,1,19.66,9.6,1811.74,N
4,1,1,1,1,0,1,0.17,0,0.0,1,1.0,2,1,0.0,5,1,13.88,5.6,435.17,Y
1,1,0,0,0,0,1,0.5,0,0.0,1,1.0,1,1,0.0,2,1,5.33,1.5,12.0,N
20,7,6,11,8,4,5,0.13,2,2.0,5,1.0,21,1,0.0,29,0,43.45,17.02,12581.62,Y
8,5,3,2,6,8,3,0.14,4,2.0,3,1.0,13,1,0.0,20,1,30.43,15.17,6999.51,Y
6,3,2,2,4,4,2,0.11,2,2.0,2,1.0,8,1,0.0,16,0,26.74,12.83,4403.53,Y
20,11,3,24,10,10,7,0.13,4,2.5,5,0.71,24,4,0.5,31,0,66.27,30.44,61416.25,Y
10,5,1,2,4,8,3,0.09,4,2.0,3,1.0,13,1,0.0,31,1,32.42,21.5,14986.93,N
4,3,1,0,0,4,2,0.2,2,2.0,1,0.5,7,1,0.0,10,1,14.63,9.75,1390.58,N
9,15,1,15,3,28,8,0.14,14,2.0,1,0.13,33,1,0.0,41,1,28.48,37.78,40642.28,Y
5,1,1,0,0,0,1,0.08,0,0.0,1,1.0,2,1,0.0,12,1,23.98,8.0,1534.53,N
10,15,2,23,5,28,8,0.16,14,2.0,3,0.38,36,1,0.0,27,1,34.3,29.36,29575.64,Y
9,11,1,5,3,20,6,0.15,10,2.0,1,0.17,25,1,0.0,35,1,28.15,27.0,20519.43,Y
19,17,10,14,10,28,9,0.19,12,2.33,6,0.67,36,1,0.0,33,0,53.47,15.83,13404.4,Y
4,3,1,2,1,4,2,0.2,2,2.0,2,1.0,7,1,0.0,8,0,13.65,11.0,1651.29,N
5,7,0,6,2,12,4,0.17,6,2.0,1,0.25,13,1,0.0,17,0,18.32,13.44,3312.04,Y
4,7,2,3,2,12,4,0.15,6,2.0,2,0.5,15,1,0.0,23,0,12.12,25.67,7986.92,Y
2,7,0,0,0,10,4,0.8,2,5.0,1,0.25,9,1,0.0,5,0,17.92,6.4,734.17,N
3,5,0,1,0,8,3,0.25,4,2.0,1,0.33,9,1,0.0,11,5,14.12,11.0,1708.56,Y
6,5,1,1,2,8,3,0.2,4,2.0,2,0.67,11,1,0.0,14,0,12.24,14.57,2599.73,Y
23,23,10,8,19,42,12,0.21,20,2.1,6,0.5,67,6,0.45,50,2,117.86,30.67,110843.58,Y
17,17,6,8,11,32,9,0.16,16,2.0,6,0.67,48,1,0.0,47,1,86.67,27.58,65929.86,N
17,9,8,6,11,16,5,0.18,8,2.0,5,1.0,22,1,0.0,22,0,41.03,12.75,6670.63,Y
4,7,2,0,3,12,4,0.18,6,2.0,2,0.5,16,1,0.0,22,1,18.61,23.33,10132.78,N
9,11,1,6,10,20,6,0.15,10,2.0,3,0.5,22,6,1.0,33,1,28.62,39.24,44060.1,N
14,1,0,62,13,0,1,0.01,0,0.0,1,1.0,1,1,0.0,133,0,257.7,73.75,1401719.45,Y
3,5,0,2,5,8,3,0.38,4,2.0,1,0.33,10,1,0.0,6,3,11.15,13.0,1884.3,Y
6,9,3,2,6,16,5,0.19,8,2.0,3,0.6,21,1,0.0,25,0,28.01,16.89,7990.71,Y
0,1,0,0,0,0,1,1.0,0,0.0,1,1.0,1,1,0.0,0,0,0.0,0.0,0.0,N
6,3,1,1,1,4,2,0.17,2,2.0,1,0.5,6,1,0.0,11,1,22.46,10.39,2424.6,Y
2,1,2,0,0,0,1,0.17,0,0.0,1,1.0,3,1,0.0,6,0,15.42,4.8,355.24,N
3,7,2,17,1,8,4,0.21,2,4.0,2,0.5,11,4,1.0,2,1,21.96,14.0,4304.47,Y
11,29,3,27,11,50,15,0.19,22,2.27,9,0.6,61,10,0.64,51,1,32.25,50.79,83227.41,Y
12,9,5,15,13,16,5,0.11,8,2.0,3,0.6,26,1,0.0,30,0,34.26,27.0,24973.53,Y
5,1,1,0,0,0,1,0.1,0,0.0,1,1.0,2,1,0.0,10,1,21.06,8.36,1470.86,N
5,1,1,0,0,0,1,0.09,0,0.0,1,1.0,2,1,0.0,11,1,23.74,8.44,1689.91,N
2,3,4,1,0,4,2,0.17,2,2.0,2,1.0,8,1,0.0,11,1,27.68,8.25,1884.3,Y
1,1,0,1,2,0,1,0.33,0,0.0,1,1.0,1,1,0.0,2,1,9.0,3.0,81.0,Y
8,3,0,1,7,4,2,0.13,2,2.0,1,0.5,7,1,0.0,15,1,20.68,12.5,3231.69,Y
4,13,1,9,0,18,7,0.26,6,3.0,4,0.57,25,7,1.0,18,1,18.44,22.5,9335.36,Y
12,13,9,8,10,24,7,0.19,12,2.0,6,0.86,31,1,0.0,28,0,60.82,9.92,5988.69,Y
3,1,1,0,0,0,1,0.14,0,0.0,1,1.0,2,1,0.0,7,5,22.72,7.56,1297.09,N
14,1,1,55,0,0,1,0.0,0,0.0,1,1.0,196,1,0.0,155,0,2246.32,11.67,306039.54,Y
16,22,4,18,7,22,15,0.25,10,2.2,13,0.87,45,1,0.0,42,1,31.75,72.5,166891.74,N
4,1,0,0,0,0,1,0.13,0,0.0,1,1.0,1,1,0.0,8,1,18.58,11.0,2247.77,N
4,1,0,0,0,0,1,0.13,0,0.0,1,1.0,1,1,0.0,8,1,18.58,11.0,2247.77,N
4,1,2,1,1,0,1,0.17,0,0.0,1,1.0,3,1,0.0,5,1,14.51,4.2,255.97,N
4,1,1,0,1,0,1,0.14,0,0.0,1,1.0,2,1,0.0,7,1,18.28,7.5,1027.99,N
12,7,4,4,6,10,4,0.12,4,2.5,3,0.75,17,3,0.67,29,1,52.95,17.71,16602.83,N
3,1,1,0,4,0,1,0.25,0,0.0,1,1.0,2,1,0.0,4,0,14.99,3.0,134.92,N
2,1,1,0,0,0,1,0.2,0,0.0,1,1.0,2,1,0.0,5,0,17.22,4.08,287.09,N
3,1,1,1,2,0,1,0.25,0,0.0,1,1.0,2,1,0.0,3,0,15.36,3.5,188.21,Y
2,1,1,0,1,0,1,0.33,0,0.0,1,1.0,2,1,0.0,3,0,10.8,2.5,67.5,N
2,1,0,0,0,0,1,0.33,0,0.0,1,1.0,1,1,0.0,3,0,8.98,2.5,56.15,N
2,1,1,0,1,0,1,0.33,0,0.0,1,1.0,2,1,0.0,3,0,10.8,2.5,67.5,N
1,1,0,0,0,0,1,0.5,0,0.0,1,1.0,1,1,0.0,2,0,0.0,0.0,0.0,N
1,1,0,0,0,0,1,0.33,0,0.0,1,1.0,1,1,0.0,3,0,9.05,2.0,36.19,N
2,1,0,0,0,0,1,0.33,0,0.0,1,1.0,1,1,0.0,3,0,8.98,2.5,56.15,N
2,1,0,0,0,0,1,0.33,0,0.0,1,1.0,1,1,0.0,3,0,8.98,2.5,56.15,N
6,5,1,0,2,8,3,0.11,4,2.0,1,0.33,12,1,0.0,28,1,28.96,13.46,5249.74,N
5,5,1,2,2,8,3,0.1,4,2.0,1,0.33,11,1,0.0,27,1,31.25,16.0,7999.44,Y
5,1,1,0,0,0,1,0.1,0,0.0,1,1.0,2,1,0.0,10,1,19.62,8.36,1370.57,N
5,1,1,0,0,0,1,0.1,0,0.0,1,1.0,2,1,0.0,10,1,22.5,8.36,1571.14,N
13,3,1,0,6,4,2,0.07,2,2.0,1,0.5,7,1,0.0,27,1,32.9,19.0,11878.01,N
10,3,1,0,5,4,2,0.08,2,2.0,1,0.5,7,1,0.0,26,1,33.15,19.0,11967.32,N
13,17,6,14,10,26,9,0.35,10,2.6,2,0.22,33,1,0.0,12,0,27.0,19.97,10770.44,Y
8,15,1,4,8,20,8,0.36,6,3.33,2,0.25,22,1,0.0,18,1,26.2,18.41,8874.62,Y
31,25,3,19,29,38,13,0.22,14,2.71,3,0.23,45,9,0.67,39,0,36.37,41.48,62590.96,Y
18,5,1,4,17,8,3,0.08,4,2.0,1,0.33,12,1,0.0,32,2,30.51,27.07,22353.19,N
36,21,1,18,43,38,11,0.16,18,2.11,3,0.27,42,1,0.0,51,0,15.89,87.82,122506.36,Y
9,17,1,5,6,30,9,0.15,14,2.14,2,0.22,36,4,0.38,54,0,36.36,38.32,53395.15,Y
3,3,1,0,1,4,2,0.25,2,2.0,2,1.0,6,1,0.0,8,0,20.38,7.22,1062.83,N
3,7,1,3,0,8,4,0.4,2,4.0,2,0.5,9,4,1.0,7,0,18.39,9.17,1545.09,Y
7,11,1,17,7,18,6,0.26,8,2.25,2,0.33,19,1,0.0,6,1,25.52,13.0,4312.2,Y
4,3,1,2,0,4,2,0.15,2,2.0,1,0.5,6,1,0.0,11,1,28.24,7.14,1440.99,N
2,3,1,1,0,4,2,0.33,2,2.0,2,1.0,5,1,0.0,5,0,16.5,4.5,334.04,Y
3,3,1,1,0,4,2,0.25,2,2.0,2,1.0,5,1,0.0,7,0,17.09,4.57,357.2,Y
3,3,1,1,0,4,2,0.25,2,2.0,2,1.0,5,1,0.0,7,1,17.84,6.19,682.86,Y
3,5,2,0,0,6,3,0.33,2,3.0,3,1.0,9,3,1.0,9,1,16.47,9.33,1434.82,N
3,5,1,2,1,6,3,0.33,2,3.0,2,0.67,8,3,1.0,7,0,22.4,7.33,1204.38,Y
4,7,2,0,2,12,4,0.27,6,2.0,3,0.75,15,1,0.0,15,0,21.94,10.5,2418.38,N
4,3,1,0,0,4,2,0.25,2,2.0,2,1.0,6,1,0.0,8,1,16.23,4.57,339.34,N
3,1,1,0,0,0,1,0.25,0,0.0,1,1.0,2,1,0.0,4,0,11.23,2.0,44.92,N
3,5,1,1,0,8,3,0.27,4,2.0,2,0.67,8,1,0.0,10,0,22.99,4.44,454.16,Y
3,3,1,0,0,4,2,0.25,2,2.0,2,1.0,5,1,0.0,8,0,17.09,4.57,357.2,N
4,5,2,0,0,8,3,0.21,4,2.0,3,1.0,10,1,0.0,14,0,23.96,9.69,2250.48,N
3,5,1,4,0,8,3,0.27,4,2.0,2,0.67,9,1,0.0,7,1,20.85,5.0,521.24,Y
4,5,2,0,0,8,3,0.21,4,2.0,3,1.0,10,1,0.0,14,0,23.96,9.69,2250.48,N
4,3,1,1,0,4,2,0.17,2,2.0,1,0.5,6,1,0.0,11,1,21.93,8.25,1492.78,N
3,3,2,0,0,4,2,0.25,2,2.0,2,1.0,6,1,0.0,8,1,20.15,6.0,725.57,N
3,3,2,0,0,4,2,0.25,2,2.0,2,1.0,7,1,0.0,8,0,18.89,5.63,597.79,N
3,3,1,0,0,4,2,0.13,2,2.0,1,0.5,6,1,0.0,15,0,27.64,7.69,1635.44,N
3,3,1,0,0,4,2,0.25,2,2.0,2,1.0,5,1,0.0,8,1,16.23,4.57,339.34,N
3,9,1,0,0,10,5,0.45,2,5.0,2,0.4,11,5,1.0,11,1,18.96,10.11,1938.86,N
4,3,1,1,0,4,2,0.17,2,2.0,1,0.5,6,1,0.0,11,2,25.6,6.54,1094.35,N
3,1,1,0,0,0,1,0.33,0,0.0,1,1.0,2,1,0.0,3,0,9.05,2.0,36.19,N
4,5,3,1,2,8,3,0.19,4,2.0,3,1.0,12,1,0.0,15,0,24.04,10.4,2599.82,Y
3,5,3,0,1,8,3,0.25,4,2.0,3,1.0,12,1,0.0,12,0,26.42,6.77,1210.43,N
3,5,1,1,0,8,3,0.25,4,2.0,2,0.67,9,1,0.0,11,1,15.97,11.05,1949.43,Y
19,39,5,6,21,76,20,0.2,38,2.0,2,0.1,93,1,0.0,96,1,29.39,91.11,243939.5,Y
4,1,0,0,7,0,1,0.33,0,0.0,1,1.0,1,1,0.0,3,1,11.0,3.0,99.0,N
23,9,4,5,11,16,5,0.12,8,2.0,5,1.0,24,1,0.0,36,1,30.9,39.09,47217.09,Y
25,7,7,5,13,12,4,0.11,6,2.0,3,0.75,23,1,0.0,31,1,32.79,29.64,28803.52,N
19,29,3,20,20,54,15,0.15,26,2.08,7,0.47,62,3,0.14,82,1,23.98,98.43,232360.35,Y
4,7,0,1,3,12,4,0.21,6,2.0,1,0.25,14,1,0.0,18,0,10.95,15.79,2728.99,Y
8,3,3,4,4,4,2,0.13,2,2.0,1,0.5,8,1,0.0,11,1,30.01,11.76,4154.21,N
18,9,1,2,7,16,5,0.1,8,2.0,1,0.2,18,1,0.0,49,1,30.75,35.76,39329.66,Y
10,7,1,1,2,4,5,0.19,2,2.0,2,0.4,15,1,0.0,26,1,27.87,12.27,4193.22,Y
2,1,1,0,0,0,1,0.25,0,0.0,1,1.0,2,1,0.0,4,1,15.5,4.5,313.92,N
14,25,9,11,16,44,13,0.21,20,2.2,6,0.46,54,5,0.33,52,0,27.67,49.46,67672.14,Y
20,9,1,9,14,14,5,0.11,6,2.33,1,0.2,18,3,0.5,36,1,36.38,29.0,30595.0,Y
7,3,2,3,2,4,2,0.17,2,2.0,2,1.0,8,1,0.0,9,1,18.89,9.82,1820.94,Y
5,5,1,1,0,8,3,0.21,4,2.0,1,0.33,10,1,0.0,13,1,19.01,14.67,4089.46,Y
5,7,1,21,1,12,4,0.1,6,2.0,1,0.25,15,1,0.0,20,1,42.54,15.53,10260.06,Y
3,1,0,0,0,0,1,0.33,0,0.0,1,1.0,1,1,0.0,3,1,9.0,3.0,81.0,N
7,13,5,9,9,24,7,0.22,12,2.0,6,0.86,30,1,0.0,23,0,33.28,16.03,8555.65,Y
6,17,2,4,5,26,9,0.27,10,2.6,3,0.33,29,1,0.0,29,0,20.17,30.46,18713.14,Y
6,17,1,1,6,22,9,0.31,6,3.67,2,0.22,25,7,0.75,28,0,13.48,33.0,14676.46,Y
4,3,1,1,0,4,2,0.2,2,2.0,1,0.5,6,1,0.0,9,0,15.16,15.0,3411.47,Y
5,7,0,0,6,10,4,0.31,4,2.5,1,0.25,10,4,1.0,13,1,14.41,10.5,1588.31,N
2,3,0,1,0,4,2,0.25,2,2.0,1,0.5,6,1,0.0,7,2,9.09,11.0,1100.0,N
2,5,1,14,4,8,3,0.17,4,2.0,1,0.33,11,1,0.0,4,0,12.12,13.2,2112.0,Y
3,9,1,0,2,18,5,0.5,6,3.0,3,0.6,15,3,0.5,10,0,12.2,18.0,3953.09,N
2,1,0,3,0,0,1,0.17,0,0.0,1,1.0,1,1,0.0,3,0,17.58,6.0,632.92,Y
4,3,1,0,0,4,2,0.13,2,2.0,1,0.5,9,1,0.0,15,0,15.71,19.38,5897.84,N
8,5,1,0,3,8,3,0.16,4,2.0,2,0.67,13,1,0.0,19,0,18.18,20.68,7775.68,N
54,15,5,12,27,28,8,0.07,14,2.0,3,0.38,54,1,0.0,105,0,108.11,36.96,147695.29,Y
8,1,4,0,4,0,1,0.17,0,0.0,1,1.0,5,1,0.0,6,0,22.5,2.0,90.0,N
3,3,0,2,0,4,2,0.25,2,2.0,1,0.5,6,1,0.0,6,0,10.38,9.9,1017.71,Y
15,3,1,6,8,4,2,0.05,2,2.0,2,1.0,7,1,0.0,31,0,36.01,29.66,31674.07,N
26,5,1,10,7,8,3,0.06,4,2.0,1,0.33,17,1,0.0,38,0,30.09,43.27,56334.14,Y
14,5,0,10,5,8,3,0.12,4,2.0,1,0.33,13,1,0.0,16,0,34.59,16.0,8854.91,Y
50,9,1,37,18,16,5,0.03,8,2.0,1,0.2,27,1,0.0,155,0,132.94,61.45,501990.12,Y
8,3,0,0,3,4,2,0.11,2,2.0,1,0.5,7,1,0.0,19,0,59.53,8.08,3883.41,Y
14,5,0,3,2,8,3,0.04,4,2.0,1,0.33,10,1,0.0,64,0,44.68,37.34,62299.43,Y
23,5,1,24,19,8,3,0.04,4,2.0,2,0.67,11,1,0.0,55,0,74.79,38.6,111439.21,Y
8,3,7,0,8,4,2,0.15,2,2.0,2,1.0,11,1,0.0,13,0,35.04,3.85,519.3,Y
8,1,0,4,1,0,1,0.05,0,0.0,1,1.0,1,1,0.0,18,0,17.87,28.58,14596.38,Y
1,1,0,6,0,0,1,0.03,0,0.0,1,1.0,1,1,0.0,34,0,132.54,12.21,19761.56,N
2,1,0,0,2,0,1,0.02,0,0.0,1,1.0,1,1,0.0,54,0,215.91,13.45,39084.89,N
3,1,0,1,1,0,1,0.04,0,0.0,1,1.0,1,1,0.0,23,0,52.34,13.11,8997.69,Y
1,1,0,6,1,0,1,0.13,0,0.0,1,1.0,1,1,0.0,2,0,25.9,5.14,685.11,N
2,1,0,13,0,0,1,0.06,0,0.0,1,1.0,1,1,0.0,5,0,61.05,10.0,6105.34,N
15,1,7,0,6,0,1,0.11,0,0.0,1,1.0,8,1,0.0,9,0,36.46,3.0,328.18,N
16,3,5,0,7,4,2,0.13,2,2.0,1,0.5,12,1,0.0,15,0,35.9,9.47,3221.11,N
6,3,1,0,2,4,2,0.22,2,2.0,1,0.5,7,1,0.0,9,0,13.68,9.63,1267.48,N
6,5,3,0,0,8,3,0.19,4,2.0,3,1.0,13,1,0.0,16,0,35.26,7.71,2098.48,N
13,5,5,1,6,8,3,0.19,4,2.0,2,0.67,14,1,0.0,15,0,32.92,10.73,3787.08,N
2,1,0,0,0,0,1,0.2,0,0.0,1,1.0,1,1,0.0,5,0,18.32,4.5,371.04,N
5,3,4,0,0,4,2,0.15,2,2.0,2,1.0,8,1,0.0,13,0,37.27,5.54,1143.35,N
8,11,5,0,5,18,6,0.17,8,2.25,4,0.67,28,3,0.4,35,0,32.04,22.26,15883.78,N
6,1,3,0,0,0,1,0.07,0,0.0,1,1.0,6,1,0.0,14,2,25.09,9.82,2418.71,N
9,11,5,0,5,18,6,0.16,8,2.25,3,0.5,27,3,0.4,37,0,32.64,23.38,17851.06,N
19,11,1,9,17,20,6,0.15,10,2.0,1,0.17,27,1,0.0,32,0,32.58,28.39,26259.72,N
41,1,0,9,10,0,1,0.01,0,0.0,1,1.0,1,1,0.0,96,0,372.88,16.94,107059.51,N
14,1,10,3,7,0,1,0.07,0,0.0,1,1.0,11,1,0.0,11,0,59.86,4.16,1034.06,Y
20,3,6,1,10,4,2,0.07,2,2.0,2,1.0,16,1,0.0,28,0,49.24,12.67,7899.91,Y
17,11,1,6,10,20,6,0.14,10,2.0,3,0.5,24,1,0.0,37,0,51.72,17.7,16202.08,Y
14,5,1,2,2,8,3,0.02,4,2.0,2,0.67,11,1,0.0,196,0,201.95,50.69,518878.57,Y
10,1,5,0,6,0,1,0.07,0,0.0,1,1.0,6,1,0.0,14,0,38.55,5.41,1127.78,N
7,3,0,7,4,4,2,0.17,2,2.0,1,0.5,6,1,0.0,5,3,15.69,10.29,1660.33,Y
4,3,1,1,1,4,2,0.22,2,2.0,2,1.0,7,1,0.0,8,0,11.35,10.08,1154.03,N
21,13,8,7,11,22,7,0.21,10,2.2,5,0.71,30,1,0.0,26,0,34.86,26.4,24294.51,Y
9,11,2,0,3,22,6,0.29,10,2.2,1,0.17,23,1,0.0,21,0,15.38,23.25,8313.66,N
17,11,5,2,8,20,6,0.25,10,2.0,4,0.67,29,1,0.0,22,7,37.84,13.83,7233.63,N
4,3,1,1,1,4,2,0.2,2,2.0,2,1.0,5,1,0.0,9,0,11.2,8.0,716.99,Y
27,15,4,10,13,28,8,0.12,14,2.0,6,0.75,39,1,0.0,56,5,34.93,44.48,69108.13,Y
22,3,5,1,19,4,2,0.08,2,2.0,2,1.0,13,1,0.0,23,0,24.41,17.27,7283.26,N
11,9,1,0,7,16,5,0.31,8,2.0,1,0.2,22,1,0.0,16,5,19.88,23.68,11146.31,N
6,3,1,1,4,4,2,0.15,2,2.0,2,1.0,5,1,0.0,12,0,18.1,9.63,1676.34,Y
34,5,5,4,19,8,3,0.05,4,2.0,3,1.0,16,1,0.0,58,0,46.28,83.31,321184.78,N
2,1,0,0,0,4,1,0.5,2,2.0,1,1.0,1,1,0.0,2,2,12.5,5.63,395.48,N
11,7,3,1,8,12,4,0.17,6,2.0,2,0.5,17,1,0.0,23,0,23.89,23.0,12637.26,Y
6,3,4,8,5,4,2,0.07,2,2.0,2,1.0,24,1,0.0,20,0,38.14,38.52,56592.42,Y
27,37,9,68,28,70,19,0.12,34,2.06,5,0.26,114,3,0.11,92,0,85.05,84.51,607387.78,Y
3,11,1,2,5,20,6,0.21,10,2.0,4,0.67,25,1,0.0,26,0,30.3,37.24,42015.91,N
16,3,14,12,12,4,2,0.1,2,2.0,2,1.0,19,1,0.0,9,0,57.37,6.72,2590.56,Y
38,7,15,19,34,12,4,0.09,6,2.0,2,0.5,29,1,0.0,24,0,79.68,11.59,10705.07,Y
17,11,3,13,6,16,6,0.17,6,2.67,4,0.67,21,5,0.8,23,1,24.52,21.38,11200.69,Y
9,7,5,5,4,12,4,0.22,6,2.0,3,0.75,18,1,0.0,13,0,23.66,13.46,4289.42,Y
9,11,3,16,7,20,6,0.13,10,2.0,2,0.33,25,1,0.0,31,1,33.43,24.17,19526.57,Y
24,31,8,52,21,52,16,0.15,22,2.36,10,0.63,61,9,0.53,52,1,45.07,43.48,85224.2,Y
15,19,2,22,18,32,10,0.24,14,2.29,3,0.3,38,6,0.56,19,1,15.64,64.91,65882.72,Y
8,6,1,2,0,0,5,0.25,0,0.0,1,0.2,12,1,0.0,18,2,26.73,9.21,2266.4,Y
23,21,2,13,15,40,11,0.14,20,2.0,8,0.73,44,1,0.0,66,0,44.4,36.47,59060.03,Y
7,5,0,0,2,0,4,0.21,0,0.0,1,0.25,10,1,0.0,19,2,22.54,9.78,2155.2,N
7,9,1,6,2,14,5,0.15,6,2.33,3,0.6,18,4,0.75,28,2,27.03,17.77,8533.56,Y
16,11,10,9,9,20,6,0.15,10,2.0,6,1.0,29,1,0.0,31,0,39.1,16.0,10008.97,Y
12,23,2,13,11,40,12,0.22,18,2.22,2,0.17,47,3,0.18,41,0,60.51,22.95,31869.45,Y
21,15,3,14,14,28,8,0.17,14,2.0,4,0.5,36,1,0.0,33,0,67.61,22.34,33751.49,Y
4,5,0,2,2,8,3,0.15,4,2.0,1,0.33,10,1,0.0,18,0,20.53,12.14,3027.64,Y
14,9,1,6,12,16,5,0.13,8,2.0,2,0.4,18,1,0.0,32,0,16.9,44.55,33544.41,Y
10,13,1,3,7,20,7,0.19,8,2.5,2,0.29,22,1,0.0,33,0,13.97,46.44,30142.12,Y
2,1,0,0,0,0,1,0.17,0,0.0,1,1.0,1,1,0.0,6,0,22.42,4.0,358.77,N
18,15,5,7,11,26,8,0.14,12,2.17,4,0.5,33,1,0.0,51,0,28.26,46.75,61762.26,Y
17,3,0,1,4,4,2,0.05,2,2.0,1,0.5,5,1,0.0,41,0,34.23,32.5,36155.52,N
3,9,0,2,0,10,5,0.5,2,5.0,1,0.2,11,5,1.0,8,0,18.06,8.94,1442.7,Y
18,15,12,10,9,26,8,0.11,12,2.17,4,0.5,43,3,0.29,60,0,57.8,36.88,78609.33,Y
18,9,2,5,8,16,5,0.17,8,2.0,2,0.4,19,1,0.0,25,0,20.05,21.25,9053.79,Y
9,1,4,0,4,0,1,0.13,0,0.0,1,1.0,5,1,0.0,8,0,36.53,4.36,695.61,N
15,7,5,8,6,12,4,0.15,6,2.0,2,0.5,18,1,0.0,19,0,31.79,15.24,7382.54,Y
3,3,0,3,1,4,2,0.17,2,2.0,1,0.5,6,1,0.0,9,0,13.83,7.0,677.56,Y
11,7,1,3,6,10,4,0.18,4,2.5,2,0.5,12,3,0.67,19,0,16.85,18.91,6024.01,Y
3,3,0,0,0,4,2,0.15,2,2.0,1,0.5,6,1,0.0,13,0,12.62,8.8,976.92,N
3,1,0,1,0,0,1,0.25,0,0.0,1,1.0,1,1,0.0,3,0,11.58,2.67,82.35,Y
3,1,0,1,0,0,1,0.25,0,0.0,1,1.0,1,1,0.0,3,0,16.5,2.0,66.0,Y
2,1,0,1,0,0,1,0.25,0,0.0,1,1.0,1,1,0.0,3,0,11.58,2.67,82.35,Y
3,3,0,0,0,4,2,0.15,2,2.0,1,0.5,6,1,0.0,13,0,12.62,8.8,976.92,N
8,5,2,3,5,8,3,0.07,4,2.0,2,0.67,14,1,0.0,40,0,29.0,28.53,23605.34,Y
1,1,6,0,0,0,1,0.13,0,0.0,1,1.0,7,1,0.0,8,0,34.88,2.0,139.52,N
11,7,0,15,8,12,4,0.16,6,2.0,1,0.25,16,1,0.0,10,0,25.55,25.31,16365.59,Y
2,3,0,0,0,4,2,0.29,2,2.0,1,0.5,6,1,0.0,7,0,12.33,7.2,639.44,N
5,1,0,0,0,0,1,0.17,0,0.0,1,1.0,1,1,0.0,6,0,21.49,6.6,936.12,N
3,3,0,0,0,4,2,0.29,2,2.0,1,0.5,6,1,0.0,7,0,12.33,7.2,639.44,N
3,3,0,0,0,4,2,0.29,2,2.0,1,0.5,6,1,0.0,7,0,12.33,7.2,639.44,N
1,3,0,0,0,4,2,0.29,2,2.0,1,0.5,6,1,0.0,7,0,12.33,7.2,639.44,N
3,3,1,0,0,4,2,0.33,2,2.0,2,1.0,5,1,0.0,6,0,11.62,3.0,104.61,N
5,1,2,0,0,0,1,0.11,0,0.0,1,1.0,3,1,0.0,9,3,28.28,5.25,779.42,N
4,1,2,0,0,0,1,0.25,0,0.0,1,1.0,3,1,0.0,4,1,16.5,2.0,66.0,N
21,7,13,5,9,12,4,0.12,6,2.0,4,1.0,26,1,0.0,28,0,81.88,7.97,5199.37,Y
23,3,9,0,11,4,2,0.06,2,2.0,2,1.0,15,1,0.0,31,1,53.71,11.17,6703.96,Y
25,15,14,9,5,26,8,0.1,12,2.17,6,0.75,47,4,0.43,73,2,76.97,31.91,78348.5,Y
12,21,2,15,10,40,11,0.16,20,2.0,2,0.18,59,1,0.0,53,5,30.35,65.33,129533.9,Y
12,5,3,2,13,8,3,0.06,4,2.0,3,1.0,13,1,0.0,51,4,104.59,33.49,117276.02,Y
7,1,3,0,3,0,1,0.17,0,0.0,1,1.0,4,1,0.0,6,0,19.93,3.0,179.38,N
3,3,0,0,0,4,2,0.25,2,2.0,1,0.5,6,1,0.0,8,0,10.38,9.9,1017.71,N
3,3,1,0,1,4,2,0.29,2,2.0,2,1.0,7,1,0.0,7,0,9.04,6.13,339.02,N
11,3,3,3,10,4,2,0.08,2,2.0,2,1.0,8,1,0.0,21,1,23.75,19.5,9030.08,Y
9,1,3,0,5,0,1,0.1,0,0.0,1,1.0,4,1,0.0,10,1,19.88,11.11,2454.36,N
2,1,0,0,0,0,1,0.17,0,0.0,1,1.0,1,1,0.0,6,1,11.29,9.0,914.21,N
24,31,6,25,22,54,16,0.18,24,2.25,4,0.25,62,4,0.2,64,0,40.24,43.62,76555.91,Y
2,1,0,1,1,0,1,0.2,0,0.0,1,1.0,1,1,0.0,4,0,15.5,7.5,872.01,Y
3,3,1,0,0,4,2,0.33,2,2.0,1,0.5,6,1,0.0,6,0,13.31,6.75,606.54,N
13,18,7,18,7,26,10,0.16,12,2.17,8,0.8,43,1,0.0,44,0,41.18,29.46,35752.82,Y
11,1,1,0,4,0,1,0.06,0,0.0,1,1.0,2,1,0.0,17,0,21.63,16.0,5537.66,N
15,13,2,40,9,22,7,0.1,10,2.2,4,0.57,30,5,0.67,27,0,35.15,40.38,57328.2,Y
9,3,3,10,5,4,2,0.07,2,2.0,2,1.0,9,1,0.0,20,0,30.43,17.19,8989.71,Y
11,3,1,1,4,4,2,0.1,2,2.0,1,0.5,7,1,0.0,20,0,22.1,19.17,8119.88,N
11,3,1,0,4,4,2,0.1,2,2.0,1,0.5,7,1,0.0,21,0,22.1,19.17,8119.88,N
9,1,1,1,3,0,1,0.06,0,0.0,1,1.0,2,1,0.0,15,0,19.12,16.89,5453.58,N
12,7,4,25,8,12,4,0.09,6,2.0,3,0.75,18,1,0.0,20,0,41.64,16.78,11718.04,Y
17,9,3,9,8,14,5,0.11,6,2.33,3,0.6,21,3,0.5,38,0,27.67,39.26,42651.03,Y
9,11,3,3,10,20,6,0.16,10,2.0,6,1.0,24,1,0.0,35,1,34.2,29.65,30059.84,Y
22,21,9,38,12,40,11,0.12,20,2.0,9,0.82,55,1,0.0,51,4,63.24,30.76,59840.57,Y
20,5,11,4,10,8,3,0.14,4,2.0,2,0.67,20,1,0.0,18,0,39.64,11.0,4795.88,Y
16,15,6,4,9,24,8,0.18,10,2.4,4,0.5,35,1,0.0,41,1,25.3,43.81,48552.55,Y
32,29,9,45,18,54,15,0.14,26,2.08,5,0.33,70,3,0.14,65,3,59.92,43.25,112076.69,N
13,5,3,0,6,8,3,0.18,4,2.0,2,0.67,16,1,0.0,17,0,30.55,13.33,5430.29,N
10,5,4,3,6,8,3,0.12,4,2.0,3,1.0,17,1,0.0,22,0,30.3,16.5,8249.42,Y
9,5,4,1,9,8,3,0.08,4,2.0,2,0.67,23,1,0.0,37,0,43.31,28.5,35176.89,Y
0,1,0,0,0,0,1,1.0,0,0.0,1,1.0,1,1,0.0,0,0,0.0,0.0,0.0,N
1,3,0,0,0,4,2,0.4,2,2.0,1,0.5,6,1,0.0,5,1,7.92,6.0,285.29,N
2,5,0,0,0,8,3,0.6,4,2.0,1,0.33,10,1,0.0,5,0,9.6,9.17,806.67,N
4,3,0,0,6,4,2,0.4,2,2.0,1,0.5,6,1,0.0,5,0,8.81,10.8,1027.99,N
1,1,0,0,0,0,1,0.5,0,0.0,1,1.0,1,1,0.0,2,1,9.83,2.0,39.3,N
11,1,4,0,6,0,1,0.14,0,0.0,1,1.0,5,1,0.0,7,0,24.37,5.0,609.18,N
9,17,1,11,2,22,9,0.2,6,3.67,2,0.22,29,7,0.75,33,0,21.71,36.56,29017.62,Y
4,3,2,1,1,4,2,0.13,2,2.0,2,1.0,6,1,0.0,15,0,23.33,6.0,840.0,Y
12,1,5,3,5,0,1,0.1,0,0.0,1,1.0,8,1,0.0,7,0,33.33,5.4,972.0,Y
14,13,3,3,12,24,7,0.17,12,2.0,4,0.57,28,1,0.0,39,1,22.53,28.41,18190.55,Y
5,1,2,0,2,0,1,0.25,0,0.0,1,1.0,3,1,0.0,4,0,11.63,2.0,46.53,N
8,1,4,1,4,0,1,0.17,0,0.0,1,1.0,5,1,0.0,5,0,22.5,2.0,90.0,Y
4,3,2,0,2,4,2,0.18,2,2.0,2,1.0,8,1,0.0,11,0,15.45,11.0,1869.09,N
4,5,2,1,2,8,3,0.18,4,2.0,3,1.0,13,1,0.0,16,0,14.41,16.5,3922.15,N
6,3,2,3,2,4,2,0.15,2,2.0,2,1.0,9,1,0.0,10,0,16.6,14.06,3280.34,Y
5,1,2,0,3,0,1,0.1,0,0.0,1,1.0,3,1,0.0,10,0,22.45,4.29,412.33,N
5,1,2,0,2,0,1,0.1,0,0.0,1,1.0,3,1,0.0,10,0,22.45,4.29,412.33,N
14,1,9,3,9,0,1,0.08,0,0.0,1,1.0,10,1,0.0,10,0,45.63,4.38,873.48,Y
13,3,6,0,6,4,2,0.11,2,2.0,2,1.0,13,1,0.0,19,0,41.39,9.75,3934.63,N
27,7,6,3,26,12,4,0.07,6,2.0,4,1.0,49,1,0.0,53,0,63.53,40.0,101649.86,N
4,1,1,1,1,0,1,0.11,0,0.0,1,1.0,2,1,0.0,8,0,16.8,6.67,746.67,N
29,7,1,10,30,12,4,0.1,6,2.0,4,1.0,42,1,0.0,31,0,90.42,23.23,48777.92,Y
4,3,1,0,0,4,2,0.04,2,2.0,2,1.0,49,1,0.0,49,0,29.78,92.08,252543.19,N
6,3,1,16,3,4,2,0.09,2,2.0,2,1.0,7,1,0.0,7,0,102.56,11.0,12409.79,Y
27,3,1,1,23,4,2,0.06,2,2.0,2,1.0,32,1,0.0,33,0,73.68,23.6,41036.32,Y
7,5,0,0,4,8,3,0.13,4,2.0,1,0.33,13,1,0.0,23,0,28.18,21.82,13416.53,N
5,3,4,4,2,4,2,0.11,2,2.0,2,1.0,11,1,0.0,14,0,34.0,8.25,2314.44,N
6,5,1,0,0,8,3,0.14,4,2.0,3,1.0,21,1,0.0,22,0,20.79,38.4,30652.35,N
27,5,1,5,25,8,3,0.09,4,2.0,3,1.0,31,1,0.0,30,0,51.95,30.8,49286.33,Y
5,5,0,9,1,8,3,0.18,4,2.0,1,0.33,12,1,0.0,8,0,27.73,19.25,10275.27,Y
5,1,0,0,4,0,1,0.17,0,0.0,1,1.0,1,1,0.0,6,2,15.36,7.0,752.84,N
10,3,0,0,4,4,2,0.14,2,2.0,1,0.5,7,1,0.0,14,2,18.81,17.05,5466.9,N
8,5,0,2,9,8,3,0.09,4,2.0,1,0.33,11,1,0.0,32,5,17.32,73.18,92777.91,Y
4,3,1,1,1,4,2,0.15,2,2.0,2,1.0,7,1,0.0,12,2,20.95,10.36,2250.27,N
5,5,3,2,1,8,3,0.2,4,2.0,3,1.0,11,1,0.0,13,0,26.41,6.0,950.74,N
15,5,5,4,6,8,3,0.12,4,2.0,3,1.0,17,1,0.0,21,3,50.5,9.52,4580.38,N
10,3,5,0,4,4,2,0.12,2,2.0,2,1.0,10,1,0.0,17,1,45.17,6.32,1801.85,N
21,9,9,3,13,16,5,0.15,8,2.0,5,1.0,28,1,0.0,30,0,56.41,11.81,7874.42,Y
2,3,1,0,0,4,2,0.22,2,2.0,1,0.5,6,1,0.0,9,0,18.21,11.67,2477.96,N
3,3,0,0,0,4,2,0.2,2,2.0,1,0.5,6,1,0.0,10,0,15.95,12.67,2559.26,N
7,1,2,0,5,0,1,0.17,0,0.0,1,1.0,3,1,0.0,6,0,25.71,4.67,560.0,N
11,13,4,1,3,18,7,0.32,6,3.0,4,0.57,23,1,0.0,21,0,48.64,9.91,4779.6,Y
4,5,2,18,1,8,3,0.13,4,2.0,2,0.67,12,1,0.0,5,1,22.16,14.38,4579.55,N
4,5,1,5,2,8,3,0.3,4,2.0,2,0.67,11,1,0.0,5,1,13.59,16.25,3589.5,N
1,1,0,0,0,0,1,0.5,0,0.0,1,1.0,1,1,0.0,2,1,5.8,2.0,23.22,N
7,3,0,6,9,4,2,0.17,2,2.0,1,0.5,6,1,0.0,6,4,26.79,7.88,1661.41,N
11,5,0,6,21,8,3,0.2,4,2.0,1,0.33,10,1,0.0,9,3,17.97,15.13,4111.99,N
2,1,2,3,0,0,1,0.2,0,0.0,1,1.0,3,1,0.0,2,1,13.96,6.0,502.57,N
2,1,2,4,0,0,1,0.17,0,0.0,1,1.0,3,1,0.0,2,1,16.78,6.29,663.06,N
1,1,0,1,0,0,1,0.5,0,0.0,1,1.0,1,1,0.0,1,1,7.75,2.0,31.02,N
6,1,2,2,14,0,1,0.1,0,0.0,1,1.0,3,1,0.0,8,1,22.75,9.92,2237.41,N
3,37,3,0,0,0,19,0.53,0,0.0,6,0.32,68,11,0.56,36,3,29.61,43.85,56916.12,N
1,13,1,0,0,0,7,0.41,0,0.0,6,0.86,24,6,0.83,17,3,29.56,17.53,9086.14,N
1,17,0,0,0,0,9,0.47,0,0.0,1,0.11,29,9,1.0,19,3,19.68,25.33,12630.47,N
0,1,0,0,0,0,1,1.0,0,0.0,1,1.0,1,1,0.0,0,0,5.8,2.0,23.22,N
0,1,0,0,0,0,1,1.0,0,0.0,1,1.0,1,1,0.0,0,0,5.8,2.0,23.22,N
4,15,1,1,1,0,8,0.38,0,0.0,2,0.25,32,4,0.43,20,1,16.63,23.38,9084.42,N
1,7,0,0,0,0,4,0.4,0,0.0,1,0.25,16,1,0.0,10,3,8.7,21.6,4061.3,N
10,1,1,1,0,0,1,0.33,0,0.0,1,1.0,4,1,0.0,2,1,12.06,1.5,27.14,N
10,1,1,1,0,0,1,0.33,0,0.0,1,1.0,4,1,0.0,2,1,12.06,1.5,27.14,N
0,1,1,1,0,0,1,0.5,0,0.0,1,1.0,2,1,0.0,1,0,5.33,1.5,12.0,N
0,1,1,1,0,0,1,0.5,0,0.0,1,1.0,2,1,0.0,1,0,5.33,1.5,12.0,N
23,1,8,9,3,0,1,0.07,0,0.0,1,1.0,9,1,0.0,5,1,52.7,4.42,1030.06,N
23,1,8,9,3,0,1,0.07,0,0.0,1,1.0,9,1,0.0,5,1,52.7,4.42,1030.06,N
15,1,8,8,8,0,1,0.05,0,0.0,1,1.0,11,1,0.0,11,2,118.03,3.19,1200.82,N
15,1,8,8,8,0,1,0.05,0,0.0,1,1.0,11,1,0.0,11,2,118.03,3.19,1200.82,N
2,3,2,0,0,4,2,0.14,2,2.0,2,1.0,8,1,0.0,14,0,17.84,13.33,3171.79,N
1,3,0,1,0,0,2,0.17,0,0.0,1,0.5,6,1,0.0,11,1,10.7,9.0,867.02,N
1,1,3,0,0,0,1,0.2,0,0.0,1,1.0,5,1,0.0,5,0,25.0,1.8,81.0,N
1,3,1,0,0,0,2,0.18,0,0.0,2,1.0,8,1,0.0,11,1,18.29,7.0,896.0,N
0,1,1,0,0,0,1,0.13,0,0.0,1,1.0,6,1,0.0,8,1,31.52,5.56,972.99,N
1,3,1,0,0,0,2,0.2,0,0.0,2,1.0,7,1,0.0,10,1,28.04,7.27,1482.91,N
1,13,2,0,0,0,7,0.35,0,0.0,3,0.43,28,6,0.83,20,0,17.27,17.55,5319.03,N
7,5,1,3,0,0,3,0.15,0,0.0,1,0.33,11,1,0.0,17,2,21.09,13.0,3563.68,N
1,3,0,0,0,0,2,0.29,0,0.0,1,0.5,6,1,0.0,7,2,8.9,7.0,435.89,N
6,9,2,0,5,0,5,0.22,0,0.0,4,0.8,19,3,0.5,23,2,19.11,23.43,10491.03,N
12,15,0,3,12,0,8,0.21,0,0.0,1,0.13,30,5,0.57,36,0,42.42,18.67,14780.96,N
1,5,1,0,0,0,3,0.43,0,0.0,1,0.33,10,1,0.0,7,1,11.62,9.75,1104.67,N
30,8,5,4,41,4,6,0.14,2,2.0,6,1.0,23,1,0.0,38,2,31.98,28.95,26810.35,N
40,33,1,8,23,52,17,0.31,20,2.6,11,0.65,49,17,1.0,46,2,29.38,28.9,24540.17,N
28,9,4,5,23,16,5,0.14,8,2.0,5,1.0,23,1,0.0,32,2,39.89,20.67,17036.72,N
16,3,2,3,25,4,2,0.11,2,2.0,2,1.0,7,1,0.0,16,2,18.96,13.64,3525.33,N
29,15,4,4,13,14,9,0.23,6,2.33,6,0.67,31,5,0.5,35,2,27.83,25.26,17758.95,N
12,4,3,1,5,0,3,0.16,0,0.0,3,1.0,12,1,0.0,18,2,30.21,9.6,2784.46,N
10,3,1,2,13,4,2,0.1,2,2.0,1,0.5,8,1,0.0,19,0,22.99,23.11,12280.56,N
24,1,1,0,24,0,1,0.05,0,0.0,1,1.0,2,1,0.0,19,0,25.43,22.0,12305.75,N
15,5,3,3,21,8,3,0.17,4,2.0,2,0.67,13,1,0.0,15,3,31.26,14.91,6951.19,N
18,7,1,4,27,10,4,0.17,4,2.5,2,0.5,12,3,0.67,19,2,26.4,21.18,11839.59,N
0,1,0,0,0,0,1,1.0,0,0.0,1,1.0,1,1,0.0,0,0,0.0,0.0,0.0,N
22,9,5,8,18,8,5,0.14,4,2.0,5,1.0,22,1,0.0,27,3,30.1,21.5,13912.18,N
14,9,3,5,27,16,5,0.23,8,2.0,4,0.8,19,4,0.75,17,3,25.65,19.5,9755.09,N
14,5,4,4,19,6,3,0.18,2,3.0,2,0.67,12,3,1.0,13,3,24.09,16.5,6558.06,N
0,1,0,0,0,0,1,1.0,0,0.0,1,1.0,1,1,0.0,0,0,0.0,0.0,0.0,N
60,3,8,8,34,4,2,0.06,2,2.0,2,1.0,14,1,0.0,23,0,47.21,17.87,15085.27,N
33,16,9,12,23,16,10,0.23,6,2.67,8,0.8,33,5,0.44,32,0,43.97,20.29,18111.12,N
30,21,7,9,27,40,11,0.22,20,2.0,5,0.45,49,7,0.6,42,3,37.79,30.0,34007.12,N
3,7,2,4,3,12,4,0.17,6,2.0,3,0.75,13,1,0.0,20,1,21.57,20.4,8976.0,N
13,7,4,1,13,12,4,0.27,6,2.0,4,1.0,14,1,0.0,14,2,21.38,9.5,1929.74,N
11,23,2,1,20,38,12,0.18,16,2.38,3,0.25,41,11,0.91,64,2,38.24,23.68,21440.49,N
15,45,6,9,46,56,23,0.37,12,4.67,7,0.3,62,19,0.82,54,2,54.16,34.14,63133.21,N
13,5,0,6,42,8,3,0.25,4,2.0,1,0.33,9,1,0.0,6,2,16.21,11.0,1962.54,N
4,5,2,0,1,6,3,0.27,2,3.0,2,0.67,9,3,1.0,11,3,19.34,11.67,2632.25,N
7,1,1,0,19,0,1,0.33,0,0.0,1,1.0,2,1,0.0,3,2,9.05,2.0,36.19,N
3,3,1,0,0,4,2,0.33,2,2.0,1,0.5,6,1,0.0,6,2,13.83,11.25,1750.38,N
2,1,1,0,0,0,1,0.5,0,0.0,1,1.0,2,1,0.0,2,2,14.99,3.0,134.92,N
2,1,1,0,0,0,1,0.5,0,0.0,1,1.0,2,1,0.0,2,2,16.92,3.5,207.22,N
2,1,1,0,1,0,1,0.17,0,0.0,1,1.0,3,1,0.0,6,1,8.72,4.0,139.48,N
7,29,3,7,14,0,15,0.47,0,0.0,5,0.33,63,9,0.57,25,0,32.32,33.06,35331.2,N
2,3,0,0,0,0,2,0.29,0,0.0,1,0.5,5,1,0.0,7,0,11.63,7.2,603.09,N
1,17,9,0,0,28,9,0.27,14,2.0,8,0.89,43,1,0.0,33,0,44.48,19.35,16663.77,N
1,9,3,0,0,0,5,0.33,0,0.0,4,0.8,21,1,0.0,15,0,30.32,11.33,3894.84,N
2,5,1,0,0,0,3,0.38,0,0.0,2,0.67,9,1,0.0,8,1,11.16,14.08,2213.52,N
1,19,0,17,0,0,10,0.21,0,0.0,1,0.1,40,8,0.78,31,3,29.53,47.36,66226.0,N
1,5,0,1,0,0,3,0.27,0,0.0,1,0.33,10,1,0.0,10,2,14.0,10.83,1642.56,N
1,13,2,0,2,0,7,0.26,0,0.0,4,0.57,27,6,0.83,27,2,19.19,27.6,14618.65,N
2,13,3,0,1,0,7,0.58,0,0.0,7,1.0,29,4,0.5,12,2,14.49,27.82,11216.64,N
12,55,12,2,3,0,34,0.4,0,0.0,15,0.44,121,17,0.48,84,2,49.42,59.29,173747.07,N
3,37,4,0,4,0,20,0.43,0,0.0,7,0.35,72,12,0.58,47,2,25.93,65.0,109570.84,N
5,19,2,0,0,0,10,0.5,0,0.0,6,0.6,39,1,0.0,20,2,24.97,22.95,13151.27,N
0,1,1,0,0,0,1,0.33,0,0.0,1,1.0,3,1,0.0,3,0,11.63,2.0,46.53,N
5,67,16,1,1,0,34,0.37,0,0.0,30,0.88,153,17,0.48,90,2,77.21,42.88,141975.76,N
9,59,13,0,5,0,34,0.4,0,0.0,22,0.65,133,15,0.42,84,2,45.25,61.67,172104.21,N
3,19,12,0,5,0,10,0.25,0,0.0,8,0.8,62,3,0.22,40,2,45.51,39.03,69340.63,N
6,45,11,2,5,0,23,0.35,0,0.0,19,0.83,108,19,0.82,64,2,45.49,45.94,95998.42,N
10,49,12,2,4,0,25,0.18,0,0.0,22,0.88,135,19,0.75,139,2,81.59,55.46,250956.7,N
0,1,0,0,0,0,1,1.0,0,0.0,1,1.0,1,1,0.0,0,0,6.2,2.5,38.77,N
0,1,0,0,0,0,1,1.0,0,0.0,1,1.0,1,1,0.0,0,0,0.0,0.0,0.0,N
0,1,0,0,0,0,1,1.0,0,0.0,1,1.0,1,1,0.0,0,0,0.0,0.0,0.0,N
5,33,2,7,6,58,17,0.27,26,2.23,7,0.41,69,9,0.5,55,1,34.37,67.83,158152.05,N
23,11,5,1,7,8,8,0.18,4,2.0,5,0.63,24,1,0.0,44,1,33.34,24.87,20623.58,N
6,37,2,6,4,60,19,0.23,24,2.5,2,0.11,63,18,0.94,75,1,38.0,40.44,62131.34,N
3,4,3,0,1,0,3,0.15,0,0.0,3,1.0,9,1,0.0,20,1,27.92,10.27,2942.64,N
23,18,7,6,11,22,10,0.22,8,2.75,7,0.7,35,7,0.67,39,0,44.3,18.86,15752.04,N
3,5,0,0,0,8,3,0.33,4,2.0,1,0.33,10,1,0.0,9,3,9.51,13.75,1798.48,N
14,11,1,4,16,20,6,0.15,10,2.0,3,0.5,28,1,0.0,37,0,17.57,64.29,72605.36,N
53,27,2,12,22,44,14,0.17,18,2.44,8,0.57,55,8,0.54,72,0,42.52,62.4,165551.69,N
14,13,3,3,19,24,7,0.23,12,2.0,4,0.57,29,5,0.67,27,0,12.36,44.1,24032.81,N
19,13,3,4,21,24,7,0.23,12,2.0,4,0.57,29,5,0.67,26,0,13.72,40.09,22050.0,N
24,43,2,18,38,68,22,0.18,26,2.62,10,0.45,73,14,0.62,101,4,54.01,45.5,111805.63,N
19,13,3,5,19,24,7,0.23,12,2.0,4,0.57,29,5,0.67,25,0,13.72,40.09,22050.0,N
21,10,1,1,7,0,9,0.2,0,0.0,2,0.22,21,1,0.0,44,1,32.63,24.1,18942.67,N
5,7,0,4,0,10,4,0.44,4,2.5,1,0.25,11,1,0.0,5,2,7.21,20.4,3001.83,N
29,39,1,7,28,62,20,0.32,24,2.58,2,0.1,67,13,0.63,55,0,24.94,77.43,149562.2,N
33,31,2,9,30,54,16,0.21,24,2.25,4,0.25,65,3,0.13,66,0,29.55,81.12,194483.67,N
39,69,1,25,44,118,35,0.29,50,2.36,2,0.06,123,3,0.06,95,0,32.04,79.2,200997.63,N
16,1,1,0,10,0,1,0.08,0,0.0,1,1.0,2,1,0.0,13,0,26.21,13.64,4873.11,N
6,7,3,3,5,12,4,0.57,6,2.0,4,1.0,13,1,0.0,4,0,16.02,5.4,467.02,N
48,64,1,16,11,92,35,0.19,36,2.56,13,0.37,115,22,0.62,164,2,48.91,83.85,343824.52,N
48,5,7,2,26,6,3,0.06,2,3.0,2,0.67,14,3,1.0,50,0,79.97,19.96,31849.29,N
8,5,0,1,8,8,3,0.5,2,4.0,1,0.33,7,1,0.0,5,0,12.26,11.0,1483.75,N
9,3,0,1,7,6,2,0.4,2,3.0,1,0.5,5,1,0.0,4,0,11.72,8.0,750.12,N
10,27,0,4,7,34,14,0.5,8,4.25,1,0.07,35,14,1.0,24,0,23.61,26.38,16434.72,N
1,9,3,0,0,0,5,0.24,0,0.0,3,0.6,23,5,1.0,21,2,26.48,21.47,12211.91,N
1,5,3,0,0,0,3,0.25,0,0.0,3,1.0,11,1,0.0,12,2,21.86,14.0,4284.74,N
1,3,1,0,0,0,2,0.25,0,0.0,2,1.0,7,1,0.0,8,2,14.86,9.6,1369.94,N
2,13,8,2,0,0,8,0.21,0,0.0,8,1.0,33,5,0.57,37,1,34.99,21.11,15596.05,N
5,15,5,0,3,0,8,0.21,0,0.0,8,1.0,42,1,0.0,39,3,35.89,25.54,23410.95,N
3,19,8,0,0,30,10,0.29,14,2.14,6,0.6,53,1,0.0,35,0,58.13,14.41,12073.37,N
1,19,10,0,0,0,13,0.3,0,0.0,9,0.69,51,3,0.17,43,1,49.68,20.72,21334.26,N
2,5,2,0,0,8,3,0.5,4,2.0,2,0.67,11,1,0.0,6,0,17.34,8.25,1180.25,N
12,25,5,0,0,48,1,0.04,24,2.0,1,1.0,62,1,0.0,28,0,25.46,32.5,26888.89,N
3,7,2,0,0,12,4,0.5,6,2.0,3,0.75,16,1,0.0,8,0,17.72,10.83,2080.0,N
1,3,0,4,0,4,2,0.18,2,2.0,1,0.5,6,1,0.0,7,5,25.36,8.18,1697.34,N
0,1,0,0,0,0,1,0.1,0,0.0,1,1.0,1,1,0.0,10,3,16.71,33.75,19031.2,N
1,3,0,0,0,4,2,0.5,2,2.0,1,0.5,6,1,0.0,4,4,12.11,6.42,498.63,N
0,1,2,0,0,0,1,0.2,0,0.0,1,1.0,5,1,0.0,5,3,20.77,8.25,1413.48,N
0,1,0,0,0,0,1,1.0,0,0.0,1,1.0,1,1,0.0,0,2,0.0,0.0,0.0,N
17,12,1,19,5,12,8,0.15,6,2.0,5,0.63,24,1,0.0,35,2,18.87,122.91,285104.16,N
1,1,0,0,0,0,1,0.13,0,0.0,1,1.0,1,1,0.0,8,3,20.31,16.12,5279.85,N
18,12,1,19,5,12,8,0.15,6,2.0,5,0.63,24,1,0.0,35,2,18.0,124.37,278423.08,N
0,3,0,2,0,4,2,0.29,2,2.0,1,0.5,6,1,0.0,5,3,12.44,9.0,1008.0,N
0,1,0,0,0,0,1,1.0,0,0.0,1,1.0,1,1,0.0,0,0,0.0,0.0,0.0,N
3,7,2,2,3,10,4,0.33,4,2.5,3,0.75,12,4,1.0,10,5,21.0,15.0,4723.94,N
6,13,2,6,3,18,7,0.18,6,3.0,1,0.14,28,7,1.0,33,5,32.46,54.95,97999.22,N
5,15,2,7,3,20,8,0.21,6,3.33,1,0.13,29,8,1.0,31,4,27.2,53.67,78353.33,N
8,52,13,0,11,0,28,0.45,0,0.0,17,0.61,108,22,0.78,62,2,46.13,44.69,92128.28,N
1,7,4,0,0,0,4,0.33,0,0.0,3,0.75,20,3,0.67,12,2,19.48,11.92,2766.96,N
0,5,1,0,0,8,3,0.18,4,2.0,1,0.33,9,1,0.0,17,3,17.05,11.25,2157.94,Y
2,3,1,0,0,4,2,0.29,2,2.0,1,0.5,7,1,0.0,7,2,11.44,10.71,1313.83,N
0,3,0,0,0,4,2,0.4,2,2.0,1,0.5,6,1,0.0,5,2,6.18,5.0,154.4,N
2,23,0,6,0,40,12,0.27,18,2.22,1,0.08,48,6,0.45,39,7,31.07,35.11,38303.42,N
1,1,0,0,1,0,1,0.05,0,0.0,1,1.0,1,1,0.0,20,3,20.26,91.87,171052.56,N
1,5,0,0,1,8,3,0.3,4,2.0,1,0.33,12,1,0.0,10,3,19.9,8.8,1541.2,N
1,5,0,0,1,8,3,0.3,4,2.0,1,0.33,12,1,0.0,10,3,19.9,8.8,1541.2,N
2,13,0,0,1,24,7,0.41,12,2.0,1,0.14,31,1,0.0,17,3,23.2,19.0,8375.9,N
1,1,0,0,1,0,1,0.13,0,0.0,1,1.0,1,1,0.0,8,3,20.31,24.0,11696.19,N
4,11,2,12,0,20,6,0.18,10,2.0,2,0.33,27,3,0.4,22,3,18.18,29.14,15444.09,Y
0,3,0,2,0,4,2,0.29,2,2.0,1,0.5,6,1,0.0,5,3,12.44,9.0,1008.0,N
0,3,0,0,0,4,2,0.4,2,2.0,1,0.5,6,1,0.0,5,2,10.24,9.1,848.2,N
0,1,1,0,0,0,1,0.5,0,0.0,1,1.0,2,1,0.0,2,2,11.65,4.0,186.42,N
2,1,0,0,2,0,1,0.05,0,0.0,1,1.0,1,1,0.0,21,2,27.02,35.67,34375.18,N
1,7,2,0,3,10,4,0.36,4,2.5,3,0.75,11,4,1.0,11,5,22.04,14.5,4634.63,N
9,11,3,3,10,16,6,0.29,6,2.67,4,0.67,24,6,1.0,18,5,19.55,75.6,111737.37,N
11,23,3,5,6,36,12,0.36,14,2.57,6,0.5,48,12,1.0,28,4,18.52,89.3,147650.89,N
1,3,0,0,0,4,2,0.25,2,2.0,1,0.5,6,1,0.0,8,3,18.88,36.9,25706.76,N
1,7,1,0,0,12,4,0.31,6,2.0,1,0.25,17,1,0.0,13,4,19.87,20.53,8379.04,N
5,5,3,2,1,8,3,0.15,4,2.0,1,0.33,13,1,0.0,18,4,30.0,45.18,61231.14,N
6,1,1,0,2,0,1,0.13,0,0.0,1,1.0,2,1,0.0,8,0,25.94,8.64,1934.62,N
19,9,4,2,5,16,5,0.11,8,2.0,5,1.0,23,1,0.0,44,0,42.42,33.07,46402.42,N
20,15,3,8,11,28,8,0.18,14,2.0,3,0.38,32,1,0.0,36,0,33.18,25.65,21826.86,N
0,1,0,0,0,0,1,1.0,0,0.0,1,1.0,1,1,0.0,0,0,0.0,0.0,0.0,N
2,3,1,0,0,4,2,0.29,2,2.0,2,1.0,6,1,0.0,7,2,10.79,7.2,559.51,N
13,5,1,0,12,8,3,0.09,4,2.0,1,0.33,19,1,0.0,35,0,31.11,23.57,17284.19,N
3,3,0,0,0,4,2,0.33,2,2.0,1,0.5,6,1,0.0,6,0,8.86,6.0,318.91,N
9,5,1,1,4,8,3,0.21,4,2.0,2,0.67,11,1,0.0,13,0,18.43,15.0,4147.27,N
8,3,0,0,2,4,2,0.07,2,2.0,1,0.5,6,1,0.0,28,0,45.76,22.9,24004.59,N
8,3,0,0,0,4,2,0.13,2,2.0,1,0.5,7,1,0.0,15,0,12.49,28.7,10288.84,N
6,3,0,0,0,4,2,0.18,2,2.0,1,0.5,7,1,0.0,11,0,12.36,20.3,5094.23,N
6,3,0,0,1,4,2,0.18,2,2.0,1,0.5,7,1,0.0,11,0,12.55,14.0,2459.28,N
6,5,0,1,2,8,3,0.15,4,2.0,1,0.33,13,1,0.0,19,0,16.81,27.43,12644.93,N
22,7,16,3,15,16,4,0.11,8,2.0,3,0.75,30,1,0.0,33,0,65.05,11.02,7893.16,N
29,24,20,2,0,0,22,0.29,0,0.0,22,1.0,49,1,0.0,74,0,60.7,21.77,28758.99,N
25,29,3,2,11,50,15,0.23,22,2.27,3,0.2,64,8,0.5,63,0,33.22,65.26,141466.74,N
21,19,3,6,10,32,10,0.2,14,2.29,5,0.5,39,3,0.22,44,0,24.34,46.75,53191.17,N
32,37,12,6,21,58,19,0.21,22,2.64,10,0.53,79,13,0.67,84,0,50.64,50.0,126600.0,N
10,4,4,1,2,0,3,0.16,0,0.0,3,1.0,10,1,0.0,18,0,22.82,13.13,3931.7,N
15,3,4,1,2,4,2,0.22,2,2.0,2,1.0,8,1,0.0,8,0,21.15,4.5,428.33,N
3,1,0,0,0,0,1,0.25,0,0.0,1,1.0,1,1,0.0,4,0,14.0,3.0,126.0,N
13,3,2,0,11,4,2,0.06,2,2.0,1,0.5,15,1,0.0,32,0,39.18,18.35,13195.42,N
12,13,4,2,3,14,7,0.35,4,3.5,4,0.57,22,7,1.0,18,0,33.18,11.25,4199.46,N
13,11,1,4,8,20,6,0.21,10,2.0,2,0.33,23,1,0.0,25,0,22.29,37.23,30894.1,N
16,13,1,6,11,20,7,0.25,8,2.5,3,0.43,22,6,0.83,22,0,17.7,38.25,25897.75,N
16,13,3,0,10,24,7,0.18,12,2.0,4,0.57,29,1,0.0,40,0,29.27,34.0,33832.75,N
33,33,6,6,23,58,17,0.24,26,2.23,9,0.53,76,5,0.25,64,0,38.51,58.76,132943.06,N
33,29,7,9,20,52,15,0.25,24,2.17,8,0.53,67,3,0.14,51,0,34.92,44.83,70169.94,N
24,19,1,2,20,32,10,0.16,14,2.29,5,0.5,39,6,0.56,59,0,38.85,47.92,89204.84,N
13,13,1,4,8,24,7,0.23,12,2.0,3,0.43,27,1,0.0,27,0,23.94,40.18,38646.97,N
18,19,2,3,9,30,10,0.32,12,2.5,5,0.5,32,7,0.67,28,0,22.91,31.57,22836.01,N
9,9,2,1,4,14,5,0.24,6,2.33,4,0.8,20,3,0.5,20,0,25.86,19.73,10069.57,N
34,39,3,10,27,60,20,0.27,22,2.73,5,0.25,70,18,0.89,63,0,24.73,129.11,412246.14,N
15,15,2,2,12,22,8,0.32,8,2.75,3,0.38,24,5,0.57,23,0,18.33,33.85,21000.2,N
7,7,1,2,3,10,4,0.33,4,2.5,2,0.5,11,1,0.0,10,0,10.98,24.0,6324.94,N
7,5,1,2,2,8,3,0.27,4,2.0,2,0.67,9,1,0.0,9,0,10.83,19.25,4012.87,N
13,15,3,1,5,24,8,0.21,10,2.4,6,0.75,34,5,0.57,37,0,34.13,32.11,35212.66,N
11,9,1,2,6,14,5,0.19,6,2.33,3,0.6,20,4,0.75,24,0,20.13,28.77,16657.75,N
4,3,0,1,1,4,2,0.33,2,2.0,1,0.5,5,1,0.0,5,0,8.3,6.67,369.01,N
17,13,2,5,8,22,7,0.23,10,2.2,3,0.43,26,6,0.83,25,0,19.62,44.8,39374.15,N
10,9,2,1,6,12,5,0.28,4,3.0,3,0.6,17,5,1.0,17,0,21.77,20.31,8977.55,N
18,15,4,2,6,26,8,0.17,12,2.17,7,0.88,37,3,0.29,44,0,34.95,36.96,47727.54,N
18,17,5,6,11,32,9,0.24,16,2.0,6,0.67,35,1,0.0,32,0,26.92,45.5,55737.5,N
9,7,3,3,6,12,4,0.33,6,2.0,4,1.0,14,1,0.0,9,0,14.8,10.0,1480.0,N
6,3,2,1,1,4,1,0.07,2,2.0,1,1.0,12,1,0.0,13,0,19.86,21.0,8756.84,N
24,15,4,7,14,26,8,0.13,12,2.17,7,0.88,37,4,0.43,53,0,32.84,38.14,47779.28,N
0,1,0,0,0,0,1,1.0,0,0.0,1,1.0,1,1,0.0,0,0,0.0,0.0,0.0,N
2,3,0,1,3,4,2,0.29,2,2.0,1,0.5,6,1,0.0,6,0,9.34,6.67,415.13,N
14,11,4,6,12,20,6,0.25,10,2.0,6,1.0,22,1,0.0,18,0,27.07,18.67,9430.96,N
14,10,1,2,3,6,7,0.24,2,3.0,2,0.29,20,3,0.33,27,0,28.86,15.75,7159.08,N
14,11,1,2,11,20,6,0.24,10,2.0,2,0.33,22,1,0.0,23,0,18.05,41.17,30592.16,N
6,5,1,0,1,6,3,0.27,2,3.0,2,0.67,9,3,1.0,11,0,19.95,9.55,1817.44,N
9,7,2,0,3,10,4,0.25,4,2.5,3,0.75,13,3,0.67,16,0,23.57,16.39,6334.65,N
4,1,0,0,2,0,1,0.17,0,0.0,1,1.0,1,1,0.0,6,0,16.85,8.57,1237.97,N
10,15,2,3,9,24,8,0.32,10,2.4,4,0.5,26,1,0.0,22,0,15.63,41.67,27127.69,N
9,1,0,4,4,0,1,0.05,0,0.0,1,1.0,1,1,0.0,15,0,39.41,17.0,11388.28,N
7,9,2,3,4,16,5,0.19,8,2.0,4,0.8,20,1,0.0,23,0,16.34,25.6,10709.48,N
4,7,3,0,1,12,4,0.27,6,2.0,4,1.0,14,1,0.0,15,0,24.61,11.25,3115.18,N
19,27,3,3,17,40,14,0.44,14,2.86,5,0.36,40,6,0.38,29,0,24.53,33.19,27014.43,N
9,5,2,2,6,8,3,0.21,4,2.0,2,0.67,10,3,1.0,12,0,19.75,15.33,4643.9,N
3,3,1,0,0,4,2,0.29,2,2.0,1,0.5,6,1,0.0,7,3,16.65,9.33,1450.57,N
5,1,0,0,1,0,1,0.17,0,0.0,1,1.0,1,1,0.0,6,2,17.13,6.0,616.79,N
6,3,0,0,2,4,2,0.18,2,2.0,1,0.5,6,1,0.0,11,1,14.74,11.67,2006.67,N
6,3,0,0,4,4,2,0.22,2,2.0,1,0.5,6,1,0.0,9,1,15.61,9.17,1311.39,N
6,3,0,0,3,4,2,0.22,2,2.0,1,0.5,6,1,0.0,9,1,14.18,10.0,1417.77,N
1,3,0,4,0,4,2,0.18,2,2.0,1,0.5,6,1,0.0,7,5,23.19,9.09,1916.65,N
0,1,0,0,0,0,1,0.1,0,0.0,1,1.0,1,1,0.0,10,3,16.71,33.75,19031.2,N
1,3,0,0,0,4,2,0.5,2,2.0,1,0.5,6,1,0.0,4,4,12.11,6.42,498.63,N
4,3,0,0,2,4,2,0.29,2,2.0,1,0.5,6,1,0.0,7,0,9.86,6.67,438.19,N
4,3,0,0,0,4,2,0.33,2,2.0,1,0.5,7,1,0.0,6,0,11.53,10.5,1271.69,N
5,1,0,0,0,0,1,0.13,0,0.0,1,1.0,1,1,0.0,8,0,10.92,9.0,884.41,N
6,3,0,0,4,4,2,0.22,2,2.0,1,0.5,6,1,0.0,9,0,13.67,8.0,875.14,N
1,15,0,0,0,28,8,0.36,14,2.0,1,0.13,34,3,0.29,22,4,20.24,28.5,16441.15,N
2,1,0,0,1,0,1,0.07,0,0.0,1,1.0,1,1,0.0,14,2,20.1,20.0,8039.07,N
3,1,2,0,0,0,1,0.1,0,0.0,1,1.0,6,1,0.0,10,2,34.26,3.82,499.41,N
6,13,3,0,0,0,7,0.39,0,0.0,4,0.57,32,1,0.0,18,0,32.59,13.12,5614.09,N
5,9,2,1,20,0,5,0.28,0,0.0,4,0.8,17,1,0.0,17,0,17.71,13.85,3394.73,N
0,3,1,0,0,0,2,0.5,0,0.0,2,1.0,6,1,0.0,4,1,9.51,3.0,85.59,N
4,11,3,0,0,18,6,0.5,8,2.25,3,0.5,22,6,1.0,12,0,17.88,18.4,6054.17,N
5,13,4,0,0,20,7,0.37,10,2.0,6,0.86,29,6,0.83,19,0,20.98,20.4,8729.97,N
6,16,5,0,1,20,10,0.34,10,2.0,5,0.5,33,10,1.0,29,0,29.94,20.84,13005.9,N
4,9,2,0,0,14,5,0.5,6,2.33,2,0.4,17,5,1.0,10,0,14.76,15.94,3748.9,N
4,9,4,0,0,16,5,0.5,8,2.0,4,0.8,21,1,0.0,10,0,22.9,11.69,3127.8,N
5,11,5,0,0,20,6,0.46,10,2.0,5,0.83,26,1,0.0,13,0,27.56,14.4,5715.21,N
2,5,2,0,0,8,3,0.5,4,2.0,2,0.67,11,1,0.0,6,0,17.34,8.25,1180.25,N
2,5,2,0,0,4,3,0.33,2,2.0,2,0.67,10,1,0.0,9,0,12.8,5.6,401.52,N
0,1,0,0,0,0,1,0.5,0,0.0,1,1.0,1,1,0.0,2,0,5.33,1.5,12.0,N
0,1,0,0,0,0,1,0.5,0,0.0,1,1.0,1,1,0.0,2,0,14.8,4.0,236.83,N
0,1,0,0,0,0,1,0.5,0,0.0,1,1.0,1,1,0.0,2,0,15.36,3.5,188.21,N
4,3,2,0,3,4,2,0.17,2,2.0,1,0.5,7,1,0.0,12,0,44.04,7.43,2427.8,N
2,5,5,0,0,4,3,0.18,2,2.0,3,1.0,13,1,0.0,17,0,33.91,8.29,2327.82,N
0,1,0,0,0,0,1,1.0,0,0.0,1,1.0,1,1,0.0,0,1,0.0,0.0,0.0,N
1,3,0,0,0,0,2,0.33,0,0.0,1,0.5,5,1,0.0,6,1,9.6,6.13,360.21,N
1,5,0,0,0,0,3,0.3,0,0.0,1,0.33,12,1,0.0,10,1,12.81,10.93,1530.0,N
5,3,3,0,4,0,2,0.13,0,0.0,1,0.5,8,1,0.0,15,0,60.71,7.71,3612.83,N
0,1,0,0,0,0,1,0.33,0,0.0,1,1.0,1,1,0.0,3,0,10.8,2.5,67.5,N
2,5,5,0,0,0,3,0.18,0,0.0,3,1.0,13,1,0.0,17,0,33.91,8.29,2327.82,N
0,1,1,0,0,0,1,0.5,0,0.0,1,1.0,2,1,0.0,2,0,5.33,1.5,12.0,N
9,25,8,0,3,0,13,0.22,0,0.0,13,1.0,84,1,0.0,60,0,68.34,30.72,64501.75,N
1,7,2,0,0,0,4,0.33,0,0.0,3,0.75,15,1,0.0,12,0,14.9,11.69,2035.55,N
2,1,0,0,0,0,1,0.13,0,0.0,1,1.0,1,1,0.0,8,2,5.12,21.67,2405.29,N
1,1,2,0,0,0,1,0.5,0,0.0,1,1.0,3,1,0.0,2,0,17.43,2.0,69.74,N
1,1,1,0,0,0,1,0.1,0,0.0,1,1.0,2,1,0.0,10,2,14.99,5.33,426.42,N
1,11,1,1,1,0,6,0.3,0,0.0,2,0.33,17,6,1.0,19,2,10.03,35.21,12432.13,N
1,1,1,0,0,0,1,0.13,0,0.0,1,1.0,2,1,0.0,8,4,12.0,6.67,533.33,N
1,15,4,0,1,0,8,0.42,0,0.0,8,1.0,27,8,1.0,19,1,22.78,18.0,7380.0,N
1,5,2,0,0,0,3,0.5,0,0.0,3,1.0,8,3,1.0,6,0,19.38,5.06,496.63,N
1,5,1,0,0,0,3,0.38,0,0.0,2,0.67,9,1,0.0,8,0,8.27,16.8,2334.76,N
1,9,2,0,1,0,5,0.36,0,0.0,3,0.6,18,3,0.5,14,1,25.3,10.56,2822.18,N
2,143,8,0,0,0,72,1.26,0,0.0,71,0.99,221,70,0.97,57,0,94.78,31.27,92697.93,N
1,5,1,0,1,0,3,0.3,0,0.0,2,0.67,9,1,0.0,10,1,10.13,14.0,1984.88,N
1,5,1,0,1,0,3,0.23,0,0.0,3,1.0,11,1,0.0,13,1,18.07,10.45,1973.69,N
1,3,1,0,0,0,2,1.0,0,0.0,2,1.0,6,1,0.0,2,0,7.66,18.67,2670.48,N
2,7,2,0,0,0,4,0.44,0,0.0,2,0.5,13,1,0.0,9,1,15.82,14.3,3234.35,N
0,3,1,0,0,0,2,0.33,0,0.0,2,1.0,6,1,0.0,6,1,11.86,8.67,890.92,N
1,11,2,0,0,0,6,0.33,0,0.0,2,0.33,21,6,1.0,18,4,19.44,20.64,8283.77,N
2,15,6,0,1,0,8,0.31,0,0.0,8,1.0,35,1,0.0,26,2,25.59,23.5,14132.38,N
4,5,1,0,0,0,3,0.5,0,0.0,2,0.67,10,1,0.0,6,0,11.62,9.75,1104.67,N
0,1,0,0,0,0,1,0.5,0,0.0,1,1.0,1,1,0.0,2,0,12.06,1.5,27.14,N
1,5,2,0,1,0,3,0.25,0,0.0,3,1.0,10,3,1.0,12,2,18.7,10.4,2022.94,N
3,15,8,0,0,0,8,0.4,0,0.0,6,0.75,36,5,0.57,20,0,44.13,16.55,12089.65,N
13,71,16,4,1,0,36,0.41,0,0.0,24,0.67,150,15,0.4,83,0,78.92,36.03,102421.71,N
5,23,9,1,4,0,12,0.25,0,0.0,9,0.75,57,10,0.82,47,2,52.14,25.38,33598.94,N
1,5,5,0,1,0,3,0.27,0,0.0,3,1.0,14,3,1.0,11,0,27.63,5.32,781.48,N
1,1,2,0,0,0,1,0.17,0,0.0,1,1.0,4,1,0.0,6,0,19.41,7.22,1012.42,N
1,13,5,0,0,0,7,0.37,0,0.0,4,0.57,28,7,1.0,19,1,26.05,18.0,8439.31,N
0,1,3,0,0,0,1,0.17,0,0.0,1,1.0,4,1,0.0,6,2,22.59,2.86,184.37,N
4,19,2,0,0,0,10,0.91,0,0.0,9,0.9,33,1,0.0,11,0,18.36,24.23,10774.87,N
6,35,8,0,4,0,18,0.31,0,0.0,11,0.61,77,12,0.65,59,2,41.64,39.47,64869.18,N
1,19,7,1,0,0,10,0.48,0,0.0,5,0.5,39,7,0.67,20,2,31.72,17.63,9853.99,N
1,3,3,0,0,0,2,0.4,0,0.0,2,1.0,8,1,0.0,5,0,21.0,4.0,336.0,N
4,3,5,0,0,0,2,0.2,0,0.0,2,1.0,10,1,0.0,10,1,34.4,4.0,550.43,N
2,21,3,0,0,0,11,0.55,0,0.0,3,0.27,42,3,0.2,20,0,21.13,30.33,19439.18,N
0,5,2,0,0,0,3,0.33,0,0.0,3,1.0,11,1,0.0,9,0,15.35,10.67,1746.31,N
3,51,9,0,2,0,26,0.33,0,0.0,16,0.62,108,22,0.84,80,2,59.54,44.94,120228.24,N
2,7,0,0,0,0,4,0.29,0,0.0,1,0.25,16,1,0.0,14,3,23.76,19.0,8577.24,N
1,3,1,0,0,0,2,0.4,0,0.0,2,1.0,7,1,0.0,5,3,11.52,5.6,361.36,N
0,1,1,0,0,0,1,0.5,0,0.0,1,1.0,2,1,0.0,2,0,7.74,1.5,17.41,N
1,3,4,0,0,0,2,0.2,0,0.0,2,1.0,10,1,0.0,10,2,20.81,9.0,1685.67,N
3,13,9,0,2,0,7,0.32,0,0.0,7,1.0,32,4,0.5,22,1,34.83,15.79,8682.88,N
1,5,1,0,0,0,3,0.43,0,0.0,2,0.67,9,3,1.0,7,1,12.97,4.8,298.89,N
4,41,23,4,3,0,21,0.28,0,0.0,20,0.95,123,11,0.5,71,1,65.4,42.25,116749.16,N
1,7,1,0,0,0,4,0.5,0,0.0,2,0.5,13,3,0.67,8,1,13.09,15.56,3166.49,N
1,7,2,0,0,0,4,0.4,0,0.0,3,0.75,17,4,1.0,10,1,14.59,15.89,3684.48,N
1,1,0,0,0,0,1,0.5,0,0.0,1,1.0,1,1,0.0,2,0,7.74,1.5,17.41,N
1,5,1,0,0,0,3,0.43,0,0.0,2,0.67,9,3,1.0,7,1,14.31,7.14,729.9,N
1,13,1,0,0,0,7,0.7,0,0.0,3,0.43,22,1,0.0,10,1,14.22,20.25,5830.36,N
1,5,2,0,0,0,3,0.3,0,0.0,2,0.67,10,3,1.0,10,2,14.55,10.11,1487.96,N
38,19,1,7,9,4,17,0.12,2,2.0,2,0.12,39,1,0.0,134,1,43.8,87.5,335371.38,N
6,7,1,2,0,10,4,0.27,4,2.5,2,0.5,11,1,0.0,13,0,15.91,13.65,2963.84,N
10,3,0,1,0,4,2,0.22,2,2.0,1,0.5,6,1,0.0,8,1,12.69,7.58,729.6,N
12,3,4,1,5,4,2,0.06,2,2.0,1,0.5,9,1,0.0,31,0,61.82,14.2,12472.53,N
14,5,0,4,3,8,3,0.06,4,2.0,1,0.33,9,1,0.0,43,0,95.83,13.45,17344.68,N
6,1,3,0,0,0,1,0.09,0,0.0,1,1.0,5,1,0.0,11,0,27.47,8.18,1838.78,N
16,11,0,3,23,20,6,0.2,10,2.0,1,0.17,22,1,0.0,27,0,23.05,32.11,23756.49,N
17,14,9,2,19,18,8,0.16,8,2.25,4,0.5,33,3,0.29,47,0,40.61,18.56,13994.09,N
16,11,3,2,0,0,10,0.17,0,0.0,5,0.5,29,1,0.0,58,1,42.24,23.1,22537.68,N
11,9,3,4,16,16,5,0.21,8,2.0,2,0.4,20,3,0.5,20,1,25.05,13.43,4520.52,N
6,1,1,1,0,0,1,0.5,0,0.0,1,1.0,2,1,0.0,1,0,9.83,2.0,39.3,N
20,15,7,4,6,12,9,0.2,4,3.0,7,0.78,30,5,0.5,40,0,43.12,18.55,14836.51,N
4,3,0,1,0,4,2,0.33,2,2.0,1,0.5,6,1,0.0,5,1,10.88,5.6,341.29,N
0,1,0,0,0,0,1,1.0,0,0.0,1,1.0,1,1,0.0,0,0,0.0,0.0,0.0,N
0,1,0,0,0,0,1,1.0,0,0.0,1,1.0,1,1,0.0,0,0,0.0,0.0,0.0,N
13,1,5,1,13,0,1,0.08,0,0.0,1,1.0,6,1,0.0,12,0,32.22,14.76,7021.85,N
2,7,0,0,0,0,4,0.5,0,0.0,1,0.25,13,4,1.0,8,2,7.5,12.0,1079.34,N
1,6,3,0,1,0,4,0.11,0,0.0,4,1.0,15,1,0.0,35,3,26.83,23.21,14452.4,N
1,5,2,0,0,0,3,0.6,0,0.0,3,1.0,9,1,0.0,5,0,17.03,4.0,272.46,N
16,11,11,2,0,12,6,0.25,6,2.0,3,0.5,32,5,0.8,22,0,51.72,11.85,7268.38,N
1,3,2,1,0,0,2,0.29,0,0.0,2,1.0,7,1,0.0,6,0,16.37,6.87,774.04,N
0,5,1,1,1,0,3,0.38,0,0.0,2,0.67,10,1,0.0,7,0,15.56,9.0,1260.0,N
0,3,1,0,0,0,2,0.4,0,0.0,2,1.0,6,1,0.0,5,3,15.5,4.67,337.59,N
2,9,3,0,0,0,5,0.24,0,0.0,5,1.0,21,1,0.0,21,0,23.75,14.93,5295.85,N
1,3,1,0,0,0,2,0.22,0,0.0,2,1.0,7,1,0.0,9,3,18.0,6.0,648.0,N
2,3,1,0,0,0,2,0.22,0,0.0,2,1.0,7,1,0.0,9,3,16.35,6.75,744.94,N
1,5,2,0,0,0,3,0.5,0,0.0,2,0.67,11,1,0.0,6,1,17.3,4.2,305.12,N
0,9,0,0,0,0,5,0.83,0,0.0,1,0.2,13,5,1.0,6,1,18.02,6.29,712.17,N
0,5,0,0,0,0,3,0.5,0,0.0,1,0.33,9,1,0.0,6,1,15.36,4.9,368.89,N
0,5,0,0,0,0,3,0.6,0,0.0,1,0.33,7,3,1.0,5,1,13.11,4.8,301.96,N
0,5,0,0,0,0,3,0.6,0,0.0,1,0.33,7,3,1.0,5,1,13.11,4.8,301.96,N
0,5,0,0,0,0,3,0.6,0,0.0,1,0.33,7,3,1.0,5,1,13.11,4.8,301.96,N
0,3,0,0,0,0,2,0.15,0,0.0,1,0.5,5,1,0.0,13,1,18.86,5.5,570.49,N
0,5,0,0,0,0,3,0.6,0,0.0,1,0.33,7,3,1.0,5,1,13.11,4.8,301.96,N
0,13,0,0,0,0,7,1.0,0,0.0,1,0.14,19,7,1.0,7,1,23.57,7.11,1191.72,N
0,1,0,0,0,0,1,1.0,0,0.0,1,1.0,1,1,0.0,0,0,0.0,0.0,0.0,N
0,1,0,0,0,0,1,1.0,0,0.0,1,1.0,1,1,0.0,0,0,0.0,0.0,0.0,N
2,3,0,0,0,4,2,0.33,2,2.0,1,0.5,6,1,0.0,6,0,14.04,2.0,56.15,N
2,17,2,0,0,0,9,0.47,0,0.0,4,0.44,32,6,0.63,19,0,29.58,26.25,20382.96,N
0,1,1,0,1,0,1,0.2,0,0.0,1,1.0,2,1,0.0,5,0,7.61,5.0,190.2,N
0,3,0,0,1,0,2,0.33,0,0.0,1,0.5,6,1,0.0,6,0,5.05,13.5,919.54,N
1,9,3,0,0,0,5,0.28,0,0.0,5,1.0,24,1,0.0,18,0,31.67,17.05,9208.55,N
0,1,0,0,0,0,1,1.0,0,0.0,1,1.0,1,1,0.0,0,0,0.0,0.0,0.0,N
0,1,0,0,0,0,1,1.0,0,0.0,1,1.0,1,1,0.0,0,0,0.0,0.0,0.0,N
8,143,14,3,0,0,73,0.51,0,0.0,60,0.82,357,15,0.19,139,0,104.26,72.74,551711.63,N
1,13,3,0,0,0,7,0.35,0,0.0,6,0.86,32,1,0.0,20,0,32.91,21.85,15707.85,N
1,7,0,0,0,0,4,0.36,0,0.0,1,0.25,14,1,0.0,11,0,17.43,12.28,2628.09,N
1,3,1,0,0,0,2,1.0,0,0.0,2,1.0,7,1,0.0,2,0,5.33,1.5,12.0,N
3,9,0,0,1,0,6,0.27,0,0.0,1,0.17,18,1,0.0,22,3,16.82,29.19,14337.59,N
1,3,0,0,0,0,2,0.4,0,0.0,1,0.5,5,1,0.0,5,1,6.77,9.0,548.5,N
1,5,3,0,0,0,3,0.3,0,0.0,2,0.67,10,3,1.0,10,1,22.3,11.0,2698.79,N
1,7,3,0,0,0,4,0.4,0,0.0,3,0.75,16,3,0.67,10,3,18.8,11.0,2275.01,N
1,7,3,0,0,0,4,0.36,0,0.0,2,0.5,14,3,0.67,11,1,24.22,12.71,3909.7,N
42,27,11,0,9,0,14,0.31,0,0.0,4,0.29,63,9,0.62,45,1,67.49,20.98,29713.51,N
2,33,6,2,0,0,17,0.47,0,0.0,7,0.41,68,14,0.81,34,1,23.0,44.18,44903.55,N
3,37,7,4,0,0,19,0.38,0,0.0,12,0.63,88,11,0.56,46,2,37.9,41.66,65784.09,N
4,25,24,5,10,0,13,0.28,0,0.0,13,1.0,72,11,0.83,42,0,91.37,13.05,15561.2,N
2,13,3,0,1,0,7,0.39,0,0.0,4,0.57,30,7,1.0,18,5,31.61,18.67,11013.33,N
0,1,1,0,0,0,1,0.5,0,0.0,1,1.0,2,1,0.0,2,0,9.83,2.0,39.3,N
12,3,4,0,54,0,2,0.17,0,0.0,1,0.5,11,1,0.0,12,0,29.79,8.94,2379.82,N
1,1,0,0,0,0,1,0.17,0,0.0,1,1.0,1,1,0.0,6,1,8.31,7.33,446.73,N
1,15,0,0,0,0,8,0.42,0,0.0,1,0.13,25,6,0.71,19,1,7.53,74.0,41237.44,N
0,1,0,0,0,0,1,1.0,0,0.0,1,1.0,1,1,0.0,0,0,0.0,0.0,0.0,N
0,1,0,0,0,0,1,1.0,0,0.0,1,1.0,1,1,0.0,0,0,0.0,0.0,0.0,N
1,9,1,3,1,16,5,0.31,8,2.0,2,0.4,16,1,0.0,13,0,9.46,31.42,9341.9,N
42,22,3,7,14,20,15,0.18,8,2.5,8,0.53,46,7,0.43,78,1,25.02,66.18,109551.27,N
15,3,1,5,20,4,2,0.1,2,2.0,1,0.5,8,1,0.0,15,0,27.71,21.09,12331.3,N
17,5,4,6,13,8,3,0.08,4,2.0,3,1.0,15,1,0.0,34,1,41.24,31.72,41502.39,N
28,7,3,4,14,10,4,0.21,4,2.5,2,0.5,14,3,0.67,15,0,30.78,13.5,5608.87,N
14,25,6,11,16,36,14,0.19,16,2.25,7,0.5,48,5,0.31,62,0,42.12,28.24,33576.57,N
0,5,1,1,2,8,3,0.3,4,2.0,2,0.67,9,1,0.0,9,3,18.87,7.8,1147.86,N
0,5,1,1,2,8,3,0.3,4,2.0,2,0.67,9,1,0.0,9,3,18.87,7.8,1147.86,N
1,3,0,0,0,0,2,0.4,0,0.0,1,0.5,6,1,0.0,5,3,11.07,4.38,211.89,N
3,7,3,0,0,12,4,0.5,6,2.0,3,0.75,16,1,0.0,8,0,21.13,9.29,1821.84,N
2,5,2,0,0,8,3,0.5,4,2.0,2,0.67,11,1,0.0,6,0,18.13,7.5,1020.0,N
3,7,3,0,0,12,4,0.5,6,2.0,3,0.75,16,1,0.0,8,0,20.85,10.0,2084.61,N
4,13,2,0,3,0,7,0.19,0,0.0,7,1.0,37,1,0.0,36,2,25.36,30.47,23549.34,N
13,26,4,1,1,0,14,0.3,0,0.0,11,0.79,59,7,0.46,45,2,31.37,40.5,51461.36,N
5,1,0,0,15,0,1,0.2,0,0.0,1,1.0,1,1,0.0,5,2,5.8,2.0,23.22,N
1,9,1,0,0,0,5,0.45,0,0.0,3,0.6,18,1,0.0,11,2,16.12,14.3,3299.03,N
1,20,5,2,3,0,12,0.28,0,0.0,9,0.75,50,7,0.55,41,2,30.92,45.36,63608.7,N
3,13,4,4,0,0,7,0.26,0,0.0,7,1.0,27,6,0.83,23,3,25.34,18.21,8406.04,N
0,1,0,0,0,0,1,1.0,0,0.0,1,1.0,1,1,0.0,0,0,0.0,0.0,0.0,N
20,15,1,0,14,28,8,0.22,14,2.0,5,0.63,31,1,0.0,36,0,29.49,29.8,26179.43,N
24,22,9,3,2,8,17,0.24,2,4.0,12,0.71,48,4,0.19,67,0,42.41,34.11,49333.63,N
7,3,4,1,3,4,2,0.17,2,2.0,2,1.0,10,1,0.0,11,0,25.79,5.0,644.64,N
11,9,0,0,1,14,5,0.25,6,2.33,1,0.2,16,4,0.75,20,1,13.81,24.89,8552.95,N
13,9,0,2,5,16,5,0.23,8,2.0,1,0.2,18,5,1.0,20,0,11.26,42.25,20101.19,N
10,17,1,1,3,30,9,0.31,14,2.14,5,0.56,31,7,0.75,28,0,13.96,25.07,8776.91,N
9,3,3,0,1,4,2,0.12,2,2.0,2,1.0,8,1,0.0,17,0,52.81,9.13,4402.26,N
22,11,9,0,16,20,6,0.16,10,2.0,4,0.67,28,1,0.0,38,1,56.19,18.28,18778.17,N
7,19,1,0,4,36,10,0.22,18,2.0,6,0.6,41,1,0.0,46,0,29.4,30.64,27606.4,N
12,3,8,0,6,4,2,0.11,2,2.0,2,1.0,14,1,0.0,19,1,35.49,9.58,3256.84,N
4,1,1,0,0,0,1,0.05,0,0.0,1,1.0,2,1,0.0,19,0,40.08,13.5,7303.85,N
4,5,1,0,0,8,3,0.3,4,2.0,2,0.67,11,1,0.0,10,0,21.06,5.85,720.66,N
2,1,0,0,0,0,1,0.11,0,0.0,1,1.0,1,1,0.0,9,0,15.4,11.0,1863.6,N
27,29,4,0,10,46,15,0.19,18,2.56,9,0.6,58,14,0.93,80,1,40.31,61.67,153302.39,N
11,9,3,0,4,16,5,0.23,8,2.0,3,0.6,21,1,0.0,22,0,25.42,17.34,7647.27,N
16,9,6,0,12,16,5,0.16,8,2.0,2,0.4,23,1,0.0,32,0,41.51,18.85,14745.1,N
7,5,5,0,0,4,3,0.25,2,2.0,3,1.0,15,1,0.0,12,0,30.46,3.75,428.33,N
0,1,0,0,0,0,1,1.0,0,0.0,1,1.0,1,1,0.0,0,0,0.0,0.0,0.0,N
1,15,1,5,5,0,9,0.31,0,0.0,4,0.44,35,4,0.38,24,0,31.55,35.27,39260.76,N
0,1,0,0,0,0,1,1.0,0,0.0,1,1.0,1,1,0.0,0,0,0.0,0.0,0.0,N
12,27,1,3,7,0,15,0.41,0,0.0,6,0.4,57,10,0.64,34,0,39.17,59.96,140810.71,N
0,1,0,0,0,0,1,1.0,0,0.0,1,1.0,1,1,0.0,0,0,0.0,0.0,0.0,N
18,27,6,2,13,0,16,0.25,0,0.0,8,0.5,59,5,0.27,62,1,36.04,49.78,89317.82,N
1,7,1,0,0,0,4,0.44,0,0.0,3,0.75,16,1,0.0,9,0,8.42,24.0,4849.12,N
0,3,0,0,1,0,2,0.67,0,0.0,1,0.5,5,1,0.0,3,0,8.15,3.5,99.85,N
1,3,0,0,7,0,2,0.17,0,0.0,1,0.5,5,1,0.0,12,0,46.75,20.39,19439.64,N
0,1,0,0,0,0,1,1.0,0,0.0,1,1.0,1,1,0.0,0,0,0.0,0.0,0.0,N
0,5,2,0,0,0,3,0.6,0,0.0,3,1.0,10,1,0.0,5,0,13.34,10.0,1334.38,N
2,12,1,0,4,0,7,0.33,0,0.0,2,0.29,24,7,1.0,21,0,20.89,24.94,12991.07,N
0,1,0,0,0,0,1,1.0,0,0.0,1,1.0,1,1,0.0,0,0,0.0,0.0,0.0,N
9,5,3,8,4,0,3,0.14,0,0.0,2,0.67,15,3,1.0,14,0,34.87,25.2,22143.15,N
3,9,2,0,0,0,5,0.26,0,0.0,2,0.4,23,3,0.5,19,0,21.59,15.0,4857.82,N
6,17,2,3,0,0,9,0.33,0,0.0,2,0.22,36,5,0.5,24,2,20.73,30.36,19100.2,N
11,1,8,0,18,0,1,0.06,0,0.0,1,1.0,16,1,0.0,16,0,63.53,5.67,2040.0,N
21,17,2,4,9,22,10,0.26,10,2.2,2,0.2,32,1,0.0,35,0,23.31,30.11,21129.06,N
22,17,2,4,6,22,10,0.26,10,2.2,2,0.2,32,1,0.0,35,0,23.31,30.11,21129.06,N
7,1,2,0,9,0,1,0.11,0,0.0,1,1.0,4,1,0.0,9,0,28.4,5.73,931.41,N
11,1,3,1,15,0,1,0.1,0,0.0,1,1.0,5,1,0.0,9,0,49.83,3.94,772.6,N
4,1,2,0,6,0,1,0.17,0,0.0,1,1.0,5,1,0.0,6,0,24.59,4.05,405.89,N
7,1,2,0,7,0,1,0.17,0,0.0,1,1.0,5,1,0.0,6,0,24.59,4.05,405.89,N
12,9,6,1,39,16,1,0.02,8,2.0,1,1.0,34,1,0.0,48,2,68.44,22.43,34432.76,N
3,1,1,0,6,0,1,0.05,0,0.0,1,1.0,21,1,0.0,21,1,98.33,6.82,4571.18,N
12,5,6,0,27,8,1,0.03,4,2.0,1,1.0,24,1,0.0,30,1,63.11,17.0,18239.92,N
11,5,6,0,27,8,1,0.03,4,2.0,1,1.0,24,1,0.0,30,1,63.11,17.0,18239.92,N
15,33,12,2,49,62,1,0.01,30,2.07,1,1.0,79,1,0.0,92,1,74.33,35.24,92334.31,N
6,6,2,4,10,0,5,0.19,0,0.0,5,1.0,13,1,0.0,23,2,27.77,18.5,9505.92,N
6,21,0,0,9,38,11,0.42,18,2.11,1,0.09,40,4,0.3,26,4,27.51,19.44,10402.78,N
10,5,6,1,20,8,3,0.15,4,2.0,1,0.33,19,1,0.0,19,0,37.98,10.17,3931.9,N
2,1,1,0,1,0,1,0.25,0,0.0,1,1.0,2,1,0.0,4,0,6.74,3.75,94.75,N
0,1,1,0,0,0,1,0.5,0,0.0,1,1.0,2,1,0.0,2,1,9.83,2.0,39.3,N
2,1,1,0,1,0,1,0.5,0,0.0,1,1.0,2,1,0.0,2,0,7.75,2.0,31.02,N
0,1,1,0,0,0,1,0.2,0,0.0,1,1.0,2,1,0.0,5,1,8.22,9.0,666.08,N
2,1,2,2,0,0,1,0.2,0,0.0,1,1.0,3,1,0.0,3,1,10.76,5.25,296.48,N
1,1,1,0,0,0,1,0.5,0,0.0,1,1.0,2,1,0.0,2,0,7.75,2.0,31.02,N
0,1,1,0,0,0,1,0.2,0,0.0,1,1.0,2,1,0.0,5,1,8.51,8.0,544.91,N
2,1,2,2,0,0,1,0.2,0,0.0,1,1.0,3,1,0.0,3,1,11.59,4.38,221.89,N
0,1,0,0,0,0,1,0.5,0,0.0,1,1.0,1,1,0.0,2,1,9.06,3.5,110.95,N
2,1,1,0,0,0,1,0.25,0,0.0,1,1.0,2,1,0.0,4,1,8.54,4.67,186.03,N
2,1,1,0,0,0,1,0.5,0,0.0,1,1.0,2,1,0.0,2,1,7.75,2.0,31.02,N
10,1,9,0,22,0,1,0.06,0,0.0,1,1.0,17,1,0.0,18,0,71.72,5.25,1976.72,N
6,5,4,0,13,6,3,0.25,2,3.0,1,0.33,11,1,0.0,12,1,19.34,11.67,2632.25,N
3,1,2,0,3,0,1,0.2,0,0.0,1,1.0,3,1,0.0,5,0,10.79,7.2,559.51,N
8,5,5,0,19,6,3,0.21,2,3.0,1,0.33,13,1,0.0,14,1,26.68,10.56,2976.12,N
4,1,3,0,6,0,1,0.14,0,0.0,1,1.0,5,1,0.0,7,0,24.22,5.0,605.57,N
7,7,0,1,3,12,4,0.21,6,2.0,1,0.25,13,3,0.67,18,2,19.14,14.0,3750.95,N
10,1,1,0,21,0,1,0.13,0,0.0,1,1.0,8,1,0.0,8,1,48.13,6.3,1910.42,N
8,7,1,3,5,12,4,0.18,6,2.0,3,0.75,15,1,0.0,19,0,16.19,29.32,13918.64,N
2,5,0,0,0,0,3,0.33,0,0.0,1,0.33,9,1,0.0,9,1,12.72,10.31,1352.83,N
11,1,5,0,21,0,1,0.08,0,0.0,1,1.0,11,1,0.0,12,0,49.84,4.47,996.88,N
5,3,3,0,12,4,2,0.25,2,2.0,2,1.0,7,1,0.0,8,0,18.01,6.25,703.67,N
4,3,2,0,12,4,2,0.29,2,2.0,2,1.0,6,1,0.0,7,0,14.1,5.4,411.19,N
17,23,6,2,10,32,1,0.01,16,2.0,1,1.0,58,1,0.0,94,0,41.9,39.36,64918.77,N
15,15,12,0,50,28,8,0.11,14,2.0,6,0.75,41,1,0.0,73,1,134.45,7.83,8234.67,N
12,1,7,0,21,0,1,0.07,0,0.0,1,1.0,11,1,0.0,14,0,55.91,4.95,1371.34,N
8,3,4,0,16,4,2,0.18,2,2.0,2,1.0,9,1,0.0,11,0,25.93,6.0,933.54,N
11,1,7,0,18,0,1,0.08,0,0.0,1,1.0,11,1,0.0,12,0,61.38,3.63,809.5,N
7,1,2,0,10,0,1,0.17,0,0.0,1,1.0,5,1,0.0,6,0,29.7,3.33,329.97,N
0,1,0,0,0,0,1,1.0,0,0.0,1,1.0,1,1,0.0,0,1,0.0,0.0,0.0,N
1,1,1,0,0,0,1,0.5,0,0.0,1,1.0,2,1,0.0,2,2,11.86,3.5,145.3,N
31,25,5,9,77,0,14,0.15,0,0.0,12,0.86,54,12,0.85,85,3,37.11,40.91,62115.21,N
7,1,4,2,15,0,1,0.07,0,0.0,1,1.0,5,1,0.0,12,0,38.33,5.54,1177.03,N
2,3,1,0,0,0,2,0.18,0,0.0,1,0.5,7,1,0.0,11,0,18.01,6.25,703.67,N
4,5,1,0,4,0,3,0.27,0,0.0,1,0.33,9,3,1.0,11,0,16.48,8.25,1121.45,N
13,11,3,1,41,0,6,0.21,0,0.0,2,0.33,23,3,0.4,27,4,24.16,30.18,21997.42,N
4,5,1,2,9,0,3,0.27,0,0.0,2,0.67,11,1,0.0,9,1,21.43,4.38,410.22,N
1,1,1,0,3,0,1,0.5,0,0.0,1,1.0,2,1,0.0,2,1,9.83,2.0,39.3,N
4,1,3,0,9,0,1,0.2,0,0.0,1,1.0,4,1,0.0,5,0,18.91,5.5,572.0,N
5,1,2,0,9,0,1,0.25,0,0.0,1,1.0,3,1,0.0,4,0,18.49,3.5,226.54,N
1,3,0,0,0,0,2,0.67,0,0.0,1,0.5,5,1,0.0,3,0,14.4,7.5,810.0,N
1,3,0,0,0,4,2,0.5,2,2.0,1,0.5,6,1,0.0,4,0,11.83,9.33,1030.52,N
1,3,0,0,0,0,2,0.4,0,0.0,1,0.5,5,1,0.0,5,1,13.33,7.5,750.0,N
1,36,2,1,0,0,21,0.42,0,0.0,6,0.29,77,9,0.4,49,5,29.75,68.5,139594.59,N
37,48,0,1,48,0,27,0.23,0,0.0,1,0.04,93,13,0.46,115,4,74.42,39.83,118062.58,N
3,10,5,0,1,0,6,0.16,0,0.0,6,1.0,26,1,0.0,37,3,36.73,32.52,38830.0,N
11,11,12,1,0,0,6,0.23,0,0.0,6,1.0,37,5,0.8,25,0,46.25,14.27,9416.54,N
1,3,3,1,0,0,2,0.25,0,0.0,2,1.0,8,1,0.0,7,0,20.61,6.5,870.87,N
0,5,1,1,1,0,3,0.43,0,0.0,2,0.67,10,1,0.0,6,0,14.06,8.67,1055.91,N
1,5,2,0,0,0,3,0.6,0,0.0,3,1.0,9,1,0.0,5,0,17.03,4.0,272.46,N
3,1,1,0,46,0,1,0.25,0,0.0,1,1.0,2,1,0.0,4,2,10.63,3.75,149.49,N
0,3,1,0,0,4,2,0.22,2,2.0,2,1.0,7,1,0.0,9,0,11.16,10.5,1230.67,N
1,16,0,5,0,0,12,0.26,0,0.0,1,0.08,34,6,0.45,41,5,26.07,32.25,27117.88,N
0,1,1,0,0,0,1,0.2,0,0.0,1,1.0,2,1,0.0,5,2,12.18,3.0,109.62,N
0,1,1,0,0,0,1,0.25,0,0.0,1,1.0,2,1,0.0,4,1,10.87,3.5,133.19,N
1,1,2,0,0,0,1,0.2,0,0.0,1,1.0,3,1,0.0,5,1,16.65,4.67,362.64,N
1,1,0,0,0,0,1,0.33,0,0.0,1,1.0,1,1,0.0,3,0,10.6,7.0,519.62,N
0,1,1,0,0,0,1,0.25,0,0.0,1,1.0,2,1,0.0,4,1,12.55,4.0,200.76,N
0,1,0,0,0,0,1,0.25,0,0.0,1,1.0,1,1,0.0,4,1,7.74,1.5,17.41,N
3,7,2,0,0,0,4,0.31,0,0.0,3,0.75,14,1,0.0,13,3,13.35,29.59,11688.41,N
1,84,0,1,0,0,47,0.75,0,0.0,1,0.02,153,5,0.09,62,1,49.53,53.67,142651.41,N
4,25,1,0,0,0,13,0.43,0,0.0,13,1.0,71,1,0.0,30,1,37.1,25.0,23185.06,N
4,3,1,0,37,0,2,0.13,0,0.0,1,0.5,6,1,0.0,15,3,21.82,10.68,2487.99,N
4,27,5,0,13,0,14,0.41,0,0.0,14,1.0,61,14,1.0,34,4,36.12,34.34,42589.6,N
1,3,2,0,1,0,2,0.29,0,0.0,2,1.0,7,1,0.0,7,1,15.92,6.29,629.06,N
1,17,4,0,1,0,9,0.5,0,0.0,4,0.44,36,9,1.0,18,1,17.48,32.31,18244.42,N
16,108,18,6,9,0,56,0.41,0,0.0,42,0.75,241,42,0.75,129,2,65.73,84.55,469829.8,N
1,5,1,0,1,0,3,0.43,0,0.0,2,0.67,10,3,1.0,7,0,11.71,9.43,1041.34,N
1,1,0,0,1,0,1,0.11,0,0.0,1,1.0,1,1,0.0,9,3,13.9,10.0,1389.74,N
3,7,3,0,0,12,4,0.5,6,2.0,3,0.75,16,1,0.0,8,0,20.0,10.21,2087.05,N
3,7,3,0,0,12,4,0.5,6,2.0,3,0.75,16,1,0.0,8,0,20.0,10.21,2087.05,N
2,9,0,0,0,0,5,0.5,0,0.0,1,0.2,18,4,0.75,10,2,7.1,19.25,2632.27,N
45,30,5,3,36,52,16,0.27,26,2.0,13,0.81,69,16,1.0,57,0,24.44,62.25,94697.4,N
11,9,0,0,5,16,5,0.23,8,2.0,1,0.2,18,1,0.0,22,0,17.69,33.08,19354.95,N
1,3,1,0,0,4,2,0.5,2,2.0,2,1.0,5,1,0.0,4,0,14.8,8.56,1083.64,N
20,9,3,3,8,16,5,0.19,8,2.0,3,0.6,23,1,0.0,24,0,27.87,32.5,29442.05,N
5,3,3,0,2,4,2,0.17,2,2.0,2,1.0,9,1,0.0,12,0,18.02,14.62,3854.26,N
6,5,3,0,0,8,3,0.16,4,2.0,3,1.0,15,1,0.0,19,0,30.83,18.75,10839.37,N
0,1,0,0,0,0,1,1.0,0,0.0,1,1.0,1,1,0.0,0,0,0.0,0.0,0.0,N
1,3,1,0,0,4,2,0.29,2,2.0,1,0.5,7,1,0.0,7,0,13.2,6.67,586.67,N
1,1,1,0,0,0,1,0.25,0,0.0,1,1.0,2,1,0.0,4,0,8.54,4.67,186.03,N
3,7,0,0,0,10,4,0.44,4,2.5,1,0.25,12,3,0.67,9,0,10.26,13.0,1734.69,N
9,13,3,3,1,24,7,0.23,12,2.0,4,0.57,30,4,0.5,27,0,32.56,15.0,7325.95,N
31,24,2,1,8,14,19,0.24,6,2.33,18,0.95,58,1,0.0,79,0,29.08,53.32,82676.06,N
2,3,2,0,0,4,2,0.18,2,2.0,2,1.0,8,1,0.0,11,0,16.4,7.07,820.29,N
1,1,0,0,0,0,1,0.25,0,0.0,1,1.0,1,1,0.0,4,0,8.13,2.0,32.5,N
5,5,3,1,1,8,3,0.21,4,2.0,3,1.0,14,1,0.0,13,0,14.31,11.43,1868.55,N
2,1,1,0,0,0,1,0.14,0,0.0,1,1.0,2,1,0.0,7,0,13.3,6.4,544.7,N
10,5,0,0,5,8,3,0.14,4,2.0,1,0.33,11,1,0.0,22,0,25.02,18.0,8106.33,N
21,16,4,1,0,0,15,0.17,0,0.0,15,1.0,55,1,0.0,89,0,47.97,41.21,81451.08,N
8,11,2,0,4,18,6,0.19,8,2.25,4,0.67,23,5,0.8,32,0,34.06,15.11,7772.08,N
8,13,2,2,9,22,7,0.26,10,2.2,2,0.29,28,3,0.33,25,0,18.96,42.31,33933.25,N
1,7,0,0,0,10,4,0.57,4,2.5,1,0.25,12,3,0.67,7,0,7.73,15.0,1740.0,N
24,13,7,2,25,22,7,0.21,10,2.2,6,0.86,31,3,0.33,32,0,25.63,31.35,25188.32,N
2,5,1,0,0,8,3,0.25,4,2.0,1,0.33,13,1,0.0,12,0,16.55,20.22,6769.26,N
10,13,2,2,5,22,7,0.47,10,2.2,3,0.43,22,1,0.0,13,0,29.5,19.83,11602.5,N
7,3,2,0,1,4,2,0.15,2,2.0,1,0.5,8,1,0.0,13,0,22.09,9.55,2012.48,N
23,7,4,3,12,12,1,0.03,6,2.0,1,1.0,21,1,0.0,28,0,29.47,25.11,18571.43,N
0,1,0,0,0,0,1,0.5,0,0.0,1,1.0,1,1,0.0,2,0,5.33,1.5,12.0,N
2,1,0,0,0,0,1,0.33,0,0.0,1,1.0,1,1,0.0,3,0,14.34,3.5,175.66,N
13,11,3,3,5,20,6,0.21,10,2.0,3,0.5,27,1,0.0,25,0,29.42,20.92,12878.64,N
3,5,2,0,0,8,3,0.17,4,2.0,3,1.0,13,1,0.0,18,0,27.93,20.43,11656.27,N
0,1,0,0,0,0,1,0.5,0,0.0,1,1.0,1,1,0.0,2,0,10.57,3.0,95.1,N
3,3,0,1,2,0,2,0.18,0,0.0,1,0.5,6,1,0.0,10,0,8.34,18.67,2905.92,N
0,1,0,0,0,0,1,0.5,0,0.0,1,1.0,1,1,0.0,2,0,8.15,3.5,99.85,N
3,1,3,0,1,0,1,0.09,0,0.0,1,1.0,4,1,0.0,11,0,24.44,7.73,1459.45,N
5,1,3,0,0,0,1,0.1,0,0.0,1,1.0,4,1,0.0,10,0,31.98,5.0,799.56,N
14,25,8,3,21,0,13,0.16,0,0.0,8,0.62,61,7,0.5,76,0,57.88,39.06,88285.54,N
10,9,3,2,0,0,5,0.28,0,0.0,3,0.6,17,3,0.5,16,0,15.62,25.83,10423.15,N
5,1,3,0,3,0,1,0.11,0,0.0,1,1.0,5,1,0.0,9,0,24.05,11.82,3359.53,N
0,1,0,0,0,0,1,1.0,0,0.0,1,1.0,1,1,0.0,0,0,0.0,0.0,0.0,N
4,7,2,0,1,0,4,0.4,0,0.0,2,0.5,13,3,0.67,10,0,20.28,16.29,5381.83,N
0,1,1,0,0,0,1,0.5,0,0.0,1,1.0,3,1,0.0,2,0,13.2,7.5,742.43,N
0,1,1,0,0,0,1,0.5,0,0.0,1,1.0,3,1,0.0,2,0,16.74,7.0,820.45,N
3,1,1,0,0,0,1,0.25,0,0.0,1,1.0,3,1,0.0,4,0,17.28,7.33,929.22,N
1,1,0,0,0,0,1,0.25,0,0.0,1,1.0,1,1,0.0,4,0,10.81,8.1,709.31,N
20,13,13,1,19,0,9,0.17,0,0.0,9,1.0,35,1,0.0,52,0,46.54,22.39,23328.87,N
3,1,1,0,1,0,1,0.5,0,0.0,1,1.0,2,1,0.0,2,0,5.33,1.5,12.0,N
2,1,1,0,1,0,1,0.5,0,0.0,1,1.0,2,1,0.0,2,0,5.33,1.5,12.0,N
3,1,1,0,0,0,1,0.33,0,0.0,1,1.0,2,1,0.0,3,0,8.15,3.5,99.85,N
2,5,2,1,3,0,3,0.23,0,0.0,1,0.33,12,1,0.0,12,0,18.95,10.29,2007.31,N
1,1,1,0,0,0,1,0.1,0,0.0,1,1.0,2,1,0.0,10,2,15.9,6.43,656.91,N
1,1,1,0,0,0,1,0.1,0,0.0,1,1.0,2,1,0.0,10,3,14.99,5.33,426.42,N
1,107,7,0,0,0,54,0.72,0,0.0,24,0.44,219,25,0.45,75,3,46.04,88.2,358147.97,N
1,73,6,0,0,0,37,0.55,0,0.0,18,0.49,143,18,0.47,67,3,42.08,67.88,193867.69,N
31,7,4,8,23,10,4,0.14,4,2.5,3,0.75,16,3,0.67,21,2,30.02,21.27,13585.43,N
23,5,1,5,15,8,3,0.14,4,2.0,3,1.0,11,1,0.0,17,0,24.34,13.0,4112.71,N
26,9,3,7,25,16,5,0.17,8,2.0,3,0.6,22,1,0.0,22,0,29.78,16.47,8078.25,N
30,11,3,9,27,18,6,0.17,8,2.25,4,0.67,23,4,0.6,26,1,31.74,23.96,18214.54,N
8,3,0,0,8,4,2,0.4,2,2.0,1,0.5,5,1,0.0,5,0,16.18,6.43,668.57,N
22,13,4,8,23,24,7,0.27,12,2.0,5,0.71,30,1,0.0,18,0,32.65,14.37,6740.64,N
30,11,2,9,17,20,6,0.19,10,2.0,5,0.83,24,1,0.0,23,1,30.74,15.56,7439.0,N
12,5,2,0,13,8,3,0.27,4,2.0,1,0.33,11,1,0.0,11,0,27.67,6.54,1183.09,N
40,21,6,15,78,34,11,0.16,14,2.43,6,0.55,42,9,0.8,52,0,53.33,32.38,55896.59,N
34,15,5,9,52,20,8,0.2,6,3.33,4,0.5,27,1,0.0,32,0,40.58,25.19,25740.38,N
0,1,0,0,0,0,1,1.0,0,0.0,1,1.0,1,1,0.0,0,0,0.0,0.0,0.0,N
24,9,2,5,15,16,5,0.22,8,2.0,3,0.6,17,1,0.0,18,1,15.77,32.31,16460.25,N
15,3,1,2,9,4,2,0.2,2,2.0,1,0.5,8,1,0.0,8,1,16.9,16.55,4627.48,N
19,5,1,2,14,6,3,0.21,2,3.0,2,0.67,9,3,1.0,12,4,16.35,23.86,9310.08,N
77,33,6,23,52,54,17,0.21,22,2.45,4,0.24,66,14,0.81,58,1,39.18,47.64,88914.45,N
24,9,3,6,16,16,5,0.14,8,2.0,4,0.8,24,1,0.0,30,1,30.18,28.0,23660.0,N
38,29,1,11,25,46,15,0.3,18,2.56,2,0.13,50,12,0.79,39,1,14.74,67.31,66759.69,N
89,35,5,25,44,64,18,0.17,30,2.13,4,0.22,78,10,0.53,79,1,40.65,58.45,138851.46,N
27,9,3,5,17,14,5,0.24,6,2.33,3,0.6,20,3,0.5,16,1,18.04,21.88,8633.09,N
13,1,1,1,9,0,1,0.09,0,0.0,1,1.0,2,1,0.0,10,2,30.05,9.31,2603.2,N
79,35,5,24,56,58,18,0.2,24,2.42,5,0.28,67,15,0.82,65,1,40.85,46.55,88507.21,N
90,37,4,26,47,68,19,0.17,32,2.13,5,0.26,80,11,0.56,86,1,41.46,58.45,141635.44,N
27,9,2,5,20,14,5,0.24,6,2.33,2,0.4,19,3,0.5,16,1,19.73,17.18,5824.66,N
20,15,4,5,14,22,8,0.32,8,2.75,5,0.63,24,6,0.71,20,1,19.8,28.5,16082.33,N
19,5,4,2,10,0,4,0.22,0,0.0,4,1.0,10,1,0.0,16,1,24.09,12.75,3916.29,N
35,14,12,1,3,0,13,0.3,0,0.0,13,1.0,28,1,0.0,43,1,42.11,17.41,12765.08,N
12,187,1,1,17,372,94,8.55,186,2.0,1,0.01,330,1,0.0,10,0,382.67,13.0,64670.9,N
12,5,1,2,7,6,3,0.3,2,3.0,2,0.67,8,3,1.0,8,1,16.55,10.11,1692.31,N
13,5,1,2,7,6,3,0.3,2,3.0,2,0.67,8,3,1.0,8,1,16.55,10.11,1692.31,N
11,3,0,0,15,4,2,0.4,2,2.0,1,0.5,5,1,0.0,5,1,15.23,6.0,548.26,N
40,11,2,10,27,18,6,0.12,8,2.25,5,0.83,23,6,1.0,42,1,33.65,30.68,31677.57,N
18,3,2,3,12,4,2,0.15,2,2.0,2,1.0,7,1,0.0,10,1,18.36,10.2,1910.42,N
0,1,0,0,0,0,1,1.0,0,0.0,1,1.0,1,1,0.0,0,0,0.0,0.0,0.0,N
30,7,1,4,19,12,4,0.22,6,2.0,2,0.5,15,1,0.0,14,0,18.36,15.27,4283.4,N
39,9,2,5,21,16,5,0.22,8,2.0,2,0.4,19,1,0.0,18,0,27.16,17.0,7847.8,N
37,15,3,9,70,26,8,0.15,12,2.17,6,0.75,35,1,0.0,46,0,29.04,41.61,50271.95,N
27,9,0,7,9,16,5,0.23,8,2.0,1,0.2,17,1,0.0,15,0,19.42,18.42,6585.38,N
14,9,2,1,25,14,5,0.45,6,2.33,1,0.2,16,1,0.0,10,0,19.81,9.82,1909.77,N
8,1,0,0,6,0,1,0.07,0,0.0,1,1.0,1,1,0.0,15,0,6.55,28.0,5138.91,N
25,13,1,4,26,24,7,0.19,12,2.0,1,0.14,29,1,0.0,32,0,26.82,49.14,64763.93,N
30,21,5,7,46,38,11,0.27,18,2.11,3,0.27,47,1,0.0,34,0,45.21,24.8,27807.82,N
24,12,8,6,33,12,7,0.23,6,2.0,6,0.86,29,1,0.0,24,0,436.67,14.31,89390.87,N
6,3,0,0,10,4,2,0.4,2,2.0,1,0.5,6,1,0.0,5,2,8.86,6.0,318.91,N
6,3,0,0,5,4,2,0.4,2,2.0,1,0.5,6,1,0.0,5,2,14.4,3.0,129.56,N
11,1,0,1,19,0,1,0.2,0,0.0,1,1.0,1,1,0.0,4,1,8.64,4.17,150.0,N
13,1,1,0,13,0,1,0.25,0,0.0,1,1.0,2,1,0.0,4,0,8.72,4.0,139.48,N
10,1,0,0,10,0,1,0.08,0,0.0,1,1.0,1,1,0.0,12,1,15.5,9.33,1350.34,N
2,15,4,3,0,0,9,0.43,0,0.0,7,0.78,33,4,0.38,18,2,18.28,23.38,9996.98,N
3,13,5,0,0,0,7,0.41,0,0.0,6,0.86,32,6,0.83,17,1,25.42,19.69,9851.11,N
1,7,2,0,0,0,4,0.36,0,0.0,4,1.0,16,1,0.0,11,1,24.43,13.09,4186.77,N
3,9,5,0,0,0,5,0.45,0,0.0,4,0.8,21,3,0.5,11,2,17.98,17.82,5709.41,N
2,11,3,1,0,0,6,0.25,0,0.0,4,0.67,19,6,1.0,23,2,27.33,14.93,6093.85,N
5,1,0,0,0,0,1,0.07,0,0.0,1,1.0,1,1,0.0,15,3,33.1,8.73,2520.95,N
5,1,0,0,0,0,1,0.07,0,0.0,1,1.0,1,1,0.0,15,3,29.54,9.6,2722.13,N
1,1,0,0,0,0,1,0.1,0,0.0,1,1.0,1,1,0.0,10,1,20.35,8.44,1448.49,N
2,3,0,0,0,0,2,0.13,0,0.0,1,0.5,5,1,0.0,16,2,27.24,11.46,3576.44,N
1,1,0,0,0,0,1,0.07,0,0.0,1,1.0,1,1,0.0,15,3,32.8,9.38,2882.46,N
2,3,0,0,0,0,2,0.11,0,0.0,1,0.5,5,1,0.0,18,3,32.7,11.79,4542.69,N
2,5,3,0,0,0,3,0.25,0,0.0,3,1.0,10,1,0.0,12,3,18.35,8.33,1274.38,N
2,5,3,0,0,0,3,0.27,0,0.0,3,1.0,10,1,0.0,11,3,18.35,8.33,1274.38,N
5,7,4,0,0,0,4,0.29,0,0.0,4,1.0,23,1,0.0,14,0,36.67,15.67,9000.18,N
1,11,0,0,0,0,6,0.26,0,0.0,1,0.17,23,6,1.0,23,1,21.82,26.11,14874.09,N
4,11,1,0,0,20,6,0.17,10,2.0,2,0.33,21,1,0.0,36,2,24.08,19.59,9246.17,N
7,7,4,0,3,4,5,0.15,2,2.0,5,1.0,14,1,0.0,34,1,27.52,17.41,8344.02,N
7,7,4,0,3,4,5,0.14,2,2.0,5,1.0,16,1,0.0,36,1,30.33,17.78,9587.04,N
2,1,1,1,0,0,1,0.2,0,0.0,1,1.0,2,1,0.0,4,1,15.86,3.5,194.27,N
1,1,0,0,0,0,1,0.2,0,0.0,1,1.0,1,1,0.0,5,0,6.79,8.0,434.27,N
6,1,1,0,6,0,1,0.07,0,0.0,1,1.0,2,1,0.0,14,0,23.11,13.5,4212.0,N
26,34,19,1,6,32,25,0.21,16,2.0,25,1.0,74,8,0.29,116,1,53.9,42.21,96014.07,N
9,11,4,2,3,20,6,0.13,10,2.0,6,1.0,23,1,0.0,43,1,41.94,16.02,10767.58,N
10,5,5,4,0,8,3,0.08,4,2.0,3,1.0,13,1,0.0,34,0,76.14,13.84,14581.44,N
16,19,8,10,6,16,11,0.23,6,2.67,8,0.73,35,5,0.4,38,0,45.92,15.77,11414.37,N
7,3,1,0,3,4,2,0.1,2,2.0,2,1.0,7,1,0.0,21,1,28.0,17.0,8091.46,N
13,11,2,2,30,20,6,0.12,10,2.0,4,0.67,23,1,0.0,48,1,35.29,31.25,34462.66,N
19,15,3,2,39,28,8,0.12,14,2.0,2,0.25,36,4,0.43,63,1,25.84,48.3,60280.38,N
22,12,3,2,12,16,7,0.13,8,2.0,6,0.86,26,1,0.0,52,1,28.14,26.11,19184.09,N
6,7,4,1,12,12,4,0.13,6,2.0,4,1.0,17,1,0.0,31,1,30.72,15.0,6911.1,N
1,3,0,0,0,4,2,0.18,2,2.0,1,0.5,6,1,0.0,11,2,16.8,6.43,694.29,N
0,1,1,0,0,0,1,0.17,0,0.0,1,1.0,2,1,0.0,6,1,15.86,3.5,194.27,N
0,1,1,0,0,0,1,0.17,0,0.0,1,1.0,2,1,0.0,6,1,15.86,3.5,194.27,N
0,1,1,0,0,0,1,0.17,0,0.0,1,1.0,2,1,0.0,6,1,15.86,3.5,194.27,N
0,1,1,0,0,0,1,0.2,0,0.0,1,1.0,2,1,0.0,5,0,13.32,3.5,163.12,N
0,1,1,0,0,0,1,0.17,0,0.0,1,1.0,2,1,0.0,6,1,15.86,3.5,194.27,N
0,1,1,0,0,0,1,0.2,0,0.0,1,1.0,2,1,0.0,5,0,13.32,3.5,163.12,N
0,1,1,0,0,0,1,0.17,0,0.0,1,1.0,2,1,0.0,6,1,18.49,3.5,226.54,N
0,1,1,0,0,0,1,0.2,0,0.0,1,1.0,2,1,0.0,5,1,15.86,3.5,194.27,N
28,31,6,5,35,54,16,0.16,24,2.25,9,0.56,59,8,0.47,95,2,50.7,37.73,72190.59,N
11,7,2,0,7,12,4,0.15,6,2.0,2,0.5,15,1,0.0,26,1,24.57,14.73,5329.58,N
14,21,3,5,36,36,11,0.15,16,2.25,5,0.45,40,5,0.4,68,1,38.68,42.21,68900.96,N
16,15,3,2,36,28,8,0.12,14,2.0,2,0.25,36,4,0.43,63,1,25.26,51.45,66858.35,N
16,9,5,5,22,16,5,0.12,8,2.0,5,1.0,22,1,0.0,37,1,34.17,20.57,14460.86,N
1,1,1,0,0,0,1,0.2,0,0.0,1,1.0,2,1,0.0,5,0,13.32,3.5,163.12,N
0,1,0,0,0,0,1,0.1,0,0.0,1,1.0,1,1,0.0,10,0,20.25,7.2,1049.88,N
35,75,12,3,64,116,38,0.26,42,2.76,15,0.39,126,32,0.84,143,1,57.76,57.9,193623.35,N
30,61,12,4,60,98,31,0.24,38,2.58,13,0.42,108,23,0.73,127,1,49.33,58.5,168831.0,N
3,3,0,0,0,4,2,0.25,2,2.0,1,0.5,6,1,0.0,8,2,9.64,9.6,888.11,N
38,39,4,2,67,76,20,0.14,38,2.0,6,0.3,94,5,0.21,140,3,58.73,44.94,118581.28,N
4,3,3,1,6,4,2,0.13,2,2.0,2,1.0,7,1,0.0,15,0,31.34,8.8,2426.89,N
4,1,2,1,9,0,1,0.13,0,0.0,1,1.0,3,1,0.0,7,0,20.94,4.0,335.05,N
1,1,0,0,0,0,1,0.25,0,0.0,1,1.0,1,1,0.0,4,1,10.57,3.0,95.1,N
1,1,0,0,3,0,1,0.08,0,0.0,1,1.0,1,1,0.0,12,0,5.92,27.5,4477.73,N
0,1,0,0,0,0,1,1.0,0,0.0,1,1.0,1,1,0.0,0,0,0.0,0.0,0.0,N
0,1,0,0,0,0,1,1.0,0,0.0,1,1.0,1,1,0.0,0,0,0.0,0.0,0.0,N
3,15,4,0,0,0,8,0.47,0,0.0,5,0.63,31,3,0.29,17,2,20.6,30.38,19007.4,N
1,16,3,0,0,0,10,0.43,0,0.0,9,0.9,42,1,0.0,23,3,19.68,29.22,16802.56,N
1,15,1,0,0,0,8,0.73,0,0.0,2,0.25,26,7,0.86,11,1,15.48,21.0,6826.47,N
1,9,0,0,0,0,5,0.56,0,0.0,1,0.2,17,3,0.5,9,2,8.93,15.75,2214.71,N
2,7,0,0,0,0,4,0.8,0,0.0,1,0.25,13,4,1.0,5,2,7.17,12.0,1032.47,N
1,9,0,0,0,0,5,0.45,0,0.0,1,0.2,18,5,1.0,11,2,9.46,15.3,2213.6,N
1,7,1,0,0,0,4,0.67,0,0.0,2,0.5,14,4,1.0,6,1,10.69,9.0,865.9,N
1,3,2,0,0,0,2,0.4,0,0.0,2,1.0,8,1,0.0,5,2,11.58,6.75,527.43,N
1,5,0,0,0,0,3,0.5,0,0.0,1,0.33,10,1,0.0,6,1,6.27,12.0,903.41,N
2,11,1,0,0,0,6,0.67,0,0.0,3,0.5,23,3,0.4,9,2,9.17,25.0,5733.65,N
1,11,0,0,0,0,6,0.6,0,0.0,1,0.17,19,5,0.8,10,3,9.15,19.2,3374.61,N
2,15,0,0,0,0,8,0.8,0,0.0,1,0.13,25,7,0.86,10,3,9.44,27.0,6884.83,N
1,9,0,0,0,0,5,0.56,0,0.0,1,0.2,14,5,1.0,9,3,9.08,18.0,2942.97,N
2,13,1,0,0,0,7,0.64,0,0.0,5,0.71,25,6,0.83,11,1,7.1,27.62,5419.98,N
3,37,3,0,0,0,19,0.73,0,0.0,3,0.16,62,17,0.89,26,2,25.72,48.63,60821.24,N
1,5,1,0,0,0,3,0.5,0,0.0,2,0.67,10,3,1.0,6,2,8.38,10.0,837.62,N
2,7,1,0,0,0,4,0.67,0,0.0,2,0.5,14,4,1.0,6,2,8.02,18.2,2656.24,N
1,9,1,0,0,0,5,0.28,0,0.0,1,0.2,22,1,0.0,18,1,11.83,26.0,7994.02,N
1,9,0,0,0,0,5,0.45,0,0.0,1,0.2,18,5,1.0,11,2,8.96,17.0,2590.27,N
2,7,2,0,0,0,4,0.36,0,0.0,1,0.25,15,1,0.0,11,2,14.12,15.0,3176.62,N
0,5,1,0,0,0,3,0.6,0,0.0,2,0.67,11,1,0.0,5,1,4.61,13.5,840.64,N
0,5,1,0,0,0,3,0.6,0,0.0,2,0.67,11,1,0.0,5,1,4.61,13.5,840.64,N
1,5,1,0,0,0,3,0.38,0,0.0,2,0.67,10,3,1.0,8,1,8.65,15.6,2104.23,N
1,13,4,0,0,0,7,0.35,0,0.0,3,0.43,32,4,0.5,20,2,31.12,20.24,12744.97,N
7,85,7,4,0,0,43,0.31,0,0.0,27,0.63,232,18,0.4,136,2,102.58,58.57,351950.71,N
1,5,2,0,0,0,3,0.27,0,0.0,3,1.0,12,1,0.0,11,0,17.11,11.67,2329.28,N
3,1,1,0,2,0,1,0.33,0,0.0,1,1.0,2,1,0.0,3,0,8.72,4.0,139.48,N
3,1,1,0,2,0,1,0.33,0,0.0,1,1.0,2,1,0.0,3,0,8.72,4.0,139.48,N
3,1,1,0,2,0,1,0.33,0,0.0,1,1.0,2,1,0.0,3,0,8.72,4.0,139.48,N
3,1,1,0,2,0,1,0.33,0,0.0,1,1.0,2,1,0.0,3,0,8.72,4.0,139.48,N
3,1,1,0,2,0,1,0.33,0,0.0,1,1.0,2,1,0.0,3,0,8.72,4.0,139.48,N
2,1,3,0,6,0,1,0.07,0,0.0,1,1.0,10,1,0.0,14,0,41.04,6.42,1689.97,N
2,1,3,0,6,0,1,0.07,0,0.0,1,1.0,10,1,0.0,14,0,41.04,6.42,1689.97,N
2,1,3,0,6,0,1,0.07,0,0.0,1,1.0,10,1,0.0,14,0,41.04,6.42,1689.97,N
2,1,3,0,6,0,1,0.07,0,0.0,1,1.0,10,1,0.0,14,0,41.04,6.42,1689.97,N
2,1,3,0,6,0,1,0.07,0,0.0,1,1.0,10,1,0.0,14,0,41.04,6.42,1689.97,N
22,19,0,9,39,34,10,0.14,16,2.13,1,0.1,39,5,0.44,63,2,26.57,33.75,30263.95,N
7,9,0,1,15,12,5,0.21,4,3.0,1,0.2,15,4,0.75,23,3,15.44,29.75,13664.81,N
3,1,1,0,0,0,1,0.14,0,0.0,1,1.0,2,1,0.0,7,1,18.28,5.0,456.88,N
1,1,1,0,0,0,1,0.2,0,0.0,1,1.0,2,1,0.0,5,1,15.86,3.5,194.27,N
10,11,2,3,5,20,6,0.21,10,2.0,5,0.83,23,1,0.0,25,1,25.22,24.0,14527.86,N
7,6,6,1,0,0,5,0.16,0,0.0,5,1.0,15,1,0.0,31,1,38.39,13.65,7152.72,N
11,3,3,6,3,4,2,0.09,2,2.0,1,0.5,8,1,0.0,16,0,38.22,12.32,5796.41,N
28,28,13,15,0,20,19,0.15,8,2.5,14,0.74,69,5,0.22,110,0,72.82,37.62,103078.67,N
11,7,6,1,11,4,5,0.17,2,2.0,5,1.0,19,1,0.0,29,0,46.18,10.67,5260.7,N
7,3,2,0,6,4,2,0.14,2,2.0,2,1.0,8,1,0.0,14,0,30.11,9.1,2493.57,N
0,1,0,0,0,0,1,1.0,0,0.0,1,1.0,1,1,0.0,0,0,0.0,0.0,0.0,N
0,1,0,0,0,0,1,1.0,0,0.0,1,1.0,1,1,0.0,0,0,0.0,0.0,0.0,N
8,1,4,3,0,0,1,0.11,0,0.0,1,1.0,5,1,0.0,6,0,25.65,3.21,265.03,N
14,5,4,6,37,0,3,0.1,0,0.0,2,0.67,20,1,0.0,25,1,33.43,19.13,12234.56,N
6,3,2,0,30,0,2,0.14,0,0.0,1,0.5,7,1,0.0,14,1,16.16,12.14,2382.41,N
7,1,4,2,0,0,1,0.13,0,0.0,1,1.0,5,1,0.0,6,1,24.18,4.29,444.05,N
11,5,4,6,16,0,3,0.1,0,0.0,2,0.67,20,1,0.0,25,0,27.85,17.97,8994.33,N
11,5,2,4,22,0,3,0.11,0,0.0,2,0.67,18,1,0.0,24,0,22.15,19.96,8828.3,N
6,3,0,0,28,0,2,0.18,0,0.0,1,0.5,5,1,0.0,11,1,18.78,13.33,3338.16,N
1,15,2,0,1,0,8,0.47,0,0.0,5,0.63,29,5,0.57,17,3,25.48,19.42,9611.44,N
1,13,2,0,1,0,7,0.47,0,0.0,3,0.43,25,1,0.0,15,3,22.0,22.11,10748.84,N
1,13,3,0,1,0,7,0.35,0,0.0,4,0.57,27,1,0.0,20,3,22.92,21.71,10799.55,N
3,7,2,0,8,0,4,0.24,0,0.0,2,0.5,15,3,0.67,17,7,17.85,11.82,2492.55,N
0,6,1,0,0,0,5,0.26,0,0.0,5,1.0,12,1,0.0,19,4,27.89,9.5,2517.23,N
0,6,1,0,0,0,5,0.26,0,0.0,5,1.0,12,1,0.0,19,4,25.77,10.18,2670.15,N
3,7,2,0,0,12,4,0.5,6,2.0,3,0.75,16,1,0.0,8,0,17.72,10.83,2080.0,N
15,31,7,0,0,60,16,0.48,30,2.0,15,0.94,76,1,0.0,33,0,35.6,30.0,32042.61,N
2,5,2,0,0,8,3,0.5,4,2.0,2,0.67,11,1,0.0,6,0,18.13,7.5,1020.0,N
0,5,2,0,0,0,3,1.0,0,0.0,3,1.0,10,3,1.0,3,0,12.61,6.75,574.49,N
5,5,3,0,0,0,3,0.3,0,0.0,3,1.0,13,1,0.0,10,0,18.13,7.5,1020.0,N
0,1,3,0,0,0,1,0.17,0,0.0,1,1.0,4,1,0.0,6,0,15.36,4.2,271.02,N
2,1,1,0,0,0,1,0.5,0,0.0,1,1.0,2,1,0.0,2,0,9.83,2.0,39.3,N
0,1,3,0,0,0,1,0.25,0,0.0,1,1.0,4,1,0.0,4,1,18.6,2.5,116.27,N
2,1,1,0,0,0,1,0.5,0,0.0,1,1.0,2,1,0.0,2,0,7.74,1.5,17.41,N
1,5,2,0,0,6,3,0.23,2,3.0,2,0.67,9,3,1.0,13,0,20.14,10.5,2220.96,N
0,5,0,0,0,6,3,0.3,2,3.0,1,0.33,8,3,1.0,10,0,13.31,10.56,1484.6,N
1,5,0,0,0,6,3,0.3,2,3.0,1,0.33,8,3,1.0,10,0,12.94,11.38,1673.96,N
3,9,3,4,2,14,5,0.19,6,2.33,3,0.6,21,3,0.5,23,0,24.91,18.53,8553.83,N
2,11,3,0,0,16,6,0.29,6,2.67,3,0.5,21,3,0.4,21,0,18.85,20.3,7766.26,N
0,1,0,0,0,0,1,1.0,0,0.0,1,1.0,1,1,0.0,0,0,0.0,0.0,0.0,N
0,1,4,0,0,0,1,0.2,0,0.0,1,1.0,5,1,0.0,5,1,34.06,3.0,306.56,N
0,3,1,0,0,6,2,1.0,2,3.0,1,0.5,6,1,0.0,2,0,9.49,3.5,116.27,N
0,1,0,0,0,0,1,0.33,0,0.0,1,1.0,1,1,0.0,3,0,11.58,2.67,82.35,N
1,11,2,1,0,16,6,0.6,6,2.67,4,0.67,18,5,0.8,9,1,12.07,14.08,2393.0,N
0,1,2,0,0,0,1,0.2,0,0.0,1,1.0,3,1,0.0,5,1,18.28,5.0,456.88,N
1,1,1,0,0,0,1,0.25,0,0.0,1,1.0,2,1,0.0,4,1,13.95,2.5,87.17,N
0,3,0,0,0,4,2,0.4,2,2.0,1,0.5,6,1,0.0,5,1,6.0,6.0,216.0,N
0,1,0,0,0,0,1,0.5,0,0.0,1,1.0,1,1,0.0,2,1,10.75,4.0,172.08,N
2,1,0,0,2,0,1,0.25,0,0.0,1,1.0,1,1,0.0,4,1,16.45,5.71,537.21,N
1,3,0,0,0,4,2,0.5,2,2.0,1,0.5,5,1,0.0,4,1,12.18,3.0,109.62,N
8,15,3,2,2,26,8,0.4,10,2.6,4,0.5,26,5,0.57,18,1,18.74,26.0,12669.33,N
5,3,3,0,0,4,2,0.12,2,2.0,2,1.0,9,1,0.0,17,1,21.41,11.11,2643.15,N
2,5,1,1,1,6,3,0.17,2,3.0,2,0.67,8,3,1.0,17,1,15.99,12.44,2476.9,N
5,7,3,0,0,10,4,0.2,4,2.5,3,0.75,17,3,0.67,20,1,18.34,19.5,6972.75,N
0,1,0,0,0,0,1,0.5,0,0.0,1,1.0,1,1,0.0,2,1,7.75,2.0,31.02,N
7,3,0,1,0,4,2,0.25,2,2.0,1,0.5,5,1,0.0,7,1,11.47,8.75,877.83,N
11,23,1,5,8,44,12,0.31,22,2.0,2,0.17,48,1,0.0,34,1,27.19,44.24,53214.67,N
5,1,0,0,0,0,1,1.0,0,0.0,1,1.0,1,1,0.0,1,1,0.0,0.0,0.0,N
1,5,1,0,0,6,3,0.19,2,3.0,2,0.67,8,3,1.0,16,1,18.11,10.83,2125.66,N
0,1,0,0,0,0,1,0.25,0,0.0,1,1.0,1,1,0.0,4,1,8.23,3.75,115.8,N
2,1,0,1,0,0,1,0.14,0,0.0,1,1.0,1,1,0.0,6,0,15.39,10.56,1716.57,N
4,5,3,0,0,6,3,0.21,2,3.0,2,0.67,12,1,0.0,14,0,29.04,10.58,3249.15,N
11,9,3,0,1,16,5,0.42,8,2.0,1,0.2,21,1,0.0,12,1,33.86,11.67,4608.33,N
4,1,2,0,0,0,1,0.1,0,0.0,1,1.0,3,1,0.0,10,0,29.93,8.88,2362.67,N
7,7,6,3,6,12,4,0.18,6,2.0,4,1.0,21,1,0.0,19,1,31.77,11.63,4293.21,N
0,3,2,0,0,4,2,0.22,2,2.0,2,1.0,8,1,0.0,9,0,29.95,3.0,269.58,N
0,1,1,0,0,0,1,0.25,0,0.0,1,1.0,2,1,0.0,4,0,15.74,5.71,513.85,N
0,3,1,0,0,6,2,0.5,2,3.0,2,1.0,5,1,0.0,4,0,10.58,5.4,308.4,N
15,5,4,0,3,6,3,0.23,2,3.0,3,1.0,16,1,0.0,13,0,35.25,13.42,6349.96,N
2,5,3,0,1,8,3,0.2,4,2.0,3,1.0,12,3,1.0,15,1,18.69,8.56,1368.13,N
3,9,4,0,1,16,5,0.45,6,2.67,3,0.6,18,4,0.75,11,1,17.34,11.9,2455.25,N
2,9,3,0,1,16,5,0.56,6,2.67,3,0.6,17,4,0.75,9,1,12.5,13.0,2112.7,N
4,7,1,0,3,10,4,0.33,4,2.5,2,0.5,14,3,0.67,12,1,17.71,23.0,9367.25,N
0,7,3,2,0,12,4,0.44,6,2.0,4,1.0,14,4,1.0,7,2,26.93,4.8,620.48,N
1,5,1,0,0,4,3,0.23,2,2.0,2,0.67,10,1,0.0,13,1,17.72,8.91,1406.67,N
1,10,2,2,0,10,6,0.27,4,2.5,3,0.5,20,6,1.0,20,3,20.33,20.54,8574.62,N
3,5,2,0,0,6,3,0.38,2,3.0,3,1.0,9,1,0.0,8,1,13.24,19.29,4925.8,N
1,1,2,0,0,0,1,0.09,0,0.0,1,1.0,3,1,0.0,11,1,34.52,9.82,3329.48,N
4,5,1,0,0,10,3,0.33,4,2.5,1,0.33,8,1,0.0,9,2,10.53,27.0,7675.23,N
0,3,1,0,0,4,2,0.33,2,2.0,1,0.5,7,1,0.0,6,3,9.79,14.3,2002.0,N
1,13,4,0,1,16,7,0.5,4,4.0,6,0.86,21,7,1.0,14,0,18.23,16.1,4724.35,N
0,1,0,0,0,0,1,1.0,0,0.0,1,1.0,1,1,0.0,0,0,0.0,0.0,0.0,N
0,3,0,0,0,4,2,0.33,2,2.0,1,0.5,6,1,0.0,6,2,9.25,8.0,592.07,N
0,3,0,0,0,4,2,0.4,2,2.0,1,0.5,5,1,0.0,5,3,9.87,5.63,312.22,N
0,1,0,0,0,0,1,0.25,0,0.0,1,1.0,1,1,0.0,4,3,16.5,4.0,264.0,N
0,3,0,0,0,4,2,0.2,2,2.0,1,0.5,6,1,0.0,10,2,10.05,12.5,1570.53,N
0,3,0,0,0,4,2,0.18,2,2.0,1,0.5,6,1,0.0,11,1,6.45,20.0,2578.55,N
0,3,0,0,0,4,2,0.67,2,2.0,1,0.5,5,1,0.0,3,3,11.39,3.5,139.52,N
5,3,2,0,0,0,2,0.15,0,0.0,2,1.0,9,1,0.0,13,2,15.26,13.81,2912.11,N
0,3,0,0,0,0,2,1.0,0,0.0,1,0.5,6,1,0.0,0,0,13.29,3.0,119.59,N
0,3,0,0,0,0,2,1.0,0,0.0,1,0.5,6,1,0.0,0,0,9.51,4.0,152.16,N
0,3,0,0,0,0,2,1.0,0,0.0,1,0.5,6,1,0.0,0,0,9.51,4.0,152.16,N
0,3,0,0,0,0,2,1.0,0,0.0,1,0.5,6,1,0.0,0,0,9.51,4.0,152.16,N
0,3,0,0,0,0,2,1.0,0,0.0,1,0.5,6,1,0.0,0,0,9.51,4.0,152.16,N
0,3,0,0,0,0,2,1.0,0,0.0,1,0.5,6,1,0.0,0,0,13.29,3.0,119.59,N
1,1,1,0,0,0,1,0.13,0,0.0,1,1.0,2,1,0.0,8,1,12.15,16.71,3395.18,N
1,5,1,0,0,0,3,0.2,0,0.0,1,0.33,9,3,1.0,15,1,28.29,26.03,19171.54,N
1,7,0,0,0,0,4,0.44,0,0.0,1,0.25,10,4,1.0,9,1,17.43,12.28,2628.09,N
0,3,0,0,0,0,2,0.4,0,0.0,1,0.5,5,1,0.0,5,2,16.21,4.2,286.08,N
0,5,4,0,0,0,3,0.25,0,0.0,3,1.0,14,1,0.0,12,1,15.41,8.17,1027.49,N
1,7,0,0,0,0,4,0.16,0,0.0,1,0.25,14,1,0.0,25,1,32.68,28.0,25622.15,N
1,9,1,0,0,0,5,0.28,0,0.0,2,0.4,22,1,0.0,18,4,17.34,20.09,7000.82,N
1,11,1,0,0,0,6,0.26,0,0.0,2,0.33,25,5,0.8,23,4,20.3,22.0,9823.92,N
4,24,3,10,1,0,16,0.22,0,0.0,5,0.31,49,1,0.0,63,1,39.65,70.65,197911.74,N
1,1,0,0,0,0,1,0.13,0,0.0,1,1.0,1,1,0.0,8,2,8.77,10.13,899.21,N
0,1,0,0,0,0,1,0.14,0,0.0,1,1.0,1,1,0.0,7,2,12.99,6.13,487.35,N
0,1,0,0,0,0,1,0.13,0,0.0,1,1.0,1,1,0.0,8,3,15.88,7.0,777.94,N
0,1,0,0,0,0,1,1.0,0,0.0,1,1.0,1,1,0.0,0,0,0.0,0.0,0.0,N
8,1,3,0,0,0,1,0.04,0,0.0,1,1.0,4,1,0.0,25,1,22.57,32.79,24261.43,N
6,5,1,1,4,8,3,0.25,4,2.0,1,0.33,11,1,0.0,11,1,12.3,29.0,10341.88,N
2,1,1,0,0,0,1,0.14,0,0.0,1,1.0,2,1,0.0,7,0,9.86,12.0,1419.65,N
10,25,4,0,5,48,13,0.33,24,2.0,6,0.46,56,1,0.0,40,2,21.29,46.67,46370.6,N
31,28,5,1,6,28,19,0.23,12,2.33,12,0.63,65,4,0.17,82,1,30.56,55.32,93527.72,N
0,1,0,0,0,0,1,1.0,0,0.0,1,1.0,1,1,0.0,0,0,0.0,0.0,0.0,N
9,9,1,3,3,0,5,0.42,0,0.0,2,0.4,17,1,0.0,9,1,16.62,25.33,10668.04,N
8,9,0,0,10,0,5,0.42,0,0.0,1,0.2,13,5,1.0,12,2,12.68,22.22,6261.4,N
0,1,0,0,1,0,1,0.5,0,0.0,1,1.0,1,1,0.0,2,1,8.0,3.0,72.0,N
0,3,0,0,0,0,2,0.4,0,0.0,1,0.5,6,1,0.0,5,1,13.47,15.0,3030.7,N
3,5,1,0,0,0,3,0.3,0,0.0,1,0.33,10,1,0.0,10,0,17.36,24.54,10456.24,N
0,1,0,0,0,0,1,0.5,0,0.0,1,1.0,1,1,0.0,2,2,5.33,1.5,12.0,N
0,1,0,0,0,0,1,1.0,0,0.0,1,1.0,1,1,0.0,0,0,0.0,0.0,0.0,N
4,5,0,0,1,0,3,0.38,0,0.0,1,0.33,10,1,0.0,8,2,13.87,8.25,944.2,N
0,1,0,0,1,0,1,0.5,0,0.0,1,1.0,1,1,0.0,2,1,8.0,3.0,72.0,N
16,8,12,6,10,0,5,0.1,0,0.0,5,1.0,25,1,0.0,46,0,51.13,18.63,17749.77,N
0,1,1,0,0,0,1,0.1,0,0.0,1,1.0,5,1,0.0,10,0,44.27,4.62,943.04,N
4,8,0,7,0,0,7,0.41,0,0.0,1,0.14,15,1,0.0,10,3,11.6,31.21,11297.51,N
4,8,0,7,0,0,7,0.41,0,0.0,1,0.14,15,1,0.0,10,3,11.6,31.21,11297.51,N
4,8,0,7,0,0,7,0.41,0,0.0,1,0.14,15,1,0.0,10,3,11.6,31.21,11297.51,N
7,33,2,14,26,0,17,0.17,0,0.0,7,0.41,60,6,0.31,86,1,28.06,80.83,183341.27,N
13,8,2,2,4,0,6,0.15,0,0.0,2,0.33,17,1,0.0,38,1,27.09,32.81,29158.95,N
10,19,4,6,7,0,11,0.24,0,0.0,5,0.45,34,3,0.2,39,1,18.57,60.0,66844.92,N
16,33,4,16,11,0,21,0.21,0,0.0,12,0.57,72,1,0.0,84,2,22.65,104.25,246186.04,N
1,3,1,0,0,0,2,0.22,0,0.0,2,1.0,9,1,0.0,9,1,15.43,14.95,3448.99,N
1,3,0,0,0,0,2,0.22,0,0.0,1,0.5,5,1,0.0,9,2,7.33,16.0,1875.31,N
0,1,1,1,0,0,1,0.33,0,0.0,1,1.0,2,1,0.0,2,0,9.05,2.0,36.19,N
20,1,4,6,2,0,1,0.1,0,0.0,1,1.0,5,1,0.0,4,1,32.9,2.78,253.82,N
20,1,4,6,2,0,1,0.1,0,0.0,1,1.0,5,1,0.0,4,1,32.9,2.78,253.82,N
75,1,3,4,36,0,1,0.14,0,0.0,1,1.0,4,1,0.0,3,2,33.3,2.0,133.22,N
75,1,3,4,36,0,1,0.14,0,0.0,1,1.0,4,1,0.0,3,2,33.3,2.0,133.22,N
4,5,0,0,10,0,3,0.38,0,0.0,1,0.33,11,1,0.0,8,0,19.97,6.61,872.67,N
1,19,3,0,0,0,10,0.77,0,0.0,5,0.5,35,6,0.56,13,3,19.75,20.46,8269.85,N
6,7,2,2,7,0,4,0.15,0,0.0,2,0.5,17,1,0.0,25,0,21.41,20.0,8562.11,N
4,20,8,2,2,0,12,0.27,0,0.0,5,0.42,48,1,0.0,42,0,50.06,26.9,36231.7,N
4,11,4,0,3,0,6,0.25,0,0.0,4,0.67,22,4,0.6,24,2,26.34,18.81,9323.4,N
15,11,4,0,0,20,6,0.33,10,2.0,5,0.83,28,1,0.0,18,0,26.43,17.45,8053.59,N
16,13,4,0,1,24,7,0.37,12,2.0,6,0.86,31,6,0.83,19,0,28.97,19.29,10774.31,N
2,3,1,0,1,0,2,0.29,0,0.0,2,1.0,5,1,0.0,7,3,17.79,5.63,562.94,N
1,3,2,0,0,4,2,0.17,2,2.0,2,1.0,7,1,0.0,12,1,36.8,7.33,1979.11,N
4,3,2,0,0,4,2,0.22,2,2.0,2,1.0,6,1,0.0,9,1,16.18,6.43,668.57,N
2,5,3,0,3,8,3,0.3,4,2.0,3,1.0,11,1,0.0,10,0,33.36,3.5,408.65,N
0,1,0,0,0,0,1,0.33,0,0.0,1,1.0,1,1,0.0,3,0,17.27,2.5,107.96,N
0,5,1,0,0,8,3,0.19,4,2.0,2,0.67,11,1,0.0,16,2,20.38,15.68,5012.38,N
17,35,3,0,0,48,22,0.48,24,2.0,20,0.91,63,1,0.0,46,0,35.98,41.03,60570.79,N
24,21,5,7,19,40,11,0.19,20,2.0,5,0.45,45,1,0.0,52,0,55.47,20.81,24023.97,N
23,19,5,7,16,36,10,0.21,18,2.0,5,0.5,40,1,0.0,41,0,47.86,19.04,17351.18,N
0,1,0,0,0,0,1,1.0,0,0.0,1,1.0,1,1,0.0,0,0,0.0,0.0,0.0,N
0,3,1,0,0,4,2,0.2,2,2.0,2,1.0,6,1,0.0,10,1,16.8,6.43,694.29,N
1,3,1,0,0,4,2,0.29,2,2.0,2,1.0,5,1,0.0,7,1,20.79,7.5,1169.17,N
1,3,2,0,0,4,2,0.25,2,2.0,2,1.0,6,1,0.0,8,1,19.98,10.23,2091.78,N
2,3,1,0,0,4,2,0.4,2,2.0,2,1.0,5,1,0.0,5,0,9.88,5.25,272.43,N
1,3,0,0,0,4,2,0.4,2,2.0,1,0.5,6,1,0.0,5,0,15.23,5.0,380.74,N
1,3,2,0,0,4,2,0.25,2,2.0,2,1.0,6,1,0.0,8,1,20.45,10.23,2140.43,N
10,5,10,2,4,8,3,0.08,4,2.0,2,0.67,21,1,0.0,35,1,52.91,18.67,18434.83,N
1,5,1,0,0,8,3,0.25,4,2.0,2,0.67,11,1,0.0,12,0,9.52,10.8,1110.22,N
1,1,1,0,5,0,1,0.14,0,0.0,1,1.0,4,1,0.0,7,0,14.02,9.75,1333.23,N
19,43,11,3,8,52,27,0.18,24,2.17,21,0.78,113,11,0.38,145,0,82.59,47.25,184399.83,N
0,1,0,0,0,0,1,1.0,0,0.0,1,1.0,1,1,0.0,1,0,0.0,0.0,0.0,N
0,1,2,0,1,0,1,0.25,0,0.0,1,1.0,3,1,0.0,4,0,15.03,6.4,615.75,N
3,7,2,1,2,12,4,0.31,6,2.0,2,0.5,16,1,0.0,12,0,16.48,18.75,5795.02,N
0,1,0,0,5,0,1,1.0,0,0.0,1,1.0,1,1,0.0,1,0,0.0,0.0,0.0,N
0,1,1,0,0,0,1,0.33,0,0.0,1,1.0,3,1,0.0,3,0,11.63,2.0,46.53,N
0,1,0,0,1,0,1,1.0,0,0.0,1,1.0,1,1,0.0,1,0,0.0,0.0,0.0,N
0,1,1,1,1,0,1,0.5,0,0.0,1,1.0,2,1,0.0,1,0,12.85,3.5,157.4,N
0,3,1,0,0,4,2,0.33,2,2.0,2,1.0,5,1,0.0,6,1,18.96,7.64,1105.39,N
1,3,0,0,0,4,2,0.4,2,2.0,1,0.5,6,1,0.0,5,1,7.62,8.0,487.55,N
3,3,1,0,1,4,2,0.17,2,2.0,1,0.5,8,1,0.0,12,0,15.49,22.5,7840.29,N
13,19,4,1,17,32,10,0.26,12,2.67,6,0.6,45,8,0.78,37,3,64.06,30.39,59183.26,N
0,3,0,0,0,4,2,0.5,2,2.0,1,0.5,5,1,0.0,4,3,10.75,4.0,172.08,N
0,3,1,0,9,4,2,0.29,2,2.0,1,0.5,6,1,0.0,7,3,9.82,11.0,1188.0,N
0,1,0,0,0,0,1,0.5,0,0.0,1,1.0,1,1,0.0,2,1,7.75,2.0,31.02,N
1,1,1,0,0,0,1,0.25,0,0.0,1,1.0,2,1,0.0,4,1,10.3,4.0,164.84,N
9,7,1,0,0,10,4,0.21,4,2.5,2,0.5,13,1,0.0,19,1,11.75,19.5,4466.71,N
0,12,1,3,0,14,7,0.44,6,2.33,2,0.29,19,5,0.67,13,2,22.03,12.0,3172.85,N
0,1,1,0,0,0,1,0.33,0,0.0,1,1.0,2,1,0.0,3,1,9.51,4.0,152.16,N
0,1,1,0,0,0,1,0.2,0,0.0,1,1.0,2,1,0.0,5,1,14.5,6.3,575.67,N
0,3,2,0,0,4,2,0.4,2,2.0,2,1.0,6,1,0.0,5,1,10.68,4.67,232.53,N
3,26,2,4,1,32,14,0.34,10,3.2,5,0.36,42,9,0.62,37,1,26.59,44.0,51485.85,N
0,1,0,0,0,0,1,0.25,0,0.0,1,1.0,1,1,0.0,4,1,9.34,6.67,415.13,N
0,3,1,4,4,4,2,0.22,2,2.0,1,0.5,7,1,0.0,5,1,7.45,31.17,7238.42,N
6,10,3,1,4,10,6,0.22,4,2.5,5,0.83,19,1,0.0,26,1,21.63,27.75,16653.5,N
1,9,3,4,0,8,6,0.18,4,2.0,4,0.67,19,3,0.4,30,1,19.74,33.0,21496.55,N
2,3,2,5,9,4,2,0.17,2,2.0,1,0.5,7,1,0.0,7,1,12.8,14.86,2825.31,N
2,7,1,0,0,12,4,0.36,6,2.0,2,0.5,13,1,0.0,11,1,10.18,16.5,2771.94,N
1,3,1,0,0,4,2,0.5,2,2.0,2,1.0,5,1,0.0,4,1,8.65,8.0,553.51,N
5,7,2,1,4,12,4,0.36,6,2.0,2,0.5,15,1,0.0,10,1,19.92,15.0,4481.73,N
7,26,11,4,5,30,16,0.19,12,2.5,12,0.75,57,8,0.47,81,1,41.54,53.56,119157.6,N
2,11,0,1,1,18,6,0.55,8,2.25,1,0.17,19,5,0.8,10,3,7.63,28.8,6324.94,N
1,1,1,1,5,0,1,0.08,0,0.0,1,1.0,2,1,0.0,11,2,22.1,14.57,4692.33,N
1,3,1,0,0,4,2,0.17,2,2.0,1,0.5,7,1,0.0,12,2,18.37,25.65,12086.9,N
0,5,3,1,0,6,3,0.14,2,3.0,2,0.67,10,3,1.0,21,2,22.1,30.64,20753.19,N
1,3,1,1,19,4,2,0.09,2,2.0,1,0.5,6,1,0.0,21,2,27.56,24.75,16880.93,N
1,3,1,0,0,4,2,0.15,2,2.0,1,0.5,6,1,0.0,13,2,16.75,23.0,8858.36,N
1,7,0,2,0,10,4,0.44,4,2.5,1,0.25,11,3,0.67,7,1,11.77,13.81,2245.01,N
7,5,4,1,10,8,3,0.14,4,2.0,3,1.0,14,1,0.0,21,0,37.4,17.11,10951.11,N
1,1,0,1,0,0,1,0.33,0,0.0,1,1.0,1,1,0.0,2,1,9.05,2.0,36.19,N
0,1,1,0,0,0,1,0.5,0,0.0,1,1.0,2,1,0.0,2,1,5.89,7.0,288.46,N
17,5,4,2,28,8,3,0.05,4,2.0,2,0.67,13,1,0.0,62,0,76.19,36.75,102930.76,N
1,1,1,0,0,0,1,0.2,0,0.0,1,1.0,3,1,0.0,5,0,9.88,7.0,484.32,N
0,3,0,0,0,4,2,0.5,2,2.0,1,0.5,5,1,0.0,4,1,3.4,22.5,1719.1,N
4,5,1,0,8,8,3,0.16,4,2.0,1,0.33,11,1,0.0,19,0,35.24,18.0,11416.47,N
1,1,0,0,4,4,1,0.14,2,2.0,1,1.0,1,1,0.0,7,0,12.14,6.4,497.34,N
0,1,0,0,0,0,1,1.0,0,0.0,1,1.0,1,1,0.0,0,0,0.0,0.0,0.0,N
21,11,3,0,58,20,6,0.12,10,2.0,2,0.33,30,1,0.0,51,1,43.73,22.81,22757.22,N
16,11,4,0,14,20,6,0.23,10,2.0,1,0.17,26,1,0.0,26,0,35.17,22.8,18281.28,N
1,7,0,1,1,10,4,0.31,4,2.5,1,0.25,12,3,0.67,12,1,14.06,11.92,1997.07,N
26,31,10,3,23,58,16,0.17,28,2.07,11,0.69,71,4,0.2,89,2,52.69,67.41,239416.59,N
1,7,0,0,0,12,4,0.24,6,2.0,1,0.25,14,1,0.0,17,1,15.86,20.63,6746.24,N
13,11,2,1,0,20,6,0.25,10,2.0,2,0.33,24,1,0.0,23,2,14.74,29.17,12541.67,N
6,5,2,0,0,8,3,0.33,4,2.0,3,1.0,10,1,0.0,9,1,24.93,11.5,3297.36,N
3,1,1,0,0,0,1,0.06,0,0.0,1,1.0,2,1,0.0,16,0,17.75,22.79,9216.43,N
0,13,0,1,2,24,7,0.7,12,2.0,1,0.14,31,1,0.0,9,0,13.5,17.0,3900.44,N
13,19,2,3,13,34,10,0.2,16,2.13,4,0.4,38,1,0.0,48,0,37.58,27.77,28975.86,N
7,5,4,1,41,8,3,0.3,4,2.0,3,1.0,13,1,0.0,9,0,46.31,7.38,2523.1,N
1,1,0,0,0,0,1,0.13,0,0.0,1,1.0,1,1,0.0,8,2,12.08,11.0,1461.18,N
5,11,7,0,18,20,6,0.21,10,2.0,5,0.83,25,1,0.0,28,0,37.83,11.63,5117.89,N
5,5,0,3,1,8,3,0.14,4,2.0,1,0.33,10,1,0.0,19,1,16.3,23.33,8879.54,N
0,3,0,0,0,4,2,1.0,2,2.0,1,0.5,6,1,0.0,2,2,5.0,6.0,180.0,N
0,1,0,0,0,0,1,1.0,0,0.0,1,1.0,1,1,0.0,0,0,0.0,0.0,0.0,N
2,9,2,0,0,0,5,0.42,0,0.0,4,0.8,21,1,0.0,12,0,17.51,14.17,3513.33,N
1,1,1,0,0,0,1,0.2,0,0.0,1,1.0,2,1,0.0,5,0,14.98,6.0,539.15,N
1,3,1,0,0,0,2,0.29,0,0.0,2,1.0,6,1,0.0,7,0,13.87,8.25,944.2,N
0,1,1,0,0,0,1,0.25,0,0.0,1,1.0,2,1,0.0,4,0,11.84,5.63,374.67,N
1,1,1,0,0,0,1,0.1,0,0.0,1,1.0,2,1,0.0,10,0,17.14,5.83,583.33,N
1,7,2,0,0,0,4,0.4,0,0.0,3,0.75,16,1,0.0,10,0,17.72,10.83,2080.0,N
1,9,2,0,0,0,5,0.42,0,0.0,4,0.8,21,1,0.0,12,0,17.51,14.17,3513.33,N
0,3,1,0,0,0,2,0.29,0,0.0,1,0.5,6,1,0.0,7,0,20.44,6.86,961.25,N
0,3,1,0,0,0,2,0.29,0,0.0,1,0.5,6,1,0.0,7,0,19.99,4.0,319.82,N
0,3,1,0,0,0,2,0.29,0,0.0,1,0.5,6,1,0.0,7,0,16.92,4.5,342.66,N
0,20,6,0,0,0,13,0.36,0,0.0,6,0.46,40,12,0.92,36,0,34.83,19.0,12571.87,N
1,3,1,0,0,0,2,0.33,0,0.0,1,0.5,6,1,0.0,6,0,16.07,4.5,325.53,N
0,5,2,0,0,0,3,0.3,0,0.0,2,0.67,11,1,0.0,10,0,22.52,9.75,2141.25,N
1,9,2,0,0,0,5,0.42,0,0.0,4,0.8,21,1,0.0,12,0,17.51,14.17,3513.33,N
1,7,2,0,0,0,4,0.4,0,0.0,3,0.75,16,1,0.0,10,0,17.72,10.83,2080.0,N
1,5,2,0,0,0,3,0.38,0,0.0,2,0.67,11,1,0.0,8,0,18.13,7.5,1020.0,N
1,5,1,0,0,0,3,0.38,0,0.0,2,0.67,11,1,0.0,8,0,14.76,9.0,1195.51,N
1,3,1,0,0,4,2,0.5,2,2.0,1,0.5,6,1,0.0,4,0,16.07,4.5,325.53,N
1,3,1,0,0,4,2,0.5,2,2.0,1,0.5,6,1,0.0,4,0,16.07,4.5,325.53,N
2,4,2,0,0,0,3,0.27,0,0.0,3,1.0,8,1,0.0,11,0,14.48,12.83,2384.98,N
15,15,3,0,0,20,9,0.3,10,2.0,6,0.67,32,1,0.0,30,0,18.12,36.75,24470.36,N
3,7,2,0,0,12,4,0.33,6,2.0,2,0.5,14,1,0.0,12,0,13.06,15.94,3316.34,N
1,7,1,0,0,0,4,0.5,0,0.0,3,0.75,16,1,0.0,8,0,14.27,14.3,2917.2,N
8,17,5,4,4,0,10,0.37,0,0.0,6,0.6,38,1,0.0,23,0,26.68,23.54,14784.08,N
1,11,1,0,0,0,6,0.5,0,0.0,5,0.83,26,1,0.0,12,0,14.03,23.1,7484.4,N
1,3,1,0,0,0,2,0.5,0,0.0,1,0.5,6,1,0.0,4,0,16.65,4.0,266.43,N
1,9,2,4,0,0,1,0.07,0,0.0,1,1.0,21,1,0.0,11,0,16.51,16.67,4584.96,N
1,9,4,0,0,0,5,0.5,0,0.0,4,0.8,21,1,0.0,10,0,23.26,11.69,3177.45,N
0,7,2,0,0,0,4,0.36,0,0.0,3,0.75,16,1,0.0,11,0,18.18,11.92,2581.57,N
1,11,2,0,0,0,6,0.5,0,0.0,5,0.83,26,1,0.0,12,0,17.37,17.5,5320.0,N
1,5,2,0,0,0,3,0.5,0,0.0,2,0.67,11,1,0.0,6,0,17.34,8.25,1180.25,N
1,3,1,0,0,0,2,0.5,0,0.0,1,0.5,6,1,0.0,4,0,16.07,4.5,325.53,N
1,7,1,0,0,0,4,0.5,0,0.0,3,0.75,16,1,0.0,8,0,14.27,14.3,2917.2,N
1,5,2,0,0,0,3,0.5,0,0.0,2,0.67,11,1,0.0,6,0,17.34,8.25,1180.25,N
1,5,2,0,0,0,3,0.43,0,0.0,2,0.67,11,1,0.0,7,0,20.26,8.64,1513.68,N
1,7,3,0,0,0,4,0.5,0,0.0,3,0.75,16,1,0.0,8,0,21.13,9.29,1821.84,N
1,7,2,0,0,0,4,0.5,0,0.0,3,0.75,16,1,0.0,8,0,17.15,11.92,2435.45,N
9,17,4,3,4,0,10,0.32,0,0.0,7,0.7,38,1,0.0,28,0,23.15,29.25,19806.66,N
1,5,2,0,0,0,3,0.5,0,0.0,2,0.67,11,1,0.0,6,0,18.13,7.5,1020.0,N
1,7,3,0,0,0,4,0.5,0,0.0,3,0.75,16,1,0.0,8,0,20.0,10.21,2087.05,N
4,25,7,1,0,0,13,0.45,0,0.0,12,0.92,61,1,0.0,28,0,42.71,21.6,19924.88,N
1,9,3,0,0,0,5,0.5,0,0.0,4,0.8,21,1,0.0,10,0,20.87,12.14,3077.28,N
1,5,2,0,0,0,3,0.5,0,0.0,2,0.67,11,1,0.0,6,0,18.13,7.5,1020.0,N
1,5,2,0,0,0,3,0.5,0,0.0,2,0.67,11,1,0.0,6,0,18.13,7.5,1020.0,N
1,5,2,0,0,0,3,0.5,0,0.0,2,0.67,11,1,0.0,6,0,18.13,7.5,1020.0,N
1,7,3,0,0,0,4,0.44,0,0.0,3,0.75,16,1,0.0,9,0,27.11,10.2,2820.14,N
1,5,2,0,0,0,3,0.5,0,0.0,2,0.67,11,1,0.0,6,0,18.13,7.5,1020.0,N
2,7,3,0,0,0,4,0.5,0,0.0,3,0.75,16,1,0.0,8,0,20.0,10.21,2087.05,N
1,15,6,0,0,0,8,0.44,0,0.0,7,0.88,36,1,0.0,18,0,34.01,17.0,9828.62,N
2,7,3,0,0,0,4,0.5,0,0.0,3,0.75,16,1,0.0,8,0,20.0,10.21,2087.05,N
2,17,4,2,0,0,9,0.45,0,0.0,6,0.67,37,9,1.0,18,0,24.69,20.15,10026.48,N
2,23,2,0,0,0,12,0.5,0,0.0,11,0.92,56,1,0.0,24,0,16.85,41.25,28663.33,N
2,9,3,0,0,0,5,0.5,0,0.0,4,0.8,21,1,0.0,10,0,19.67,13.36,3508.99,N
3,9,3,0,0,0,5,0.5,0,0.0,4,0.8,21,1,0.0,10,0,19.98,13.36,3564.69,N
3,11,4,0,0,0,6,0.46,0,0.0,5,0.83,26,1,0.0,13,0,26.14,14.06,5163.5,N
1,11,4,0,0,0,6,0.5,0,0.0,5,0.83,26,1,0.0,12,0,22.95,14.44,4783.7,N
1,5,2,0,0,0,3,0.5,0,0.0,2,0.67,11,1,0.0,6,0,18.13,7.5,1020.0,N
1,7,3,0,0,0,4,0.5,0,0.0,3,0.75,16,1,0.0,8,0,20.0,10.21,2087.05,N
1,17,5,0,0,0,9,0.45,0,0.0,8,0.89,41,1,0.0,20,0,31.13,20.58,13190.87,N
1,7,3,0,0,0,4,0.4,0,0.0,3,0.75,16,1,0.0,10,0,21.62,13.0,3654.41,N
1,11,4,0,0,0,6,0.5,0,0.0,5,0.83,26,1,0.0,12,0,22.66,14.44,4722.37,N
1,5,2,0,0,0,3,0.5,0,0.0,2,0.67,11,1,0.0,6,0,18.13,7.5,1020.0,N
3,9,4,0,0,0,5,0.5,0,0.0,4,0.8,21,1,0.0,10,0,22.9,11.69,3127.8,N
3,9,4,0,0,0,5,0.5,0,0.0,4,0.8,21,1,0.0,10,0,22.9,11.69,3127.8,N
1,5,2,0,0,0,3,0.5,0,0.0,2,0.67,11,1,0.0,6,0,18.13,7.5,1020.0,N
1,7,2,0,0,0,4,0.33,0,0.0,3,0.75,16,1,0.0,12,0,22.77,11.56,3040.34,N
1,7,3,0,0,0,4,0.36,0,0.0,3,0.75,16,1,0.0,11,0,25.52,11.7,3493.09,N
2,5,2,0,0,0,3,0.5,0,0.0,2,0.67,11,1,0.0,6,0,18.13,7.5,1020.0,N
2,5,2,0,0,0,3,0.5,0,0.0,2,0.67,11,1,0.0,6,0,18.13,7.5,1020.0,N
1,7,3,0,0,0,4,0.5,0,0.0,3,0.75,16,1,0.0,8,0,20.0,10.21,2087.05,N
5,23,5,0,1,0,12,0.43,0,0.0,11,0.92,54,10,0.82,28,0,23.38,30.33,21507.84,N
1,9,3,0,0,0,5,0.5,0,0.0,4,0.8,21,1,0.0,10,0,20.29,13.36,3620.39,N
1,5,2,0,0,0,3,0.5,0,0.0,2,0.67,11,1,0.0,6,0,18.13,7.5,1020.0,N
1,5,2,0,0,0,3,0.5,0,0.0,2,0.67,11,1,0.0,6,0,18.13,7.5,1020.0,N
1,3,1,0,0,0,2,0.5,0,0.0,1,0.5,6,1,0.0,4,0,15.63,5.0,390.69,N
1,19,5,0,0,0,10,0.48,0,0.0,9,0.9,46,1,0.0,21,0,26.8,22.8,13929.48,N
1,5,2,0,0,0,3,0.5,0,0.0,2,0.67,11,1,0.0,6,0,17.34,8.25,1180.25,N
1,5,2,0,0,0,3,0.5,0,0.0,2,0.67,11,1,0.0,6,0,17.34,8.25,1180.25,N
7,17,6,7,0,0,9,0.39,0,0.0,7,0.78,38,7,0.75,16,0,27.48,21.35,12519.46,N
1,9,2,0,0,0,5,0.5,0,0.0,4,0.8,21,1,0.0,10,0,17.05,15.58,4140.26,N
2,5,2,0,0,0,3,0.43,0,0.0,2,0.67,11,1,0.0,7,0,20.95,8.25,1426.24,N
2,9,2,0,0,0,5,0.5,0,0.0,4,0.8,21,1,0.0,10,0,17.51,14.17,3513.33,N
0,31,5,0,0,0,16,0.33,0,0.0,15,0.94,76,1,0.0,48,0,32.38,34.36,38239.73,N
1,7,1,0,0,0,4,0.5,0,0.0,3,0.75,16,1,0.0,8,0,14.43,13.0,2437.9,N
1,5,2,0,0,0,3,0.43,0,0.0,2,0.67,11,1,0.0,7,0,19.33,8.57,1420.02,N
12,13,2,3,11,0,7,0.22,0,0.0,5,0.71,37,7,1.0,29,0,21.47,27.69,16463.18,N
1,19,6,0,4,0,10,0.5,0,0.0,9,0.9,46,1,0.0,20,0,29.14,20.35,12066.79,N
1,5,2,0,0,0,3,0.5,0,0.0,2,0.67,11,1,0.0,6,0,18.13,7.5,1020.0,N
1,7,2,0,0,0,4,0.5,0,0.0,3,0.75,16,1,0.0,8,0,17.15,11.92,2435.45,N
1,13,3,0,0,0,7,0.47,0,0.0,6,0.86,31,1,0.0,15,0,21.28,19.5,8090.65,N
2,40,11,0,1,0,26,0.39,0,0.0,13,0.5,80,26,1.0,67,0,44.63,34.32,52562.96,N
1,19,3,0,0,0,10,0.48,0,0.0,9,0.9,46,1,0.0,21,0,24.5,26.0,16559.04,N
1,9,2,0,0,0,5,0.5,0,0.0,4,0.8,21,1,0.0,10,0,17.51,14.17,3513.33,N
1,9,1,0,0,0,5,0.5,0,0.0,4,0.8,21,1,0.0,10,0,14.25,17.0,4117.85,N
2,5,2,0,0,0,3,0.43,0,0.0,2,0.67,11,1,0.0,7,0,18.58,9.43,1651.29,N
0,1,0,0,0,0,1,1.0,0,0.0,1,1.0,1,1,0.0,0,0,0.0,0.0,0.0,N
37,1,10,0,7,0,1,0.01,0,0.0,1,1.0,107,1,0.0,107,0,1028.47,10.4,111346.25,N
0,1,1,0,0,0,1,0.14,0,0.0,1,1.0,2,1,0.0,7,2,9.38,17.33,2818.28,N
1,3,0,0,0,4,2,0.11,2,2.0,1,0.5,7,1,0.0,19,3,14.66,45.5,30339.54,N
0,1,0,0,0,0,1,0.08,0,0.0,1,1.0,1,1,0.0,12,2,7.87,22.0,3810.23,N
0,1,1,0,0,0,1,0.07,0,0.0,1,1.0,2,1,0.0,14,2,9.51,36.0,12329.41,N
1,3,0,0,0,4,2,0.29,2,2.0,1,0.5,7,1,0.0,7,0,12.05,11.9,1706.44,N
0,3,0,0,0,4,2,0.29,2,2.0,1,0.5,7,1,0.0,7,3,12.05,11.9,1706.44,N
0,3,0,0,0,4,2,0.33,2,2.0,1,0.5,7,1,0.0,6,3,11.82,9.1,978.69,N
0,1,1,0,0,0,1,0.07,0,0.0,1,1.0,2,1,0.0,15,2,9.39,38.67,14045.29,N
1,3,1,0,0,4,2,0.4,2,2.0,2,1.0,7,1,0.0,5,3,11.52,8.33,800.0,N
1,1,0,0,0,0,1,0.05,0,0.0,1,1.0,1,1,0.0,19,2,10.42,45.0,21097.27,N
